account_id,customer_id,account_type,balance,status
A00001,C06589,Savings,650733.11,Active
A00002,C09314,Current,954648.86,Active
A00003,C03172,Investment,271719.07,Active
A00004,C01415,Investment,4878.33,Active
A00005,C03775,Savings,662386.67,Active
A00006,C05763,Current,130376.74,Active
A00007,C07469,Savings,703755.73,Active
A00008,C00500,Savings,960202.94,Active
A00009,C04380,Investment,340260.71,Active
A00010,C02111,Current,805256.41,Active
A00011,C02001,Savings,610450.16,Active
A00012,C05484,Savings,901066.61,Active
A00013,C05427,Investment,995853.55,Inactive
A00014,C00378,Investment,929817.92,Inactive
A00015,C08455,Current,16919.66,Active
A00016,C04720,Investment,29651.24,Active
A00017,C02981,Current,13780.93,Active
A00018,C04923,Current,264226.52,Closed
A00019,C06540,Investment,979750.52,Closed
A00020,C00683,Investment,579992.24,Active
A00021,C01367,Investment,503173.78,Active
A00022,C08275,Current,436215.94,Closed
A00023,C04254,Savings,36241.88,Inactive
A00024,C05395,Investment,841156.63,Active
A00025,C02205,Savings,515308.51,Active
A00026,C08334,Investment,443354.71,Inactive
A00027,C05695,Current,697559.70,Inactive
A00028,C03894,Savings,206797.58,Active
A00029,C00860,Current,647507.17,Inactive
A00030,C02262,Investment,24007.07,Active
A00031,C01601,Investment,868268.02,Active
A00032,C00150,Current,482512.41,Active
A00033,C07328,Savings,753911.67,Active
A00034,C03512,Investment,17659.65,Active
A00035,C04201,Investment,587276.56,Closed
A00036,C05287,Investment,246645.99,Active
A00037,C09332,Current,308731.67,Active
A00038,C02000,Current,460141.84,Active
A00039,C00783,Current,234125.08,Active
A00040,C09189,Savings,588935.43,Inactive
A00041,C06699,Current,215837.81,Active
A00042,C09248,Current,728984.14,Active
A00043,C06453,Current,8818.71,Active
A00044,C08365,Investment,404608.09,Active
A00045,C06781,Current,380617.85,Active
A00046,C09716,Savings,368192.40,Active
A00047,C08763,Investment,186385.73,Inactive
A00048,C08611,Savings,717187.24,Inactive
A00049,C01816,Investment,219115.46,Active
A00050,C03436,Savings,437352.80,Active
A00051,C05618,Current,535642.65,Active
A00052,C06921,Current,906741.27,Active
A00053,C08232,Savings,611201.03,Active
A00054,C05308,Investment,219592.07,Closed
A00055,C04600,Investment,326128.33,Active
A00056,C05485,Savings,80270.07,Active
A00057,C03288,Savings,937690.65,Active
A00058,C05647,Investment,787504.31,Active
A00059,C02600,Investment,700320.20,Active
A00060,C08806,Investment,457896.65,Active
A00061,C01055,Investment,636477.40,Closed
A00062,C06321,Investment,887435.26,Inactive
A00063,C07022,Current,323907.31,Active
A00064,C01931,Investment,619199.82,Active
A00065,C05483,Savings,268952.60,Active
A00066,C05215,Savings,767735.63,Active
A00067,C07141,Current,886833.86,Active
A00068,C07219,Investment,599252.91,Active
A00069,C00131,Savings,566158.80,Active
A00070,C08263,Savings,61964.53,Active
A00071,C03141,Savings,86775.63,Active
A00072,C09431,Current,652555.47,Active
A00073,C04601,Savings,127126.45,Active
A00074,C08872,Investment,215751.53,Active
A00075,C09834,Savings,480117.76,Active
A00076,C00800,Investment,628801.09,Active
A00077,C07142,Investment,694463.68,Closed
A00078,C08293,Savings,275319.71,Active
A00079,C03221,Current,553995.23,Active
A00080,C05467,Savings,439194.94,Active
A00081,C08635,Current,400844.88,Active
A00082,C01710,Current,326969.71,Active
A00083,C00259,Current,245803.35,Active
A00084,C06439,Savings,615439.20,Active
A00085,C04380,Investment,824870.71,Active
A00086,C02258,Current,136896.99,Active
A00087,C03379,Current,925253.64,Inactive
A00088,C04898,Investment,573812.20,Active
A00089,C02510,Investment,531184.90,Closed
A00090,C06698,Current,739146.98,Inactive
A00091,C02516,Investment,365066.33,Active
A00092,C01401,Current,969880.13,Active
A00093,C03564,Investment,246654.25,Active
A00094,C08145,Current,340843.92,Active
A00095,C02274,Savings,914271.65,Active
A00096,C06829,Current,218326.58,Active
A00097,C06516,Current,641706.38,Active
A00098,C06479,Savings,446365.22,Active
A00099,C00367,Current,830305.87,Active
A00100,C09218,Investment,569948.47,Active
A00101,C08272,Savings,456628.74,Active
A00102,C01123,Savings,573014.04,Active
A00103,C04898,Savings,793671.98,Active
A00104,C02707,Current,206802.65,Active
A00105,C04516,Investment,541956.17,Active
A00106,C04007,Investment,780842.91,Active
A00107,C09345,Current,272841.19,Active
A00108,C05743,Current,780351.83,Active
A00109,C00602,Current,19723.31,Active
A00110,C04315,Investment,793997.72,Active
A00111,C05013,Savings,984006.52,Active
A00112,C07713,Investment,493136.56,Active
A00113,C06727,Investment,175546.62,Active
A00114,C00044,Investment,266365.86,Active
A00115,C00881,Current,405510.42,Inactive
A00116,C03949,Current,865263.81,Active
A00117,C05898,Investment,464349.06,Active
A00118,C00835,Investment,48690.94,Active
A00119,C05457,Investment,253008.87,Active
A00120,C03748,Current,614947.00,Active
A00121,C01176,Investment,263152.53,Active
A00122,C02188,Savings,353045.22,Active
A00123,C08200,Current,401889.57,Active
A00124,C05614,Current,648509.63,Active
A00125,C07993,Current,96135.45,Active
A00126,C06130,Current,214782.68,Active
A00127,C02485,Savings,860842.71,Active
A00128,C06110,Current,553135.00,Active
A00129,C09537,Current,486498.43,Active
A00130,C07993,Current,928038.08,Active
A00131,C06698,Current,45267.00,Active
A00132,C08699,Current,628441.77,Active
A00133,C03169,Current,168476.63,Active
A00134,C04948,Current,2879.07,Active
A00135,C01668,Current,401046.73,Active
A00136,C07285,Investment,716600.96,Active
A00137,C08073,Investment,590277.35,Active
A00138,C04024,Current,125361.07,Active
A00139,C05233,Investment,340705.60,Active
A00140,C03552,Current,938891.25,Active
A00141,C06594,Savings,123538.55,Active
A00142,C09970,Current,101672.17,Active
A00143,C05701,Investment,678126.70,Active
A00144,C00645,Savings,438891.11,Active
A00145,C06279,Current,573205.82,Active
A00146,C09415,Savings,489392.32,Active
A00147,C09788,Savings,944215.08,Active
A00148,C01604,Current,903961.53,Active
A00149,C05983,Investment,810611.87,Active
A00150,C09006,Investment,424796.29,Active
A00151,C04096,Current,998216.15,Active
A00152,C07976,Savings,368646.41,Active
A00153,C05834,Investment,527660.98,Active
A00154,C08013,Savings,455000.12,Active
A00155,C08821,Savings,270820.54,Active
A00156,C03501,Savings,801044.61,Active
A00157,C03177,Investment,8294.04,Active
A00158,C00773,Investment,468627.44,Inactive
A00159,C02703,Current,635617.64,Closed
A00160,C03715,Current,405783.39,Active
A00161,C03687,Current,480304.29,Active
A00162,C09303,Current,442187.81,Active
A00163,C01025,Investment,268762.10,Closed
A00164,C03212,Investment,767876.28,Closed
A00165,C00181,Investment,52498.04,Active
A00166,C03741,Current,774405.22,Active
A00167,C05977,Investment,813945.41,Active
A00168,C00413,Investment,174932.18,Active
A00169,C02974,Investment,415665.48,Inactive
A00170,C07715,Investment,946029.78,Active
A00171,C01120,Savings,886469.61,Inactive
A00172,C08571,Current,429735.07,Active
A00173,C01450,Savings,672546.92,Closed
A00174,C02724,Savings,264590.24,Active
A00175,C05281,Savings,805298.91,Active
A00176,C01773,Investment,489742.64,Active
A00177,C09300,Savings,843058.98,Active
A00178,C05016,Current,976768.96,Active
A00179,C07398,Current,629547.78,Active
A00180,C06100,Investment,215555.37,Active
A00181,C05195,Current,287123.79,Active
A00182,C08533,Savings,797495.31,Active
A00183,C05614,Savings,214615.34,Inactive
A00184,C03074,Investment,966404.75,Active
A00185,C02366,Savings,206871.46,Active
A00186,C08846,Savings,690326.71,Active
A00187,C07027,Investment,301607.33,Active
A00188,C04579,Current,939160.53,Active
A00189,C02205,Savings,28873.39,Active
A00190,C08557,Savings,199127.94,Active
A00191,C00978,Savings,112180.81,Active
A00192,C08876,Savings,911506.86,Active
A00193,C00027,Investment,482201.64,Active
A00194,C04770,Current,908029.70,Active
A00195,C09389,Savings,991393.19,Active
A00196,C07917,Current,109298.97,Active
A00197,C07620,Current,145236.83,Active
A00198,C00043,Current,421646.66,Active
A00199,C01077,Investment,416619.95,Closed
A00200,C08176,Savings,42754.85,Active
A00201,C08457,Current,561353.25,Active
A00202,C01688,Investment,390541.07,Active
A00203,C00733,Savings,886162.16,Active
A00204,C06343,Current,654686.99,Active
A00205,C04206,Investment,429970.33,Active
A00206,C09648,Investment,84231.23,Active
A00207,C03780,Investment,682049.04,Active
A00208,C04099,Investment,34157.17,Active
A00209,C07972,Investment,16450.35,Active
A00210,C05510,Investment,998050.97,Active
A00211,C09768,Current,682994.37,Active
A00212,C01133,Investment,863512.98,Active
A00213,C01636,Savings,397708.94,Active
A00214,C09496,Current,465082.33,Active
A00215,C04543,Savings,118747.83,Active
A00216,C04041,Savings,598762.75,Active
A00217,C06521,Investment,139408.65,Inactive
A00218,C02816,Current,796094.42,Active
A00219,C01853,Current,571815.39,Inactive
A00220,C00411,Investment,708131.16,Active
A00221,C04528,Investment,11454.07,Inactive
A00222,C09888,Savings,199787.79,Closed
A00223,C08934,Savings,756249.33,Active
A00224,C03148,Investment,839356.89,Active
A00225,C00070,Current,362725.67,Active
A00226,C05346,Savings,480537.96,Active
A00227,C04157,Current,574336.24,Active
A00228,C05656,Savings,26972.30,Active
A00229,C01336,Current,48037.82,Active
A00230,C01449,Savings,910971.25,Active
A00231,C01422,Investment,331088.63,Active
A00232,C09551,Investment,482708.84,Active
A00233,C03614,Current,808218.11,Inactive
A00234,C07435,Savings,493289.14,Active
A00235,C07962,Investment,27798.87,Active
A00236,C06731,Investment,452449.35,Active
A00237,C09391,Current,74640.15,Active
A00238,C06259,Savings,330629.64,Closed
A00239,C04152,Investment,809342.22,Active
A00240,C09098,Investment,321439.41,Active
A00241,C06311,Investment,259608.75,Active
A00242,C07431,Current,458047.59,Inactive
A00243,C07137,Savings,10380.55,Active
A00244,C05082,Current,941800.59,Active
A00245,C09620,Investment,455591.47,Active
A00246,C03821,Savings,639413.70,Active
A00247,C03873,Savings,228418.97,Active
A00248,C09506,Current,748668.44,Active
A00249,C07393,Current,912496.48,Closed
A00250,C04326,Current,117194.08,Active
A00251,C08894,Current,897008.13,Inactive
A00252,C09612,Current,701208.61,Closed
A00253,C03559,Savings,541859.90,Closed
A00254,C06341,Savings,856589.31,Active
A00255,C02658,Current,52412.90,Active
A00256,C09563,Current,817810.82,Active
A00257,C04898,Current,414143.00,Active
A00258,C01762,Savings,484632.69,Closed
A00259,C07745,Current,307366.75,Active
A00260,C04751,Investment,743436.55,Active
A00261,C07559,Savings,512224.33,Active
A00262,C02486,Savings,388013.75,Active
A00263,C04851,Investment,338515.50,Inactive
A00264,C00406,Savings,580390.04,Active
A00265,C04225,Investment,380845.35,Inactive
A00266,C06830,Savings,843008.13,Active
A00267,C09669,Investment,597861.66,Inactive
A00268,C06681,Savings,219265.39,Active
A00269,C06714,Investment,476881.47,Active
A00270,C07256,Current,890480.28,Active
A00271,C06138,Current,41839.33,Active
A00272,C09331,Investment,893187.03,Active
A00273,C06165,Savings,497505.40,Active
A00274,C07276,Savings,670409.87,Active
A00275,C07173,Savings,988367.63,Active
A00276,C09076,Investment,420023.54,Active
A00277,C00533,Current,540099.56,Inactive
A00278,C02752,Current,202514.52,Active
A00279,C03963,Savings,788005.73,Active
A00280,C09657,Savings,252978.94,Active
A00281,C06573,Investment,889707.39,Active
A00282,C06191,Investment,984925.76,Active
A00283,C03713,Investment,917213.12,Active
A00284,C05633,Investment,131384.23,Active
A00285,C08810,Current,323795.58,Active
A00286,C05006,Savings,137403.62,Active
A00287,C07904,Investment,834809.66,Active
A00288,C06268,Current,254554.60,Inactive
A00289,C09105,Current,287981.14,Active
A00290,C05582,Savings,107527.18,Closed
A00291,C08525,Savings,256669.14,Active
A00292,C05096,Savings,529877.88,Active
A00293,C04057,Current,410786.89,Closed
A00294,C02163,Current,333688.32,Active
A00295,C09129,Current,551097.92,Active
A00296,C07318,Investment,397490.53,Active
A00297,C00689,Savings,722384.61,Closed
A00298,C02766,Savings,249857.33,Active
A00299,C07874,Savings,902062.45,Active
A00300,C05342,Investment,401882.46,Active
A00301,C03422,Investment,775910.17,Active
A00302,C08847,Current,566294.43,Active
A00303,C02613,Investment,497565.96,Active
A00304,C01250,Current,801637.33,Active
A00305,C09297,Current,797406.35,Active
A00306,C01854,Current,915797.76,Active
A00307,C05075,Current,115740.41,Active
A00308,C03190,Savings,542360.08,Active
A00309,C07717,Savings,20366.75,Active
A00310,C00678,Savings,527543.98,Active
A00311,C01300,Savings,939057.71,Active
A00312,C02609,Investment,703605.00,Active
A00313,C01348,Investment,887559.53,Active
A00314,C06006,Current,67756.42,Active
A00315,C08164,Investment,138351.59,Inactive
A00316,C01117,Savings,868575.30,Active
A00317,C06801,Savings,874571.70,Active
A00318,C00294,Savings,356156.21,Active
A00319,C09358,Current,253609.50,Active
A00320,C00833,Savings,867853.44,Active
A00321,C07886,Investment,908639.10,Active
A00322,C08895,Savings,202461.53,Active
A00323,C06103,Investment,952394.85,Active
A00324,C03898,Investment,555835.33,Active
A00325,C00172,Current,49925.39,Active
A00326,C04254,Current,445988.79,Active
A00327,C03754,Savings,401934.59,Active
A00328,C08709,Current,500667.45,Active
A00329,C07542,Savings,96558.13,Active
A00330,C01751,Investment,432853.18,Active
A00331,C07920,Investment,133102.23,Active
A00332,C05741,Savings,571885.83,Active
A00333,C09214,Savings,550158.98,Active
A00334,C02070,Savings,227617.87,Active
A00335,C09259,Current,841935.41,Active
A00336,C09427,Investment,851145.65,Active
A00337,C09593,Current,506015.35,Active
A00338,C01690,Current,535990.71,Inactive
A00339,C06095,Current,810743.53,Active
A00340,C03458,Investment,646278.52,Active
A00341,C09856,Savings,973621.96,Inactive
A00342,C07646,Current,830659.46,Active
A00343,C01814,Current,914825.56,Active
A00344,C07664,Savings,583241.07,Active
A00345,C02135,Current,601688.84,Active
A00346,C08937,Savings,693407.52,Active
A00347,C09423,Current,727889.63,Active
A00348,C07115,Investment,789614.32,Active
A00349,C04226,Current,192078.08,Active
A00350,C05614,Current,623013.26,Active
A00351,C08117,Savings,603997.69,Inactive
A00352,C05930,Current,111207.32,Inactive
A00353,C05037,Savings,894432.80,Inactive
A00354,C00705,Savings,613769.95,Active
A00355,C03710,Current,928167.69,Active
A00356,C04864,Savings,293718.48,Active
A00357,C06861,Savings,626857.73,Active
A00358,C09300,Current,10474.28,Active
A00359,C05806,Current,228826.47,Active
A00360,C04719,Savings,406112.04,Active
A00361,C02268,Savings,366601.39,Active
A00362,C00542,Savings,413178.80,Active
A00363,C00870,Investment,760714.18,Active
A00364,C04398,Investment,974567.86,Inactive
A00365,C05441,Savings,467294.22,Active
A00366,C01863,Current,185162.33,Active
A00367,C05092,Savings,259366.04,Closed
A00368,C05379,Current,572006.31,Active
A00369,C00189,Investment,66709.56,Active
A00370,C03650,Savings,978912.54,Active
A00371,C04472,Current,801326.23,Active
A00372,C09425,Investment,637734.09,Active
A00373,C05293,Investment,417839.04,Active
A00374,C07886,Current,797453.12,Active
A00375,C05783,Savings,863181.54,Active
A00376,C02766,Savings,431844.93,Inactive
A00377,C04935,Current,728865.48,Active
A00378,C05316,Savings,43663.36,Active
A00379,C09915,Investment,16883.33,Active
A00380,C00911,Current,301313.38,Active
A00381,C01107,Investment,312452.38,Active
A00382,C08246,Current,250170.13,Active
A00383,C05323,Current,260547.80,Inactive
A00384,C04656,Savings,641656.34,Active
A00385,C08073,Investment,144464.65,Active
A00386,C01003,Investment,433435.07,Closed
A00387,C04386,Investment,225409.21,Active
A00388,C03788,Investment,574994.02,Active
A00389,C04542,Current,853817.97,Active
A00390,C09666,Savings,791393.33,Active
A00391,C02860,Investment,469341.06,Active
A00392,C05479,Current,198929.89,Active
A00393,C08372,Savings,892044.73,Active
A00394,C07888,Savings,277956.96,Active
A00395,C03412,Savings,181607.73,Active
A00396,C05083,Savings,845288.71,Active
A00397,C07794,Current,22617.16,Active
A00398,C06133,Savings,714864.79,Active
A00399,C00901,Savings,230921.35,Active
A00400,C01190,Current,49149.56,Active
A00401,C02164,Current,96741.75,Active
A00402,C01471,Current,947262.69,Active
A00403,C08170,Savings,804167.84,Closed
A00404,C04371,Investment,997669.25,Active
A00405,C02489,Savings,895465.61,Active
A00406,C04902,Current,393876.99,Active
A00407,C09728,Investment,157113.16,Active
A00408,C01436,Savings,321421.16,Active
A00409,C00584,Current,770924.07,Active
A00410,C01494,Savings,822473.24,Active
A00411,C05657,Savings,349947.23,Active
A00412,C05081,Investment,961037.00,Inactive
A00413,C01121,Investment,713237.67,Active
A00414,C05459,Investment,497715.17,Active
A00415,C05865,Current,949444.46,Inactive
A00416,C06428,Current,797744.30,Active
A00417,C08437,Investment,649945.53,Closed
A00418,C06711,Savings,18431.98,Active
A00419,C01972,Investment,411106.81,Active
A00420,C01220,Investment,669945.21,Active
A00421,C05975,Investment,433142.69,Active
A00422,C00152,Savings,458743.23,Inactive
A00423,C05123,Savings,289872.61,Active
A00424,C09947,Investment,659870.93,Active
A00425,C05874,Investment,652478.92,Active
A00426,C07547,Savings,306765.87,Active
A00427,C06922,Savings,912991.00,Active
A00428,C09714,Savings,110194.98,Active
A00429,C04662,Current,733001.43,Active
A00430,C03548,Investment,149650.68,Active
A00431,C08593,Investment,557710.86,Active
A00432,C03394,Savings,281766.54,Closed
A00433,C06402,Investment,115465.60,Inactive
A00434,C09091,Investment,114767.79,Closed
A00435,C07752,Investment,536121.11,Active
A00436,C08642,Investment,353867.91,Active
A00437,C09763,Savings,993018.15,Active
A00438,C09687,Current,334737.31,Active
A00439,C09123,Investment,758904.75,Active
A00440,C02886,Investment,35240.56,Active
A00441,C02558,Investment,488786.87,Active
A00442,C09077,Savings,673556.34,Inactive
A00443,C04758,Current,155183.45,Active
A00444,C03454,Current,420554.99,Active
A00445,C08451,Savings,727424.59,Active
A00446,C00472,Investment,222723.16,Active
A00447,C09891,Current,952347.69,Active
A00448,C09805,Investment,629182.06,Active
A00449,C01692,Investment,256047.94,Closed
A00450,C09955,Investment,205215.13,Active
A00451,C01302,Current,388140.69,Active
A00452,C00579,Current,379539.25,Active
A00453,C06847,Current,373201.67,Inactive
A00454,C05532,Current,893322.21,Active
A00455,C04987,Current,431676.21,Active
A00456,C09956,Current,821205.78,Active
A00457,C04976,Savings,926202.20,Active
A00458,C00800,Investment,656165.29,Active
A00459,C02402,Savings,720039.41,Active
A00460,C08672,Current,429093.72,Active
A00461,C03505,Savings,770759.84,Active
A00462,C07899,Savings,19410.10,Active
A00463,C06202,Current,687825.31,Active
A00464,C09698,Savings,839809.61,Active
A00465,C04640,Investment,481006.03,Active
A00466,C01696,Savings,263358.56,Active
A00467,C06144,Current,337678.24,Active
A00468,C00948,Current,296491.61,Closed
A00469,C08312,Investment,720201.27,Active
A00470,C09604,Investment,843088.11,Active
A00471,C08127,Current,631466.30,Active
A00472,C08356,Current,135969.52,Active
A00473,C06419,Savings,14176.40,Active
A00474,C04622,Savings,526625.76,Active
A00475,C00974,Savings,30878.75,Active
A00476,C03661,Current,158231.09,Active
A00477,C03704,Savings,492226.88,Closed
A00478,C04555,Savings,438245.22,Active
A00479,C06763,Current,990379.26,Active
A00480,C06349,Savings,512472.67,Active
A00481,C03190,Current,100676.32,Active
A00482,C06187,Savings,146126.86,Active
A00483,C05363,Investment,404816.23,Active
A00484,C02088,Savings,38317.63,Active
A00485,C04702,Savings,372908.04,Active
A00486,C07400,Savings,185267.75,Active
A00487,C06046,Investment,564298.15,Active
A00488,C04300,Savings,923104.71,Inactive
A00489,C02720,Investment,882679.13,Active
A00490,C01138,Current,403144.39,Active
A00491,C08885,Savings,849950.92,Active
A00492,C02083,Current,527677.19,Active
A00493,C04513,Current,635250.73,Active
A00494,C09124,Current,799857.72,Active
A00495,C05348,Savings,474161.71,Active
A00496,C09039,Current,303443.37,Active
A00497,C02372,Savings,799445.49,Active
A00498,C09099,Savings,251811.04,Active
A00499,C06438,Savings,724462.72,Active
A00500,C07562,Savings,462561.58,Active
A00501,C00681,Savings,943078.92,Active
A00502,C01801,Investment,32534.60,Active
A00503,C06237,Investment,587573.26,Active
A00504,C04319,Savings,604678.50,Active
A00505,C09401,Current,7394.72,Active
A00506,C04321,Current,930748.69,Active
A00507,C08215,Investment,833479.17,Active
A00508,C01671,Investment,804433.20,Active
A00509,C05167,Current,956456.67,Active
A00510,C02344,Current,726554.82,Active
A00511,C09048,Investment,777285.59,Active
A00512,C00742,Savings,262571.80,Active
A00513,C03245,Savings,516153.01,Active
A00514,C09214,Investment,104465.11,Active
A00515,C05601,Savings,697710.17,Active
A00516,C05159,Investment,116728.33,Inactive
A00517,C00037,Current,312507.31,Active
A00518,C05918,Current,2362.20,Active
A00519,C00783,Current,453782.11,Active
A00520,C08247,Current,527040.51,Active
A00521,C03243,Savings,263413.44,Active
A00522,C06386,Current,315387.78,Active
A00523,C02499,Current,328794.13,Closed
A00524,C09825,Current,790768.92,Active
A00525,C04387,Savings,223261.63,Inactive
A00526,C07369,Current,259012.96,Active
A00527,C08606,Current,4706.25,Inactive
A00528,C04046,Investment,107436.08,Active
A00529,C04734,Savings,186636.31,Active
A00530,C04923,Savings,5302.69,Active
A00531,C03673,Savings,427200.67,Active
A00532,C05745,Savings,940362.87,Active
A00533,C09119,Savings,348335.26,Inactive
A00534,C06498,Savings,88501.52,Active
A00535,C01331,Savings,996454.34,Active
A00536,C05445,Current,407596.70,Active
A00537,C05278,Savings,396768.64,Active
A00538,C04729,Savings,62371.41,Active
A00539,C08537,Current,464415.26,Active
A00540,C09199,Current,775122.50,Active
A00541,C08501,Investment,272352.25,Active
A00542,C01137,Current,13104.93,Active
A00543,C06641,Savings,26327.81,Active
A00544,C07472,Current,4924.79,Active
A00545,C07968,Savings,654188.28,Active
A00546,C05079,Investment,198073.42,Active
A00547,C00606,Current,528277.34,Active
A00548,C01211,Current,107510.47,Active
A00549,C06933,Savings,992707.79,Active
A00550,C00388,Savings,921991.73,Active
A00551,C04813,Savings,944868.36,Active
A00552,C05476,Investment,423451.19,Active
A00553,C03808,Savings,665917.75,Active
A00554,C09252,Investment,407749.94,Active
A00555,C05611,Current,940183.06,Active
A00556,C01785,Current,776378.77,Active
A00557,C03459,Investment,234904.16,Active
A00558,C00021,Savings,311805.58,Active
A00559,C09596,Investment,180932.21,Active
A00560,C05702,Savings,719621.58,Active
A00561,C07826,Investment,831640.25,Active
A00562,C07446,Savings,961567.50,Inactive
A00563,C07006,Investment,913125.58,Active
A00564,C08116,Investment,723051.64,Inactive
A00565,C03213,Investment,811975.57,Active
A00566,C08619,Current,857964.80,Closed
A00567,C03992,Investment,154280.41,Active
A00568,C06358,Investment,453781.79,Active
A00569,C01282,Savings,274206.10,Active
A00570,C02038,Current,917493.58,Active
A00571,C00547,Current,6857.73,Active
A00572,C01660,Current,872840.90,Active
A00573,C07578,Investment,126170.10,Inactive
A00574,C01990,Current,137111.24,Active
A00575,C09625,Investment,612743.19,Inactive
A00576,C06079,Current,393751.77,Active
A00577,C09709,Investment,694267.69,Active
A00578,C01666,Current,662959.03,Active
A00579,C05369,Current,486511.63,Active
A00580,C03782,Investment,717629.95,Active
A00581,C02168,Current,695914.60,Closed
A00582,C08864,Current,398135.23,Active
A00583,C02473,Current,322832.06,Active
A00584,C00898,Current,24829.72,Inactive
A00585,C06381,Savings,8080.90,Active
A00586,C01821,Investment,770947.22,Active
A00587,C05353,Current,74725.78,Active
A00588,C09592,Current,193333.93,Active
A00589,C04135,Investment,623863.12,Active
A00590,C02283,Savings,855560.30,Active
A00591,C09111,Investment,140791.72,Active
A00592,C08698,Current,666343.41,Active
A00593,C09388,Investment,52182.75,Active
A00594,C09187,Current,478593.24,Active
A00595,C03573,Savings,62299.95,Active
A00596,C08671,Savings,494296.44,Inactive
A00597,C07639,Investment,245767.02,Closed
A00598,C05945,Current,724914.70,Active
A00599,C02270,Savings,987838.01,Active
A00600,C08689,Investment,137076.49,Active
A00601,C06729,Savings,750902.25,Active
A00602,C06515,Current,122442.69,Active
A00603,C03660,Savings,156385.12,Active
A00604,C01907,Investment,628163.59,Active
A00605,C06940,Investment,190084.91,Inactive
A00606,C09986,Investment,67051.49,Active
A00607,C07120,Current,15935.58,Active
A00608,C03692,Investment,666758.73,Active
A00609,C03738,Investment,180505.18,Active
A00610,C08744,Savings,885625.68,Active
A00611,C06592,Current,911597.81,Active
A00612,C09872,Savings,461634.28,Active
A00613,C09301,Current,845813.95,Active
A00614,C03056,Current,185824.08,Active
A00615,C04215,Current,301983.50,Active
A00616,C04069,Investment,630163.99,Active
A00617,C08883,Current,507788.33,Inactive
A00618,C01903,Savings,309801.13,Closed
A00619,C03618,Savings,426659.60,Active
A00620,C08516,Savings,321154.09,Active
A00621,C01396,Current,317946.76,Active
A00622,C00915,Investment,909936.44,Active
A00623,C02735,Current,531116.00,Inactive
A00624,C00855,Savings,922372.05,Active
A00625,C02490,Savings,713526.06,Active
A00626,C06393,Savings,468494.11,Active
A00627,C02926,Investment,966659.13,Active
A00628,C00369,Savings,146608.45,Active
A00629,C04866,Savings,535652.21,Active
A00630,C05235,Current,658236.05,Active
A00631,C08024,Current,769792.32,Active
A00632,C09360,Savings,602042.67,Active
A00633,C08010,Investment,316531.29,Active
A00634,C09246,Investment,816307.61,Active
A00635,C07397,Current,682507.45,Active
A00636,C07856,Investment,217354.87,Active
A00637,C07472,Savings,219199.57,Active
A00638,C02432,Current,393551.93,Active
A00639,C07063,Savings,104306.66,Active
A00640,C09104,Current,730553.04,Active
A00641,C03408,Savings,796686.20,Active
A00642,C05923,Current,956284.44,Active
A00643,C08326,Investment,147006.71,Closed
A00644,C04141,Investment,559060.85,Active
A00645,C03657,Savings,799571.65,Active
A00646,C07729,Investment,716400.61,Active
A00647,C01364,Savings,637040.03,Active
A00648,C06993,Current,762734.20,Active
A00649,C05717,Savings,184708.11,Active
A00650,C00108,Savings,617565.54,Active
A00651,C09018,Current,138589.02,Active
A00652,C01137,Current,682196.52,Active
A00653,C07044,Savings,629601.41,Active
A00654,C02573,Investment,731637.56,Active
A00655,C05440,Savings,684746.80,Active
A00656,C05955,Savings,33328.73,Active
A00657,C04974,Investment,538228.40,Active
A00658,C02112,Savings,429845.15,Active
A00659,C00781,Savings,210594.15,Active
A00660,C07403,Savings,129872.92,Active
A00661,C02516,Investment,654539.54,Active
A00662,C03120,Investment,272444.85,Active
A00663,C04500,Savings,995768.85,Active
A00664,C03354,Investment,115613.30,Active
A00665,C09391,Savings,849571.27,Active
A00666,C09932,Savings,871328.90,Active
A00667,C03623,Savings,422604.84,Inactive
A00668,C06985,Investment,386121.46,Active
A00669,C05007,Savings,249480.51,Inactive
A00670,C04166,Current,279169.72,Active
A00671,C00310,Current,100490.61,Active
A00672,C09508,Current,5279.90,Active
A00673,C04709,Current,788990.17,Active
A00674,C00451,Savings,329868.63,Active
A00675,C08025,Current,300024.38,Active
A00676,C06765,Investment,170786.44,Active
A00677,C02124,Current,96796.75,Active
A00678,C05208,Savings,654542.75,Closed
A00679,C06684,Investment,573572.57,Active
A00680,C01618,Investment,719118.77,Active
A00681,C05406,Savings,708639.94,Active
A00682,C04007,Investment,163482.04,Active
A00683,C09056,Savings,325052.83,Active
A00684,C03164,Current,648273.72,Active
A00685,C03851,Current,921312.64,Active
A00686,C05015,Current,995063.43,Active
A00687,C05569,Investment,870495.69,Active
A00688,C05966,Savings,771816.71,Active
A00689,C05401,Savings,817254.28,Active
A00690,C07134,Savings,463543.84,Active
A00691,C09047,Investment,177991.12,Active
A00692,C01351,Current,277084.01,Active
A00693,C03899,Savings,255472.37,Closed
A00694,C08744,Investment,7986.07,Active
A00695,C07716,Savings,836933.27,Active
A00696,C05071,Savings,178912.78,Closed
A00697,C03608,Current,957321.06,Active
A00698,C04834,Investment,731106.56,Active
A00699,C02967,Savings,326659.00,Active
A00700,C09233,Current,443511.71,Active
A00701,C09824,Investment,982571.87,Active
A00702,C03087,Current,989449.57,Active
A00703,C03662,Savings,708932.55,Active
A00704,C07664,Current,971594.31,Active
A00705,C04098,Current,767287.24,Active
A00706,C01438,Current,1561.78,Active
A00707,C05844,Investment,570869.70,Inactive
A00708,C00639,Savings,878316.34,Active
A00709,C02751,Savings,117169.42,Active
A00710,C06209,Investment,522166.22,Active
A00711,C00996,Savings,915497.87,Active
A00712,C07513,Current,681077.96,Active
A00713,C08317,Investment,578189.34,Active
A00714,C03724,Savings,687172.26,Inactive
A00715,C04601,Current,902601.35,Active
A00716,C04038,Investment,837264.44,Active
A00717,C07851,Investment,883973.00,Active
A00718,C02075,Current,106027.41,Inactive
A00719,C05380,Investment,394553.33,Active
A00720,C03610,Savings,521349.74,Active
A00721,C08864,Investment,676949.50,Inactive
A00722,C02385,Investment,366129.63,Active
A00723,C09189,Investment,512589.70,Active
A00724,C01719,Investment,773195.14,Active
A00725,C03848,Investment,467944.22,Active
A00726,C00839,Investment,909458.33,Active
A00727,C00067,Current,237974.71,Active
A00728,C09542,Investment,849803.57,Inactive
A00729,C04870,Current,313320.30,Active
A00730,C04140,Current,277826.68,Active
A00731,C00709,Current,403589.00,Inactive
A00732,C02792,Investment,426617.19,Active
A00733,C05626,Current,654537.96,Active
A00734,C07405,Current,993520.92,Active
A00735,C06407,Savings,936746.08,Active
A00736,C04088,Current,580159.34,Inactive
A00737,C03430,Investment,516208.97,Closed
A00738,C09302,Investment,55135.99,Active
A00739,C09377,Current,364510.39,Inactive
A00740,C07381,Investment,756571.56,Inactive
A00741,C08141,Current,417223.08,Closed
A00742,C09047,Savings,379038.27,Active
A00743,C03574,Current,677513.31,Active
A00744,C03450,Savings,996082.62,Active
A00745,C01604,Investment,840357.16,Active
A00746,C06356,Savings,880281.26,Active
A00747,C03168,Current,657931.35,Active
A00748,C00043,Current,508353.21,Active
A00749,C09567,Savings,149463.61,Active
A00750,C08210,Current,283238.67,Active
A00751,,Current,582061.21,Active
A00752,C02129,Investment,333697.63,Active
A00753,C03069,Savings,87911.37,Closed
A00754,C02265,Investment,801361.55,Active
A00755,C02599,Current,238654.99,Active
A00756,C05424,Savings,285458.73,Active
A00757,C04301,Investment,690281.95,Active
A00758,C02097,Savings,268570.48,Active
A00759,C04785,Current,792418.43,Active
A00760,C00547,Investment,243782.63,Active
A00761,C06032,Current,695165.84,Closed
A00762,C00687,Savings,37711.10,Active
A00763,C07705,Current,74569.26,Active
A00764,C05066,Current,937080.80,Active
A00765,C09235,Current,799521.36,Active
A00766,C01822,Savings,108665.78,Active
A00767,C09783,Savings,956595.33,Active
A00768,C00234,Current,325602.80,Active
A00769,C06640,Savings,906220.60,Active
A00770,C02449,Investment,649458.31,Active
A00771,C00433,Current,386817.09,Active
A00772,C09134,Investment,353348.45,Active
A00773,C04206,Current,370347.11,Active
A00774,C05573,Investment,333634.11,Active
A00775,C06683,Savings,705987.10,Active
A00776,C08188,Current,487801.28,Active
A00777,C05106,Savings,232854.73,Active
A00778,C06717,Savings,576981.80,Active
A00779,C04307,Investment,823657.09,Active
A00780,C08513,Savings,694586.64,Active
A00781,C06559,Investment,377652.63,Active
A00782,C02329,Current,889902.19,Active
A00783,C03011,Investment,184577.81,Active
A00784,C07277,Current,948948.66,Active
A00785,C06561,Savings,458453.65,Active
A00786,C07073,Investment,938612.50,Active
A00787,C01100,Current,678537.02,Active
A00788,C00915,Savings,584434.60,Active
A00789,C05069,Investment,34131.44,Active
A00790,C07793,Savings,912452.13,Active
A00791,C01211,Investment,649404.37,Active
A00792,C03789,Investment,734957.04,Inactive
A00793,C01189,Investment,596672.47,Active
A00794,C06192,Investment,609790.86,Active
A00795,C05525,Savings,25865.63,Active
A00796,C02840,Current,43081.60,Active
A00797,C09163,Savings,884576.09,Active
A00798,C07591,Current,748849.07,Active
A00799,C00888,Current,286785.84,Active
A00800,C08045,Investment,541932.24,Inactive
A00801,C02729,Investment,933598.80,Active
A00802,C03171,Savings,159620.65,Active
A00803,C00423,Savings,980869.88,Active
A00804,C09453,Investment,53962.90,Active
A00805,C06816,Investment,419667.15,Active
A00806,C05310,Savings,740910.99,Active
A00807,C06691,Savings,844797.87,Active
A00808,C00319,Investment,427160.37,Active
A00809,C04347,Current,156475.86,Active
A00810,C05614,Savings,362425.38,Active
A00811,C09014,Current,695181.98,Active
A00812,C08970,Investment,261610.35,Active
A00813,C09929,Current,417157.62,Active
A00814,C07507,Savings,994013.43,Active
A00815,C08421,Investment,607057.02,Closed
A00816,C02510,Investment,307008.59,Active
A00817,C01005,Investment,137194.52,Active
A00818,C02403,Current,687330.39,Active
A00819,C06188,Current,120406.83,Active
A00820,C05597,Savings,865821.05,Active
A00821,C08454,Current,34242.12,Active
A00822,C06518,Investment,515795.74,Active
A00823,C01217,Investment,839490.64,Active
A00824,C06194,Current,999457.49,Closed
A00825,C09458,Current,636341.44,Active
A00826,C09546,Investment,191717.25,Active
A00827,C02855,Current,134402.62,Active
A00828,C03904,Current,672579.08,Active
A00829,C06536,Savings,85656.08,Active
A00830,C09116,Investment,262429.55,Active
A00831,C07209,Savings,931031.04,Active
A00832,C00020,Investment,514921.99,Active
A00833,C06560,Current,872350.38,Active
A00834,C02795,Savings,480058.88,Active
A00835,C00899,Current,827183.21,Active
A00836,C03705,Savings,425224.17,Active
A00837,C06112,Investment,443191.94,Active
A00838,C02485,Investment,912099.88,Active
A00839,C00880,Current,974471.11,Active
A00840,C09350,Savings,52190.41,Active
A00841,C01739,Current,555712.09,Active
A00842,C02894,Savings,372851.78,Active
A00843,C04736,Investment,474081.80,Active
A00844,C03763,Investment,682995.05,Active
A00845,C01342,Savings,989767.49,Active
A00846,C07712,Current,904562.68,Active
A00847,C07756,Current,648773.81,Active
A00848,C05469,Investment,230838.09,Active
A00849,C05265,Investment,867201.06,Closed
A00850,C05067,Current,831585.14,Active
A00851,C02480,Current,663443.50,Active
A00852,C04226,Investment,648797.72,Active
A00853,C01367,Current,284929.23,Active
A00854,C03461,Current,292429.01,Inactive
A00855,C06003,Savings,900556.14,Closed
A00856,C03906,Current,937494.48,Closed
A00857,C03765,Current,789625.31,Active
A00858,C06480,Investment,573855.27,Active
A00859,C09961,Current,379941.18,Active
A00860,C06173,Savings,837645.18,Active
A00861,C08134,Savings,808526.16,Active
A00862,C09810,Investment,47380.05,Active
A00863,C04887,Investment,723863.76,Active
A00864,C01292,Current,273597.29,Active
A00865,C08447,Savings,212227.45,Active
A00866,C05529,Investment,401366.98,Active
A00867,C00740,Investment,356129.27,Active
A00868,C05419,Savings,565372.49,Active
A00869,C07156,Savings,183474.69,Active
A00870,C03990,Current,146211.77,Active
A00871,C09686,Savings,98074.04,Active
A00872,C00930,Investment,518560.10,Active
A00873,C01161,Investment,251035.02,Active
A00874,C08384,Investment,554349.11,Closed
A00875,C05268,Investment,223150.13,Active
A00876,C03978,Current,826926.04,Active
A00877,C08194,Investment,210435.02,Active
A00878,C07438,Investment,694752.22,Active
A00879,C08715,Savings,877706.83,Active
A00880,C02560,Savings,656984.37,Active
A00881,C02538,Current,616583.44,Inactive
A00882,C02200,Savings,335611.53,Active
A00883,C08957,Savings,822813.32,Active
A00884,C07935,Investment,864598.65,Active
A00885,C02309,Savings,854011.30,Active
A00886,C07709,Investment,256129.41,Active
A00887,C04589,Current,305742.05,Active
A00888,C02860,Investment,248658.70,Active
A00889,C01699,Current,721337.14,Inactive
A00890,C07774,Savings,81523.46,Active
A00891,C07505,Savings,499537.46,Active
A00892,C04448,Current,800809.11,Active
A00893,C02965,Current,446568.22,Inactive
A00894,C07011,Investment,919563.40,Active
A00895,C07455,Investment,993157.65,Active
A00896,C07711,Current,293900.86,Active
A00897,C04227,Current,758733.21,Closed
A00898,C03861,Current,5267.12,Inactive
A00899,C02232,Investment,935684.45,Closed
A00900,C03491,Current,994726.26,Inactive
A00901,C05379,Investment,435529.25,Active
A00902,C05454,Investment,991055.30,Closed
A00903,C09527,Savings,251916.71,Inactive
A00904,C08454,Investment,28188.15,Active
A00905,C04568,Investment,287056.42,Active
A00906,C09897,Savings,422510.39,Active
A00907,C05726,Current,119709.62,Inactive
A00908,C05901,Current,554830.02,Active
A00909,C02168,Investment,921674.23,Inactive
A00910,C01018,Current,29194.65,Active
A00911,C04135,Investment,31225.74,Active
A00912,C03803,Savings,379388.60,Active
A00913,C02139,Current,636029.97,Active
A00914,C04065,Savings,213966.65,Active
A00915,C02888,Investment,715757.80,Inactive
A00916,C01105,Investment,414442.51,Active
A00917,C04658,Current,457111.69,Inactive
A00918,C06855,Savings,861715.85,Active
A00919,C01723,Savings,625917.79,Active
A00920,C00235,Current,544986.25,Active
A00921,C08000,Investment,758537.84,Active
A00922,C06474,Current,78496.69,Active
A00923,C04896,Current,622960.31,Active
A00924,C08415,Current,377332.27,Active
A00925,C05343,Investment,833547.32,Active
A00926,C00471,Savings,628850.29,Active
A00927,C08557,Savings,339249.95,Active
A00928,C02808,Investment,523788.26,Active
A00929,C07091,Investment,42462.12,Inactive
A00930,C04465,Current,589742.62,Active
A00931,C08618,Current,176427.51,Active
A00932,C02562,Investment,840857.96,Closed
A00933,C07357,Savings,329010.23,Active
A00934,C01299,Investment,220999.07,Active
A00935,C08854,Investment,867180.67,Active
A00936,C02746,Savings,746046.36,Inactive
A00937,C03408,Current,944700.58,Active
A00938,C04801,Savings,787860.38,Inactive
A00939,C07874,Investment,389809.76,Active
A00940,C08874,Investment,663738.87,Active
A00941,C07721,Savings,529655.10,Active
A00942,C00477,Investment,243957.73,Active
A00943,C07916,Current,561477.09,Active
A00944,C07171,Savings,956631.41,Active
A00945,C02982,Investment,537407.03,Active
A00946,C04358,Investment,633662.04,Active
A00947,C06034,Current,243475.15,Inactive
A00948,C02843,Savings,954085.78,Active
A00949,C07421,Current,644672.35,Active
A00950,C00917,Current,331261.07,Active
A00951,C05841,Investment,584427.24,Active
A00952,C02062,Current,221405.73,Active
A00953,C02074,Savings,551200.10,Active
A00954,C07343,Savings,312860.29,Active
A00955,C04171,Savings,763538.88,Closed
A00956,C05425,Current,338413.40,Inactive
A00957,C08540,Investment,726718.82,Active
A00958,C03653,Investment,795968.03,Inactive
A00959,C07507,Investment,39638.84,Active
A00960,C06809,Current,971094.92,Active
A00961,C01133,Current,788926.26,Active
A00962,C04678,Current,869575.58,Active
A00963,C08645,Current,841567.48,Closed
A00964,C05625,Current,609113.43,Active
A00965,C04564,Investment,671532.00,Inactive
A00966,C07066,Current,746364.73,Active
A00967,C02922,Investment,848292.60,Closed
A00968,C02672,Current,544818.66,Active
A00969,C08760,Current,918101.76,Active
A00970,C00174,Investment,849165.96,Inactive
A00971,C03919,Investment,615345.17,Inactive
A00972,C09547,Investment,677811.68,Active
A00973,C02616,Current,275312.32,Active
A00974,C00394,Investment,555603.41,Active
A00975,C00970,Savings,129644.75,Active
A00976,C03693,Savings,576344.71,Active
A00977,C01923,Savings,721619.33,Active
A00978,C01493,Current,144636.97,Active
A00979,C05831,Current,550174.06,Active
A00980,C08981,Savings,39152.74,Active
A00981,C01917,Current,818790.88,Active
A00982,C04591,Savings,326751.30,Active
A00983,C02119,Investment,656281.09,Active
A00984,C08381,Current,71806.88,Active
A00985,C06242,Current,608544.78,Active
A00986,C06031,Current,697140.75,Active
A00987,C04847,Current,960753.65,Active
A00988,C05624,Investment,570472.32,Closed
A00989,C00417,Current,324885.93,Active
A00990,C06337,Savings,563581.87,Active
A00991,C07260,Savings,301062.14,Active
A00992,C04690,Savings,559591.62,Active
A00993,C02629,Investment,313629.68,Active
A00994,C06013,Savings,809196.11,Active
A00995,C07425,Investment,773866.48,Active
A00996,C08203,Savings,775067.19,Active
A00997,C05134,Savings,873792.55,Active
A00998,C03031,Savings,300070.05,Inactive
A00999,C08052,Current,710822.01,Active
A01000,C00984,Savings,41319.83,Active
A01001,C02221,Current,631044.38,Active
A01002,C04294,Current,203278.71,Active
A01003,C08961,Savings,300885.33,Active
A01004,C05938,Investment,858384.80,Active
A01005,C01501,Savings,738088.86,Active
A01006,C04682,Savings,737047.83,Active
A01007,C03282,Current,234318.03,Active
A01008,C00362,Investment,251263.98,Active
A01009,C01451,Investment,901277.06,Active
A01010,C02700,Current,478717.01,Active
A01011,C09310,Savings,707694.65,Active
A01012,C07839,Investment,913185.06,Active
A01013,C03878,Savings,325592.57,Active
A01014,C01415,Investment,900144.35,Active
A01015,C01866,Savings,800116.29,Active
A01016,C03822,Current,801243.62,Active
A01017,C07750,Savings,202926.48,Active
A01018,C07085,Investment,176724.74,Active
A01019,C08960,Current,88097.05,Active
A01020,C04758,Savings,116858.56,Active
A01021,C00425,Savings,619626.57,Inactive
A01022,C03340,Investment,84499.42,Active
A01023,C01512,Current,592470.96,Active
A01024,C00564,Savings,618450.99,Closed
A01025,C00832,Investment,545490.69,Active
A01026,C01151,Investment,380466.30,Active
A01027,C05906,Savings,189067.65,Active
A01028,C01765,Investment,576138.96,Active
A01029,C08408,Savings,71033.53,Active
A01030,C05259,Current,964261.40,Active
A01031,C03390,Savings,442826.39,Active
A01032,C07063,Investment,399293.68,Active
A01033,C04922,Investment,880115.97,Closed
A01034,C07935,Savings,12333.84,Active
A01035,C08977,Investment,93149.47,Active
A01036,C08294,Current,291271.64,Active
A01037,C00495,Savings,239938.57,Active
A01038,C02604,Savings,763679.01,Closed
A01039,C04464,Current,592841.28,Active
A01040,C08079,Savings,256845.69,Active
A01041,C06404,Current,58973.35,Active
A01042,C07435,Current,751378.07,Active
A01043,C07525,Savings,226867.56,Active
A01044,C03424,Savings,394979.56,Active
A01045,C08151,Investment,504324.68,Active
A01046,C00899,Current,770772.67,Active
A01047,C07201,Savings,954152.25,Active
A01048,C09394,Investment,379736.58,Active
A01049,C00991,Current,399538.44,Active
A01050,C00224,Current,594214.17,Active
A01051,C09785,Current,397815.90,Active
A01052,C02244,Savings,218981.84,Active
A01053,C00480,Current,108986.86,Active
A01054,C08568,Savings,781569.55,Active
A01055,C01077,Current,656308.40,Active
A01056,C03243,Savings,183423.08,Active
A01057,C00502,Current,338307.59,Active
A01058,C08044,Current,286028.85,Active
A01059,C08621,Investment,193505.18,Inactive
A01060,C02804,Savings,468652.18,Active
A01061,C00086,Investment,493394.62,Active
A01062,C05326,Investment,838628.84,Active
A01063,C06125,Investment,945605.01,Active
A01064,C05834,Current,998937.22,Active
A01065,C01874,Investment,954860.54,Active
A01066,C03519,Current,519860.86,Active
A01067,C03854,Current,496113.43,Active
A01068,C03379,Investment,710724.24,Active
A01069,C09218,Investment,193316.02,Closed
A01070,C08715,Savings,33509.02,Active
A01071,C06738,Current,439536.75,Active
A01072,C06772,Current,898687.43,Active
A01073,C07058,Investment,480128.43,Active
A01074,C01610,Current,231657.39,Active
A01075,C02135,Savings,400924.41,Active
A01076,C05455,Current,890371.17,Active
A01077,C07878,Current,38279.07,Active
A01078,C08412,Current,5866.02,Active
A01079,C04414,Current,799453.82,Active
A01080,C02921,Investment,113627.10,Active
A01081,C03510,Investment,379865.39,Active
A01082,C06785,Investment,381827.95,Active
A01083,C06336,Savings,859887.91,Inactive
A01084,C01248,Savings,516880.63,Active
A01085,C00363,Current,342353.42,Active
A01086,C04418,Current,971376.22,Inactive
A01087,C02875,Investment,398838.30,Closed
A01088,C06223,Investment,753306.53,Inactive
A01089,C03793,Current,452624.95,Closed
A01090,C00448,Savings,290777.74,Active
A01091,C04468,Investment,686299.63,Active
A01092,C05538,Investment,354818.14,Active
A01093,C06947,Savings,9857.84,Closed
A01094,C01413,Savings,601372.70,Active
A01095,C02256,Savings,497046.49,Active
A01096,C03614,Investment,377030.85,Active
A01097,C04376,Investment,126581.95,Active
A01098,C07292,Investment,872414.58,Active
A01099,C08690,Savings,535544.22,Active
A01100,C00907,Investment,325519.26,Active
A01101,C07389,Savings,979860.45,Active
A01102,C04238,Savings,781111.56,Active
A01103,C01394,Current,683285.21,Inactive
A01104,C00544,Investment,114388.46,Active
A01105,C04254,Savings,241307.54,Active
A01106,C04127,Investment,272738.18,Inactive
A01107,C07764,Current,34892.22,Active
A01108,C02830,Current,928024.60,Active
A01109,C09444,Current,876396.63,Active
A01110,C02970,Investment,954700.73,Active
A01111,C06344,Current,576501.63,Active
A01112,C01386,Investment,751821.53,Active
A01113,C05796,Current,131300.18,Active
A01114,C08201,Savings,967261.87,Active
A01115,C01096,Investment,992832.31,Active
A01116,C05015,Current,580378.34,Active
A01117,C05226,Investment,184940.46,Active
A01118,C01926,Current,711887.20,Active
A01119,C02660,Current,279219.40,Active
A01120,C09930,Current,718713.47,Active
A01121,C00757,Savings,91406.93,Active
A01122,C09113,Savings,126324.50,Active
A01123,C04651,Investment,656457.06,Active
A01124,C01228,Investment,738697.52,Active
A01125,C04434,Investment,302433.84,Active
A01126,C04726,Savings,625887.81,Inactive
A01127,C04018,Current,713919.38,Active
A01128,C08878,Savings,640266.83,Active
A01129,C08764,Current,713228.86,Inactive
A01130,C08060,Investment,993552.89,Active
A01131,C03410,Savings,918385.67,Active
A01132,C05337,Current,274644.94,Active
A01133,C07740,Savings,828110.78,Active
A01134,C09182,Savings,883647.93,Active
A01135,C01061,Investment,865439.36,Closed
A01136,C00615,Investment,890216.15,Active
A01137,C04549,Savings,932427.61,Inactive
A01138,C07990,Investment,577280.88,Active
A01139,C06825,Savings,76990.52,Inactive
A01140,,Current,382442.86,Active
A01141,C01689,Investment,856402.39,Active
A01142,C09447,Current,363877.62,Active
A01143,C04948,Current,213672.81,Active
A01144,C08458,Investment,858120.69,Active
A01145,C03027,Savings,497544.64,Active
A01146,C07912,Current,560008.29,Active
A01147,C08120,Current,5727.13,Active
A01148,C09184,Savings,632890.49,Active
A01149,C02828,Current,931490.05,Active
A01150,C09092,Savings,551050.79,Active
A01151,C02720,Current,483587.78,Closed
A01152,C00990,Investment,409690.45,Active
A01153,C00320,Savings,541601.47,Active
A01154,C03331,Investment,992758.07,Active
A01155,C05915,Current,64114.14,Active
A01156,C08678,Savings,975116.32,Active
A01157,C00020,Savings,189723.00,Closed
A01158,C07740,Savings,832134.65,Active
A01159,C00347,Current,47596.51,Active
A01160,C08523,Savings,528202.03,Active
A01161,C06831,Investment,705343.69,Active
A01162,C09504,Savings,165057.15,Active
A01163,C00576,Investment,963938.56,Inactive
A01164,C03844,Current,505102.44,Active
A01165,C07131,Current,722813.81,Active
A01166,C06708,Investment,176826.41,Active
A01167,C00972,Current,798644.91,Active
A01168,C04408,Current,395572.62,Active
A01169,C06998,Current,395772.06,Active
A01170,C01472,Investment,510321.37,Active
A01171,C07320,Investment,272174.82,Active
A01172,C05735,Savings,859245.44,Active
A01173,C03176,Current,334510.47,Active
A01174,C02444,Savings,186716.71,Closed
A01175,C06508,Investment,991703.71,Active
A01176,C03551,Savings,845311.51,Active
A01177,C04190,Current,172658.67,Inactive
A01178,C07264,Savings,242280.57,Active
A01179,C00541,Current,753732.27,Active
A01180,C00643,Investment,381716.19,Active
A01181,C07090,Investment,343486.74,Active
A01182,C04453,Current,400312.36,Active
A01183,C02002,Savings,343255.41,Active
A01184,C07901,Investment,575181.13,Closed
A01185,C01014,Investment,798754.91,Active
A01186,C03440,Current,723606.37,Active
A01187,C09839,Savings,194928.42,Active
A01188,C03778,Savings,992916.50,Active
A01189,C08730,Current,697454.89,Active
A01190,C08514,Savings,465887.71,Inactive
A01191,C03590,Current,674495.24,Active
A01192,C09499,Savings,102905.10,Active
A01193,C03759,Investment,472063.56,Active
A01194,C00872,Savings,543675.06,Active
A01195,C02336,Investment,208408.69,Inactive
A01196,C00558,Savings,743320.53,Active
A01197,C03237,Savings,233988.35,Active
A01198,C02029,Investment,627118.10,Inactive
A01199,C08432,Savings,533841.79,Active
A01200,C01352,Savings,360687.32,Active
A01201,C08970,Investment,921998.61,Active
A01202,C03591,Current,101926.62,Active
A01203,C06090,Investment,677854.09,Active
A01204,C06898,Investment,659066.38,Active
A01205,C06327,Current,370159.56,Active
A01206,C05033,Current,728178.51,Active
A01207,C01571,Current,489978.14,Active
A01208,C03645,Current,621103.33,Active
A01209,C04741,Savings,323885.62,Active
A01210,C07378,Savings,648045.27,Closed
A01211,C09872,Current,522872.35,Active
A01212,C03346,Current,726101.88,Active
A01213,C09112,Savings,636023.57,Active
A01214,C03621,Investment,457357.39,Inactive
A01215,C07680,Investment,672458.11,Inactive
A01216,C03461,Savings,693692.37,Active
A01217,C02704,Savings,594269.04,Active
A01218,C09530,Investment,421185.30,Active
A01219,C05945,Savings,681254.40,Active
A01220,C02094,Current,12671.65,Active
A01221,C08586,Current,638258.58,Active
A01222,C06608,Investment,458284.91,Closed
A01223,C08098,Current,471560.22,Inactive
A01224,C09311,Investment,678861.29,Active
A01225,C02332,Investment,583991.48,Active
A01226,C01459,Investment,1968.70,Active
A01227,C03035,Current,147489.74,Active
A01228,C02768,Savings,104060.21,Active
A01229,C06561,Savings,907636.78,Active
A01230,C03374,Investment,676987.71,Active
A01231,C09775,Investment,257913.88,Active
A01232,C09773,Current,8215.45,Active
A01233,C05700,Current,788087.36,Active
A01234,C05936,Current,778916.53,Active
A01235,C03251,Savings,470460.22,Active
A01236,C03559,Savings,54521.79,Active
A01237,C01492,Savings,662524.40,Active
A01238,C07664,Savings,380789.25,Active
A01239,C02749,Current,736094.55,Active
A01240,C07557,Savings,720096.61,Active
A01241,C02786,Investment,205300.59,Inactive
A01242,C07406,Current,564715.99,Active
A01243,C01071,Current,667864.24,Active
A01244,C01574,Investment,124718.53,Active
A01245,C04954,Investment,519877.89,Active
A01246,C00376,Investment,442922.78,Closed
A01247,C02528,Current,310232.24,Inactive
A01248,C07329,Investment,886681.60,Active
A01249,C03240,Investment,469559.55,Active
A01250,C05949,Investment,939505.67,Active
A01251,C07058,Savings,787105.13,Active
A01252,C00381,Investment,198629.69,Active
A01253,C06797,Current,915376.27,Active
A01254,C05993,Investment,949637.47,Active
A01255,C04679,Current,751475.92,Active
A01256,C04455,Current,435893.74,Active
A01257,C04918,Current,914252.41,Active
A01258,C03831,Investment,441039.47,Active
A01259,C00934,Investment,771221.91,Inactive
A01260,C05335,Savings,501672.28,Active
A01261,C05436,Current,437306.42,Inactive
A01262,C01440,Investment,192191.10,Active
A01263,C04964,Investment,449910.58,Active
A01264,C08662,Investment,502954.40,Closed
A01265,C04481,Savings,815472.92,Active
A01266,C09933,Current,508603.12,Active
A01267,C08248,Savings,395676.29,Active
A01268,C00947,Savings,240503.91,Active
A01269,C09350,Investment,592100.97,Active
A01270,C04595,Current,802412.87,Closed
A01271,C02710,Current,930408.56,Active
A01272,C03805,Current,251884.18,Active
A01273,C05407,Savings,996749.19,Active
A01274,C01674,Investment,356313.60,Active
A01275,C03853,Investment,452421.54,Active
A01276,C08945,Savings,210367.37,Inactive
A01277,C06875,Investment,291446.66,Active
A01278,C04910,Investment,802578.59,Active
A01279,C06593,Current,441854.81,Active
A01280,C09550,Savings,657416.36,Inactive
A01281,C06981,Savings,187076.43,Active
A01282,C05539,Savings,985027.95,Active
A01283,C09414,Investment,405655.37,Active
A01284,C05754,Investment,788862.71,Active
A01285,C01150,Investment,563465.95,Active
A01286,C00695,Current,123500.58,Active
A01287,C03631,Savings,217458.34,Active
A01288,C08910,Current,714934.13,Active
A01289,C00021,Savings,815107.55,Active
A01290,C05172,Investment,1323.39,Inactive
A01291,C02742,Investment,339397.25,Inactive
A01292,C03163,Investment,12550.15,Closed
A01293,C00511,Savings,185175.09,Active
A01294,C05797,Current,95582.22,Active
A01295,C06141,Investment,55744.22,Active
A01296,C01485,Investment,295908.41,Active
A01297,C09477,Savings,190503.07,Active
A01298,C06123,Savings,877210.10,Active
A01299,C09431,Savings,672171.11,Active
A01300,C09718,Savings,833480.88,Active
A01301,C08721,Current,82402.44,Active
A01302,C08069,Savings,483544.14,Active
A01303,C05099,Investment,947972.65,Active
A01304,C03343,Investment,163773.24,Active
A01305,C09151,Investment,954267.11,Active
A01306,C05991,Savings,490905.31,Inactive
A01307,C01662,Investment,423141.88,Active
A01308,,Savings,208328.18,Active
A01309,C03191,Current,576911.00,Active
A01310,C02209,Savings,562975.06,Inactive
A01311,C04345,Savings,666059.59,Inactive
A01312,C03494,Current,872909.32,Active
A01313,C07720,Current,363852.23,Active
A01314,C06314,Savings,716631.67,Active
A01315,C00114,Current,400027.10,Active
A01316,C02971,Current,789204.23,Active
A01317,C00538,Investment,230323.12,Active
A01318,C06363,Investment,996644.29,Active
A01319,C01204,Current,318682.89,Active
A01320,C02753,Savings,118761.78,Active
A01321,C01040,Investment,82786.92,Active
A01322,C02159,Investment,710745.15,Active
A01323,C09973,Savings,196471.39,Active
A01324,C05852,Investment,874941.82,Active
A01325,C08116,Investment,720922.65,Active
A01326,C07032,Savings,221940.57,Active
A01327,C05585,Investment,431044.33,Active
A01328,C08273,Investment,605695.76,Active
A01329,C01728,Savings,881591.68,Active
A01330,C01766,Investment,763047.21,Inactive
A01331,C00794,Current,359950.89,Active
A01332,C01460,Savings,141840.78,Active
A01333,C03558,Current,6879.88,Active
A01334,C04491,Savings,941483.32,Inactive
A01335,C00219,Current,255853.67,Active
A01336,C06670,Savings,876566.34,Active
A01337,C08185,Savings,257397.71,Active
A01338,C09041,Savings,273901.96,Active
A01339,C04320,Current,566473.08,Active
A01340,C06619,Savings,591031.94,Active
A01341,C05447,Investment,35696.78,Active
A01342,C07484,Current,341139.80,Active
A01343,C09135,Savings,684572.75,Active
A01344,C05708,Investment,654207.38,Active
A01345,C02321,Investment,982819.21,Active
A01346,C02345,Investment,619044.10,Active
A01347,C05884,Current,929982.80,Closed
A01348,C07260,Current,179962.45,Active
A01349,C08744,Current,454685.22,Active
A01350,C09910,Savings,878259.09,Active
A01351,C03199,Savings,96630.49,Inactive
A01352,C04681,Current,139844.96,Closed
A01353,C06568,Savings,469943.81,Active
A01354,C06150,Investment,320848.61,Inactive
A01355,C02208,Investment,388033.09,Active
A01356,C07308,Current,85717.55,Active
A01357,C06340,Savings,768959.32,Active
A01358,C07134,Savings,768225.68,Active
A01359,C08554,Savings,270798.25,Inactive
A01360,C08985,Investment,917572.03,Closed
A01361,C06768,Current,650816.44,Active
A01362,C06056,Current,158243.91,Active
A01363,C08046,Investment,296057.04,Active
A01364,C05963,Current,951893.67,Active
A01365,C02417,Current,148811.16,Active
A01366,C03328,Current,152220.18,Active
A01367,C06395,Savings,1686.98,Active
A01368,C08561,Investment,309590.90,Active
A01369,C01025,Current,180573.05,Active
A01370,C00927,Current,772941.94,Active
A01371,C05898,Investment,897196.98,Active
A01372,C01437,Savings,719273.04,Active
A01373,C06087,Current,17641.61,Active
A01374,C03768,Current,664217.76,Active
A01375,C02079,Investment,718110.64,Active
A01376,C09905,Savings,883308.37,Inactive
A01377,C09481,Current,916500.77,Inactive
A01378,C03707,Investment,109893.85,Active
A01379,C01231,Current,862257.47,Active
A01380,C08819,Current,512481.71,Active
A01381,C03225,Investment,842987.48,Active
A01382,C07893,Investment,762297.04,Active
A01383,C04977,Savings,756568.62,Active
A01384,C01881,Current,930629.53,Active
A01385,C01520,Savings,492594.13,Inactive
A01386,C08472,Savings,502746.00,Active
A01387,C00699,Investment,567295.22,Active
A01388,C05092,Savings,973450.66,Active
A01389,C07589,Investment,772584.55,Active
A01390,C07131,Savings,679603.41,Active
A01391,C07758,Current,972431.36,Active
A01392,C05683,Savings,417594.50,Active
A01393,C04924,Investment,523155.78,Active
A01394,C03202,Investment,757438.21,Active
A01395,C02443,Current,311505.58,Active
A01396,C02102,Investment,322607.84,Active
A01397,C01108,Current,970027.26,Active
A01398,C03057,Investment,26217.03,Active
A01399,C04089,Current,337073.04,Active
A01400,C08639,Savings,511273.63,Active
A01401,C00117,Current,441939.37,Active
A01402,C06221,Current,708882.71,Active
A01403,C08853,Investment,969899.02,Active
A01404,C08202,Current,79951.40,Active
A01405,C00912,Investment,473165.40,Active
A01406,C03525,Investment,911394.45,Active
A01407,C09899,Savings,103620.23,Active
A01408,C02233,Current,129266.19,Active
A01409,C00565,Current,841555.64,Active
A01410,C01347,Current,790561.91,Active
A01411,C00063,Investment,819219.60,Active
A01412,C06352,Savings,278085.59,Active
A01413,C02333,Investment,788665.23,Active
A01414,C05012,Current,708119.47,Active
A01415,C03355,Savings,70058.41,Active
A01416,C07846,Savings,810963.30,Active
A01417,C05938,Savings,227854.53,Active
A01418,C04533,Investment,932904.05,Active
A01419,C07081,Investment,467935.77,Active
A01420,C00749,Investment,206815.81,Active
A01421,C03708,Current,302226.40,Active
A01422,C05969,Investment,711727.89,Active
A01423,C09037,Investment,413942.38,Active
A01424,C08695,Investment,507081.74,Active
A01425,C07802,Investment,404067.43,Inactive
A01426,C02144,Savings,366989.68,Active
A01427,C08178,Investment,255871.85,Active
A01428,C03598,Investment,128436.01,Inactive
A01429,C09558,Savings,952625.51,Active
A01430,C01926,Savings,168211.75,Active
A01431,C09865,Current,264774.63,Active
A01432,C07193,Savings,290547.89,Active
A01433,C01928,Current,732104.00,Inactive
A01434,C08608,Savings,797758.25,Active
A01435,C05074,Current,472127.05,Inactive
A01436,C04192,Savings,459583.55,Active
A01437,C06308,Current,859768.68,Closed
A01438,C05788,Current,13509.19,Active
A01439,C07362,Current,962392.68,Active
A01440,C09006,Savings,121026.07,Closed
A01441,C08828,Savings,121801.32,Active
A01442,C03483,Investment,415922.77,Closed
A01443,C02704,Current,556041.40,Active
A01444,C07215,Savings,427235.02,Active
A01445,C03531,Investment,206784.48,Inactive
A01446,C04905,Investment,779468.39,Active
A01447,C07060,Investment,166933.65,Active
A01448,C06592,Current,660472.76,Active
A01449,C04476,Investment,352962.18,Active
A01450,C02978,Savings,253122.15,Inactive
A01451,C03369,Current,521530.07,Active
A01452,C09475,Investment,92480.77,Closed
A01453,C05068,Current,352132.67,Active
A01454,C04283,Savings,119233.36,Inactive
A01455,C03851,Current,557772.94,Active
A01456,C00311,Current,559552.06,Active
A01457,C03695,Current,253167.85,Inactive
A01458,C01554,Savings,689608.13,Active
A01459,C09493,Current,925790.61,Active
A01460,C09052,Investment,710040.38,Active
A01461,C04228,Savings,74178.25,Active
A01462,C09402,Savings,921474.68,Active
A01463,C06720,Savings,909680.36,Active
A01464,C09441,Current,178088.83,Active
A01465,C07007,Investment,492878.53,Active
A01466,C09306,Savings,361519.16,Active
A01467,C01179,Savings,833615.69,Active
A01468,C07955,Current,998421.34,Active
A01469,C05670,Savings,774655.34,Closed
A01470,C00385,Investment,652704.87,Active
A01471,C02936,Current,786836.23,Inactive
A01472,C03146,Savings,608197.81,Active
A01473,C08029,Current,115866.51,Inactive
A01474,C00544,Savings,75920.88,Active
A01475,C01742,Current,308640.30,Closed
A01476,C05044,Current,184245.25,Active
A01477,C04115,Current,618856.11,Active
A01478,C04286,Investment,604105.17,Active
A01479,C08595,Current,98151.56,Inactive
A01480,C04098,Current,704331.70,Active
A01481,C09877,Investment,955764.36,Active
A01482,C07885,Savings,530785.26,Inactive
A01483,C06250,Current,613483.78,Active
A01484,C07566,Investment,231935.27,Active
A01485,C00600,Investment,675908.93,Active
A01486,C02970,Savings,458611.16,Active
A01487,C03666,Investment,174277.57,Active
A01488,C06340,Investment,566338.13,Closed
A01489,C04374,Current,620829.44,Active
A01490,C05965,Current,915090.43,Active
A01491,C03203,Savings,768452.56,Active
A01492,C00117,Savings,116515.89,Active
A01493,C01571,Current,676251.44,Active
A01494,C02997,Investment,836856.34,Active
A01495,C09605,Current,508468.46,Active
A01496,C09042,Investment,536504.70,Active
A01497,C09017,Current,754570.40,Active
A01498,C08582,Current,673876.72,Active
A01499,C05682,Investment,379123.73,Closed
A01500,C09686,Current,829448.01,Inactive
A01501,C03188,Current,274532.85,Inactive
A01502,C00837,Savings,383296.14,Active
A01503,C06482,Current,658195.06,Inactive
A01504,C05746,Investment,394314.39,Inactive
A01505,C04323,Investment,335443.97,Active
A01506,C06345,Current,619401.47,Active
A01507,C04344,Current,744836.98,Active
A01508,C03910,Current,853815.10,Inactive
A01509,C05239,Investment,37042.83,Active
A01510,C04149,Savings,774878.14,Active
A01511,C08113,Savings,600915.27,Active
A01512,C04472,Investment,831917.87,Active
A01513,C06527,Current,878616.47,Active
A01514,C04239,Current,877651.73,Active
A01515,C05725,Current,554411.68,Inactive
A01516,C07898,Investment,8284.09,Active
A01517,C03538,Savings,729667.75,Active
A01518,C06602,Investment,189300.44,Active
A01519,C01981,Savings,407674.65,Active
A01520,C08600,Savings,696930.81,Active
A01521,C00479,Current,222189.55,Active
A01522,C04503,Savings,352396.40,Active
A01523,C06330,Savings,177501.23,Closed
A01524,C04220,Savings,314911.84,Active
A01525,C02313,Current,361603.19,Active
A01526,C08733,Current,632008.09,Active
A01527,C03312,Current,924600.75,Active
A01528,C06997,Current,691965.28,Closed
A01529,C06457,Current,745821.42,Active
A01530,C02237,Current,197369.45,Active
A01531,C07775,Current,112347.90,Active
A01532,C00880,Investment,954972.20,Active
A01533,C01144,Savings,877248.65,Active
A01534,C08016,Current,45875.71,Active
A01535,C01806,Investment,873978.57,Active
A01536,C06419,Current,976776.46,Active
A01537,C07561,Current,566215.69,Active
A01538,C08493,Savings,995849.12,Inactive
A01539,C00356,Current,88107.86,Active
A01540,C05267,Current,862348.81,Active
A01541,C07751,Investment,590452.07,Inactive
A01542,C00376,Current,669012.76,Active
A01543,C03006,Current,32672.62,Active
A01544,C00476,Investment,404084.19,Active
A01545,C05475,Current,756461.09,Active
A01546,C01396,Investment,846292.43,Active
A01547,C01962,Savings,600114.51,Active
A01548,C06540,Savings,862832.67,Active
A01549,C02087,Savings,492492.27,Active
A01550,C09802,Investment,588661.45,Closed
A01551,C01679,Investment,736682.92,Active
A01552,C04071,Current,411814.70,Active
A01553,C00148,Current,916749.73,Active
A01554,C00192,Current,579200.84,Active
A01555,C06627,Investment,364001.82,Inactive
A01556,C07002,Current,41788.36,Active
A01557,C07456,Investment,205779.95,Active
A01558,C04938,Current,531377.16,Active
A01559,C03216,Savings,228770.03,Active
A01560,C05756,Current,213853.66,Inactive
A01561,C05384,Investment,285463.52,Active
A01562,C04769,Current,620570.88,Active
A01563,C08423,Savings,614724.78,Active
A01564,C07401,Investment,869265.83,Active
A01565,C06390,Current,246458.79,Inactive
A01566,C07013,Current,744461.62,Active
A01567,C08235,Current,948217.16,Closed
A01568,C00683,Investment,562406.27,Active
A01569,C05169,Investment,588036.03,Active
A01570,C03051,Investment,34640.64,Active
A01571,C06091,Current,6073.79,Active
A01572,C05608,Savings,423902.21,Active
A01573,C00887,Savings,743473.95,Active
A01574,C00619,Savings,607444.66,Active
A01575,C06590,Current,196637.81,Active
A01576,C09837,Savings,910344.24,Active
A01577,C06547,Current,265472.47,Active
A01578,C04012,Savings,440726.72,Active
A01579,C01923,Current,275903.33,Active
A01580,C00986,Savings,682934.72,Active
A01581,C02677,Savings,118357.53,Inactive
A01582,C09983,Current,215786.84,Active
A01583,C05348,Savings,22969.66,Active
A01584,C01285,Investment,947423.40,Active
A01585,C00639,Investment,854469.12,Inactive
A01586,C02070,Savings,301655.49,Inactive
A01587,C00534,Investment,238276.33,Closed
A01588,C05679,Current,531155.98,Active
A01589,C03564,Investment,359556.67,Active
A01590,C07954,Investment,447623.82,Active
A01591,C08609,Investment,151210.57,Active
A01592,C05399,Investment,680229.20,Active
A01593,C01720,Current,858163.28,Active
A01594,C07963,Savings,859703.30,Active
A01595,C08442,Savings,437154.20,Active
A01596,C02155,Investment,355680.77,Closed
A01597,C08265,Current,185481.24,Active
A01598,C07652,Investment,419383.91,Active
A01599,C08618,Investment,724093.64,Active
A01600,C05546,Investment,41977.66,Active
A01601,C08410,Savings,575612.33,Active
A01602,C05380,Current,262539.98,Active
A01603,C06352,Savings,675531.92,Active
A01604,C04820,Investment,554852.11,Active
A01605,C01887,Investment,845461.44,Active
A01606,C08363,Investment,137094.06,Active
A01607,C06672,Investment,291190.34,Active
A01608,C05447,Savings,444176.10,Inactive
A01609,C09760,Current,347323.09,Active
A01610,C03447,Current,861081.77,Active
A01611,C01275,Savings,508281.82,Active
A01612,C02500,Current,439200.65,Active
A01613,C07325,Current,627957.83,Inactive
A01614,C04449,Current,574849.49,Active
A01615,C04651,Investment,118354.49,Active
A01616,C07330,Savings,851674.36,Active
A01617,C04069,Current,596538.98,Active
A01618,C00279,Current,63062.10,Active
A01619,C05423,Current,600245.57,Active
A01620,C05088,Investment,688300.98,Active
A01621,C04345,Investment,845606.42,Active
A01622,C06986,Savings,198280.50,Active
A01623,C06911,Investment,845608.85,Active
A01624,C05405,Current,586537.24,Active
A01625,C00490,Savings,776746.71,Active
A01626,C04318,Investment,734503.32,Active
A01627,C04934,Savings,782456.22,Inactive
A01628,C02508,Current,148377.78,Active
A01629,C05906,Savings,805464.02,Inactive
A01630,C06027,Savings,693737.34,Active
A01631,C01692,Current,906495.65,Active
A01632,C00810,Savings,339645.84,Closed
A01633,C05512,Investment,241418.98,Active
A01634,C05827,Investment,963462.50,Inactive
A01635,C05957,Current,801618.70,Closed
A01636,C06947,Investment,956355.13,Active
A01637,C03335,Current,794537.66,Inactive
A01638,C07925,Investment,970569.23,Active
A01639,C06796,Investment,54914.55,Active
A01640,C05835,Savings,302220.69,Active
A01641,C09512,Savings,30939.32,Active
A01642,C00833,Current,201722.12,Active
A01643,C06072,Current,680812.05,Active
A01644,C02600,Savings,626121.48,Active
A01645,C09554,Savings,223844.46,Active
A01646,C00758,Investment,681967.89,Active
A01647,C01124,Investment,680290.49,Active
A01648,C09434,Investment,983340.75,Active
A01649,C00401,Savings,34378.52,Active
A01650,C09042,Savings,597620.05,Active
A01651,C06053,Savings,174038.33,Active
A01652,C04671,Savings,33945.33,Active
A01653,C03889,Investment,217916.38,Active
A01654,C03982,Current,587848.08,Active
A01655,C00040,Investment,-100000.00,Active
A01656,C09184,Investment,448098.69,Active
A01657,C01029,Investment,532763.49,Active
A01658,C04869,Current,952639.01,Active
A01659,C01628,Current,773151.90,Active
A01660,C04071,Investment,882088.21,Inactive
A01661,C02214,Investment,8894.24,Active
A01662,C08397,Investment,93612.34,Active
A01663,C06632,Current,292809.92,Active
A01664,C06768,Current,275539.08,Active
A01665,C07588,Investment,559246.42,Active
A01666,C02728,Current,599671.71,Active
A01667,C03926,Current,594289.37,Active
A01668,C08492,Savings,683416.27,Active
A01669,C07269,Current,273353.53,Active
A01670,C05098,Current,526948.05,Active
A01671,C05013,Current,384638.19,Active
A01672,C09324,Investment,703435.03,Active
A01673,C05359,Current,808278.14,Active
A01674,C02363,Savings,615434.98,Active
A01675,C02501,Investment,379475.82,Active
A01676,C00183,Investment,938803.97,Active
A01677,C04396,Investment,389212.35,Active
A01678,C08510,Savings,958778.07,Active
A01679,C08811,Savings,839942.40,Active
A01680,C02391,Savings,665324.06,Active
A01681,C02235,Current,384324.96,Active
A01682,C03044,Savings,227329.86,Active
A01683,C07963,Investment,558439.15,Active
A01684,C06338,Investment,712586.26,Active
A01685,C06778,Current,919997.60,Active
A01686,C08534,Current,496276.62,Active
A01687,C04350,Current,328530.14,Active
A01688,C05334,Investment,775782.12,Active
A01689,C06093,Current,502913.27,Active
A01690,C00035,Savings,886805.69,Active
A01691,C02159,Current,637564.15,Active
A01692,C06953,Current,639508.46,Inactive
A01693,C04325,Savings,968147.09,Inactive
A01694,C02714,Current,37384.55,Active
A01695,C04184,Current,355776.53,Inactive
A01696,C04149,Savings,43268.65,Active
A01697,C01439,Investment,510591.47,Active
A01698,C07470,Investment,100652.24,Active
A01699,C00831,Savings,326471.33,Active
A01700,C01519,Investment,971040.33,Active
A01701,C00356,Current,409439.07,Active
A01702,C03858,Savings,317282.25,Inactive
A01703,C05235,Savings,543879.63,Active
A01704,C03073,Savings,833122.71,Active
A01705,C08204,Current,899143.74,Active
A01706,C03356,Savings,854354.22,Active
A01707,C00781,Current,129727.86,Active
A01708,C01570,Savings,402809.52,Inactive
A01709,C08281,Investment,970572.23,Active
A01710,C08046,Savings,39122.16,Active
A01711,C09882,Savings,529216.10,Active
A01712,C04842,Investment,832051.52,Active
A01713,C09808,Savings,334418.60,Active
A01714,C00311,Investment,181010.14,Active
A01715,C07033,Savings,957520.88,Active
A01716,C03532,Current,903662.34,Active
A01717,C03175,Savings,312799.14,Inactive
A01718,C07930,Current,731841.69,Active
A01719,C06002,Savings,221604.47,Active
A01720,C00178,Investment,751419.44,Inactive
A01721,C02293,Savings,402052.01,Active
A01722,C04711,Current,803772.71,Active
A01723,C07536,Savings,283233.72,Active
A01724,C02540,Savings,284135.10,Active
A01725,C02069,Current,282721.82,Active
A01726,C02943,Current,425560.09,Active
A01727,C00709,Savings,222442.10,Active
A01728,C06781,Current,340412.83,Active
A01729,C02385,Current,454235.47,Active
A01730,C02455,Current,457445.92,Active
A01731,C00888,Investment,242712.33,Active
A01732,C07751,Investment,58385.63,Active
A01733,C05146,Savings,8708.58,Inactive
A01734,C05837,Investment,845613.26,Inactive
A01735,C07154,Investment,487940.81,Active
A01736,C00045,Current,462898.02,Active
A01737,C01164,Savings,84145.86,Active
A01738,C06277,Current,869630.96,Active
A01739,C02953,Savings,365610.46,Active
A01740,C09411,Savings,760480.45,Inactive
A01741,C00274,Investment,865173.93,Active
A01742,C04619,Investment,583178.87,Active
A01743,C01342,Current,331516.21,Active
A01744,C07248,Investment,297503.19,Active
A01745,C01774,Investment,528484.99,Active
A01746,C04447,Savings,396548.88,Active
A01747,C08657,Current,628451.96,Active
A01748,C01809,Investment,25525.28,Active
A01749,C04991,Savings,856337.80,Active
A01750,C01062,Current,710384.77,Active
A01751,C00538,Current,99427.73,Active
A01752,C03119,Current,391959.37,Active
A01753,C04061,Savings,980540.69,Active
A01754,C03902,Savings,316393.50,Active
A01755,C06035,Investment,303352.39,Active
A01756,C00868,Savings,578061.28,Active
A01757,C04618,Savings,406214.81,Closed
A01758,C03823,Current,929147.07,Active
A01759,C02404,Savings,786503.44,Active
A01760,C04417,Current,62426.18,Active
A01761,C05588,Investment,700370.96,Active
A01762,C09041,Investment,834839.56,Active
A01763,C03477,Investment,819936.75,Active
A01764,C01517,Current,642301.86,Active
A01765,C06130,Current,529656.93,Active
A01766,C09915,Current,375600.77,Active
A01767,C01547,Current,951887.90,Active
A01768,C09221,Savings,31496.08,Active
A01769,C00938,Investment,347814.12,Active
A01770,C09662,Savings,774677.49,Active
A01771,C08982,Savings,248101.37,Active
A01772,C07998,Investment,212670.47,Inactive
A01773,C04711,Investment,500068.08,Active
A01774,C04223,Investment,300677.52,Active
A01775,C04850,Current,828206.63,Closed
A01776,C05474,Investment,203429.22,Active
A01777,C07653,Savings,664282.89,Inactive
A01778,C06262,Current,7699.77,Active
A01779,C02948,Savings,469504.88,Inactive
A01780,C05249,Current,148057.71,Inactive
A01781,C02987,Current,111548.79,Active
A01782,C02624,Current,27043.28,Active
A01783,C06276,Investment,819263.31,Active
A01784,C09194,Current,513020.19,Inactive
A01785,C01926,Savings,989869.47,Inactive
A01786,C03610,Current,838598.85,Active
A01787,C01115,Investment,279059.80,Active
A01788,C09106,Savings,654026.83,Active
A01789,C03217,Savings,500094.55,Active
A01790,C02754,Investment,25099.09,Inactive
A01791,C08584,Current,465474.18,Active
A01792,C08123,Savings,85542.21,Active
A01793,C07605,Savings,697962.99,Active
A01794,C01648,Savings,563604.99,Active
A01795,C09829,Current,306602.77,Active
A01796,C08043,Current,203078.07,Active
A01797,C09743,Current,390953.12,Active
A01798,C01837,Investment,817618.02,Active
A01799,C05802,Savings,970963.44,Active
A01800,C03935,Investment,834074.64,Inactive
A01801,C07530,Current,730876.39,Active
A01802,C09992,Savings,352354.12,Active
A01803,C05848,Savings,424991.32,Active
A01804,C08601,Current,639323.21,Active
A01805,C08870,Savings,551445.73,Active
A01806,C08030,Investment,497140.90,Active
A01807,C04623,Current,451675.71,Active
A01808,C05458,Investment,550516.04,Active
A01809,C03854,Current,387241.96,Active
A01810,C07696,Savings,178266.31,Active
A01811,C00592,Savings,612022.41,Active
A01812,C06226,Current,426359.97,Active
A01813,C02437,Current,810046.08,Active
A01814,C01459,Investment,420808.47,Active
A01815,C03100,Savings,370191.36,Active
A01816,C03488,Investment,77225.47,Active
A01817,C07838,Investment,217532.80,Active
A01818,C06445,Investment,133472.08,Active
A01819,C07823,Current,232910.66,Active
A01820,C05432,Savings,424102.16,Active
A01821,C02225,Investment,675861.25,Active
A01822,C08044,Current,480574.43,Active
A01823,C03053,Investment,158485.95,Active
A01824,C09655,Savings,291092.45,Active
A01825,C07407,Savings,571014.84,Active
A01826,C02090,Savings,579430.12,Active
A01827,C07539,Investment,432069.96,Inactive
A01828,C00133,Savings,568090.37,Active
A01829,C07199,Current,836661.28,Active
A01830,C00909,Current,326331.11,Active
A01831,C08110,Investment,483033.41,Active
A01832,C01293,Current,301354.93,Active
A01833,C02057,Investment,301966.86,Active
A01834,C05231,Savings,350392.43,Active
A01835,C01254,Savings,690244.21,Active
A01836,C00519,Investment,141581.82,Closed
A01837,C02588,Savings,619281.99,Active
A01838,C03082,Current,591932.63,Inactive
A01839,C07385,Investment,352986.29,Active
A01840,C04204,Savings,200267.80,Active
A01841,C08780,Current,890022.27,Active
A01842,C00079,Investment,537570.01,Active
A01843,C06550,Investment,759258.02,Active
A01844,C09490,Investment,915953.74,Active
A01845,C01740,Savings,786063.53,Active
A01846,C04913,Savings,858249.35,Active
A01847,C09716,Current,261182.11,Active
A01848,C04562,Investment,151103.44,Inactive
A01849,C00023,Savings,850949.87,Active
A01850,C08273,Investment,877414.05,Active
A01851,C01862,Savings,959425.82,Active
A01852,C09605,Savings,370341.21,Closed
A01853,C05259,Savings,529140.71,Active
A01854,C01271,Savings,90063.36,Active
A01855,C00616,Savings,300268.59,Active
A01856,C00872,Investment,93416.07,Closed
A01857,C06751,Current,841721.14,Inactive
A01858,C02644,Current,188189.04,Active
A01859,C05478,Current,284548.51,Closed
A01860,C00054,Savings,961551.61,Active
A01861,C05599,Investment,251409.79,Active
A01862,C02780,Savings,663947.74,Active
A01863,C00065,Current,836696.98,Active
A01864,C07288,Savings,666741.57,Active
A01865,C06307,Current,913156.57,Inactive
A01866,C05580,Current,472812.14,Active
A01867,C00830,Current,51673.04,Active
A01868,C09351,Investment,853379.78,Active
A01869,C07234,Investment,995217.44,Active
A01870,C06410,Savings,337959.73,Active
A01871,C01400,Investment,178143.85,Inactive
A01872,C02711,Current,633474.88,Active
A01873,C06544,Savings,383586.79,Active
A01874,C09952,Current,436686.44,Active
A01875,C01408,Investment,732200.26,Inactive
A01876,C04421,Savings,192553.24,Active
A01877,C07123,Current,360296.80,Active
A01878,C02302,Investment,341203.56,Inactive
A01879,C01104,Current,904886.03,Active
A01880,C05235,Investment,117456.26,Active
A01881,C01621,Investment,373837.12,Active
A01882,C02793,Investment,60484.95,Active
A01883,C04982,Investment,179103.18,Active
A01884,C09583,Savings,643481.90,Active
A01885,C04639,Savings,570858.50,Inactive
A01886,C04430,Investment,113790.14,Active
A01887,C00113,Savings,217182.71,Active
A01888,C05929,Investment,703569.09,Inactive
A01889,C09521,Savings,580907.27,Active
A01890,C02760,Current,322125.99,Active
A01891,C01978,Savings,820970.15,Active
A01892,C07377,Current,890139.50,Active
A01893,C08292,Investment,303423.33,Active
A01894,C08245,Investment,960395.96,Active
A01895,C05964,Investment,297997.71,Active
A01896,C08888,Savings,463887.77,Inactive
A01897,C09829,Savings,248045.66,Active
A01898,C05357,Investment,951694.66,Inactive
A01899,C05115,Current,694154.85,Active
A01900,C05135,Savings,796100.86,Active
A01901,C09171,Investment,26410.98,Active
A01902,C03125,Savings,517865.00,Inactive
A01903,C03568,Savings,359944.62,Active
A01904,C08743,Savings,887324.15,Active
A01905,C02999,Investment,251454.95,Active
A01906,C00203,Investment,126258.87,Inactive
A01907,C04126,Current,174981.21,Active
A01908,C01339,Investment,243453.45,Active
A01909,C00165,Savings,313821.59,Inactive
A01910,C04148,Savings,242499.85,Active
A01911,C00645,Current,474612.80,Active
A01912,C02206,Investment,918796.41,Active
A01913,C09668,Investment,493999.80,Active
A01914,C06990,Investment,395743.91,Active
A01915,C00849,Investment,701099.22,Inactive
A01916,C08180,Current,863394.81,Active
A01917,C07354,Investment,338703.27,Active
A01918,C00849,Savings,241860.88,Active
A01919,C00587,Current,854619.07,Active
A01920,C09804,Investment,863080.81,Closed
A01921,C02370,Current,798480.53,Active
A01922,C02254,Current,277232.80,Active
A01923,C04741,Savings,437431.14,Active
A01924,C08714,Investment,671240.97,Active
A01925,C07953,Current,752703.28,Closed
A01926,C03833,Investment,551357.03,Active
A01927,C03597,Investment,657906.74,Active
A01928,C02774,Investment,576981.62,Inactive
A01929,C03141,Investment,626931.76,Active
A01930,C07528,Investment,651259.05,Active
A01931,C07834,Investment,918695.51,Active
A01932,C03806,Current,903883.32,Active
A01933,C03785,Savings,521543.33,Active
A01934,C09484,Savings,71705.74,Active
A01935,C06986,Investment,579019.07,Active
A01936,C01326,Investment,191978.00,Active
A01937,C07661,Investment,57971.35,Active
A01938,C07689,Investment,4293.22,Active
A01939,C00101,Investment,559031.22,Inactive
A01940,C04875,Investment,283270.07,Active
A01941,C06546,Savings,782455.89,Active
A01942,C08267,Current,704645.03,Active
A01943,C01159,Savings,547287.22,Active
A01944,C05331,Investment,359044.57,Active
A01945,C04215,Investment,280194.16,Active
A01946,C02807,Savings,900324.51,Active
A01947,C05516,Savings,196948.34,Active
A01948,C03096,Investment,35534.42,Active
A01949,C01103,Current,294851.12,Active
A01950,C03411,Investment,689075.75,Active
A01951,C01631,Savings,597053.68,Active
A01952,C05614,Savings,672851.86,Closed
A01953,C07027,Savings,402500.89,Active
A01954,C09919,Savings,942838.76,Active
A01955,C00499,Current,65820.63,Active
A01956,C02333,Savings,238020.63,Active
A01957,C07977,Investment,787059.12,Active
A01958,C00648,Investment,199523.31,Closed
A01959,C02827,Savings,633667.64,Active
A01960,C02293,Investment,81098.14,Active
A01961,C08624,Investment,654187.32,Active
A01962,C03770,Current,944589.43,Active
A01963,C07261,Investment,682308.40,Active
A01964,C02278,Savings,71535.48,Active
A01965,C05197,Investment,423688.48,Active
A01966,C08160,Savings,71259.91,Active
A01967,C03373,Savings,990541.80,Active
A01968,C00265,Investment,504364.73,Active
A01969,C03945,Savings,816594.86,Active
A01970,C05478,Investment,888731.52,Active
A01971,C00432,Savings,235641.52,Inactive
A01972,C01566,Investment,801365.33,Active
A01973,C06841,Current,547594.51,Active
A01974,C01519,Investment,38397.10,Active
A01975,C01110,Investment,153912.87,Active
A01976,C04143,Savings,544429.39,Active
A01977,C02208,Investment,262528.86,Active
A01978,C06957,Investment,550602.64,Active
A01979,C03139,Savings,759728.80,Active
A01980,C09939,Investment,478769.04,Inactive
A01981,C00177,Savings,665075.15,Closed
A01982,C04590,Savings,644583.00,Active
A01983,C04192,Savings,724512.57,Active
A01984,C02126,Savings,44344.31,Active
A01985,C00738,Savings,294934.56,Active
A01986,C01076,Savings,629377.17,Active
A01987,C01999,Savings,336891.92,Active
A01988,C07459,Investment,304158.01,Active
A01989,C07740,Savings,684947.90,Active
A01990,C03802,Investment,960136.57,Active
A01991,C07607,Savings,657279.66,Active
A01992,C01258,Investment,523211.88,Active
A01993,C09164,Investment,554761.32,Active
A01994,C07438,Current,424095.81,Active
A01995,C06080,Savings,218519.84,Active
A01996,C01253,Savings,790044.11,Active
A01997,C01377,Investment,970990.43,Active
A01998,C07479,Investment,636225.20,Active
A01999,C04551,Investment,477074.95,Active
A02000,C05919,Savings,587341.76,Active
A02001,C08214,Current,929463.33,Active
A02002,C01385,Investment,736808.00,Active
A02003,C03660,Current,114355.75,Active
A02004,C00502,Current,961878.56,Active
A02005,C06599,Current,728186.42,Active
A02006,C01753,Current,876496.40,Active
A02007,C08356,Current,620196.61,Inactive
A02008,C01738,Investment,637922.50,Active
A02009,C06412,Investment,141068.91,Active
A02010,C04570,Current,601349.72,Active
A02011,C09561,Savings,448610.23,Active
A02012,C05181,Current,32065.65,Active
A02013,C08464,Current,847592.55,Inactive
A02014,C00139,Savings,977144.03,Active
A02015,C01224,Current,198022.60,Active
A02016,C04573,Savings,56114.65,Inactive
A02017,C05883,Investment,649232.01,Active
A02018,C03589,Investment,320290.91,Active
A02019,C00591,Current,759085.90,Inactive
A02020,C09724,Investment,413766.54,Active
A02021,C08247,Investment,538508.58,Active
A02022,C02700,Investment,716091.48,Active
A02023,C01735,Savings,740526.93,Active
A02024,C02292,Investment,666418.13,Inactive
A02025,C00355,Investment,311045.32,Active
A02026,C01115,Savings,782508.85,Active
A02027,C01731,Investment,444149.50,Active
A02028,C08806,Investment,16608.51,Inactive
A02029,C01553,Savings,952611.74,Closed
A02030,C09044,Current,409445.99,Active
A02031,C06856,Current,951085.09,Active
A02032,C07101,Savings,769821.33,Active
A02033,C08153,Savings,696008.42,Active
A02034,C06790,Current,83082.07,Active
A02035,C01925,Investment,463722.71,Active
A02036,C03784,Savings,157873.14,Active
A02037,C00771,Investment,285980.30,Active
A02038,C00478,Current,245029.67,Active
A02039,C06164,Investment,423721.44,Active
A02040,C07912,Investment,892249.98,Active
A02041,C00981,Savings,639448.14,Active
A02042,C03729,Investment,982629.61,Active
A02043,C07247,Investment,595206.35,Active
A02044,C09665,Investment,143589.44,Active
A02045,C09399,Savings,284346.17,Active
A02046,C08641,Savings,106176.82,Inactive
A02047,C03140,Savings,94151.29,Active
A02048,C04726,Savings,136763.49,Active
A02049,C04331,Current,689650.41,Active
A02050,C01588,Investment,787354.44,Active
A02051,C06017,Investment,81593.09,Active
A02052,C00932,Savings,246484.77,Active
A02053,C07542,Current,198612.64,Active
A02054,C05802,Current,806259.25,Active
A02055,C00465,Investment,331273.10,Active
A02056,C05165,Savings,875463.88,Active
A02057,C03367,Savings,73966.45,Active
A02058,C01790,Investment,67395.01,Active
A02059,C00443,Investment,138371.13,Active
A02060,C08009,Savings,248598.74,Active
A02061,C09553,Savings,53705.32,Active
A02062,C02107,Savings,76311.99,Active
A02063,C04339,Savings,647082.25,Active
A02064,C07172,Investment,986346.54,Active
A02065,C05989,Savings,560977.61,Active
A02066,C05177,Current,120799.19,Active
A02067,C01781,Investment,313357.42,Active
A02068,C09354,Investment,611498.54,Active
A02069,C02322,Current,792314.10,Active
A02070,C04510,Current,315268.98,Active
A02071,C05190,Investment,971255.03,Active
A02072,C02085,Investment,641514.49,Active
A02073,C08747,Savings,270441.80,Active
A02074,C05095,Savings,183789.45,Active
A02075,C03193,Current,555605.31,Active
A02076,C05699,Investment,56907.51,Active
A02077,C05461,Investment,172223.43,Active
A02078,C05507,Savings,926131.25,Active
A02079,C00747,Current,716355.38,Active
A02080,C09600,Investment,882637.14,Active
A02081,C07391,Savings,361351.49,Active
A02082,C04829,Savings,358770.41,Active
A02083,C07756,Current,489168.31,Active
A02084,C04481,Investment,391127.83,Active
A02085,C04019,Savings,306813.02,Active
A02086,C00867,Savings,435326.28,Active
A02087,C08718,Investment,924004.53,Active
A02088,C08952,Current,126780.03,Active
A02089,C07496,Current,806421.20,Active
A02090,C08141,Current,594099.07,Active
A02091,C09216,Current,903309.05,Inactive
A02092,C06224,Savings,583226.77,Active
A02093,C00363,Current,25332.96,Active
A02094,C05906,Current,810016.36,Active
A02095,C03246,Investment,435628.82,Active
A02096,C07113,Savings,573931.17,Closed
A02097,C03647,Savings,842564.86,Active
A02098,C07680,Savings,440919.85,Active
A02099,C02230,Current,668760.39,Inactive
A02100,C01707,Investment,477447.18,Active
A02101,C06460,Savings,218389.01,Active
A02102,C03787,Investment,680717.08,Active
A02103,C09577,Current,247278.76,Active
A02104,C08332,Investment,259398.01,Active
A02105,C02533,Current,557253.98,Active
A02106,C03978,Current,91714.57,Inactive
A02107,C09692,Current,570338.91,Active
A02108,C05508,Current,604892.45,Active
A02109,C05806,Investment,623556.03,Active
A02110,C08308,Savings,174127.42,Active
A02111,C01790,Current,709920.92,Active
A02112,C02355,Current,729618.14,Active
A02113,C02175,Savings,931843.39,Active
A02114,C00388,Savings,214063.99,Closed
A02115,C06458,Investment,914311.96,Active
A02116,C01678,Current,409246.35,Active
A02117,C00499,Investment,277496.12,Active
A02118,C06381,Current,664116.24,Active
A02119,C02677,Investment,378395.35,Active
A02120,C02012,Savings,350864.80,Inactive
A02121,C02151,Investment,718740.06,Active
A02122,C07813,Investment,292661.65,Active
A02123,C09629,Current,170538.43,Inactive
A02124,C08617,Investment,947425.48,Active
A02125,C06882,Current,482037.65,Active
A02126,C03380,Investment,210985.56,Active
A02127,C03556,Savings,820099.65,Closed
A02128,C07485,Savings,731677.54,Active
A02129,C07217,Investment,963426.57,Active
A02130,C09478,Savings,80731.93,Closed
A02131,C01962,Savings,12907.59,Active
A02132,C08024,Current,756833.75,Active
A02133,C03174,Investment,627013.72,Closed
A02134,C08552,Current,956456.86,Active
A02135,C06270,Current,217359.50,Active
A02136,C05918,Current,476926.26,Active
A02137,C00432,Current,182333.64,Active
A02138,C09166,Savings,66427.85,Active
A02139,C00497,Investment,810090.06,Closed
A02140,C00848,Current,623074.09,Active
A02141,C07653,Current,850141.03,Inactive
A02142,C01728,Savings,612688.47,Closed
A02143,C04509,Savings,742334.74,Active
A02144,C00847,Savings,684679.49,Active
A02145,C06114,Investment,639262.26,Inactive
A02146,C00440,Investment,150228.25,Active
A02147,C00304,Savings,607888.05,Active
A02148,C02832,Savings,561214.27,Active
A02149,C01400,Savings,943823.58,Active
A02150,C09574,Current,347822.42,Active
A02151,C05298,Investment,414113.23,Active
A02152,C03844,Savings,76310.86,Active
A02153,C08456,Investment,465094.15,Active
A02154,C07541,Current,446034.28,Active
A02155,C03240,Savings,197415.57,Active
A02156,C09025,Investment,538890.51,Active
A02157,C00050,Investment,283726.40,Active
A02158,C05509,Savings,170130.71,Active
A02159,C04583,Savings,946870.06,Inactive
A02160,C00772,Current,513723.64,Active
A02161,C08088,Investment,350199.03,Active
A02162,C07940,Current,341334.45,Active
A02163,C00081,Investment,339440.75,Active
A02164,C04976,Current,44051.04,Active
A02165,C07172,Savings,901355.67,Active
A02166,C04773,Investment,393952.76,Active
A02167,C08220,Current,955479.56,Active
A02168,C02046,Current,767404.89,Active
A02169,C05054,Savings,651649.68,Active
A02170,C05308,Savings,682297.03,Active
A02171,C06576,Savings,106939.49,Inactive
A02172,C04273,Investment,194185.45,Active
A02173,C03297,Investment,904347.56,Active
A02174,C06188,Current,257153.26,Active
A02175,C09109,Investment,560184.46,Inactive
A02176,C06873,Investment,511232.29,Active
A02177,C05897,Investment,315350.80,Active
A02178,C01235,Savings,55546.79,Active
A02179,C07156,Current,641465.31,Closed
A02180,C04747,Savings,504499.71,Active
A02181,C09488,Current,538437.09,Inactive
A02182,C03550,Current,473236.89,Active
A02183,C02624,Current,575416.01,Inactive
A02184,C01795,Current,740794.63,Active
A02185,C09792,Investment,998344.02,Inactive
A02186,C04239,Savings,986579.57,Active
A02187,C00240,Current,440955.47,Active
A02188,C07905,Investment,589591.35,Active
A02189,C01119,Investment,838164.80,Active
A02190,C09502,Savings,985764.53,Inactive
A02191,C09659,Savings,757094.81,Active
A02192,C03614,Investment,969058.80,Active
A02193,C07695,Savings,963936.06,Active
A02194,C01931,Savings,364841.66,Inactive
A02195,C03025,Savings,155144.91,Active
A02196,C00441,Investment,780648.06,Active
A02197,C08290,Investment,349577.48,Active
A02198,C06020,Savings,142719.64,Active
A02199,C05578,Current,381276.79,Active
A02200,C08842,Investment,854220.41,Inactive
A02201,C05467,Current,811386.44,Active
A02202,C09925,Savings,698085.69,Active
A02203,C03313,Current,74101.62,Inactive
A02204,C04029,Investment,406256.65,Active
A02205,C02049,Investment,516067.17,Active
A02206,C08784,Current,616915.92,Active
A02207,C07272,Investment,802898.43,Active
A02208,C00453,Investment,498836.68,Active
A02209,C00721,Savings,499220.95,Inactive
A02210,C01628,Current,787392.28,Active
A02211,C07294,Savings,992872.94,Active
A02212,C09688,Savings,729842.29,Active
A02213,C05061,Current,197778.28,Active
A02214,C01351,Investment,728480.58,Active
A02215,C06252,Savings,504230.23,Active
A02216,C07155,Savings,875111.34,Inactive
A02217,C07832,Investment,490302.96,Active
A02218,C00102,Investment,325709.41,Closed
A02219,C08219,Current,429653.45,Active
A02220,C04760,Investment,724708.72,Active
A02221,C04491,Savings,489543.80,Active
A02222,C03832,Investment,64456.32,Active
A02223,C09902,Investment,501069.31,Active
A02224,C03396,Investment,258980.71,Active
A02225,C01347,Investment,161872.19,Active
A02226,C03585,Investment,869649.40,Active
A02227,C08588,Savings,123550.30,Active
A02228,C00391,Savings,461564.95,Active
A02229,C03468,Savings,662155.31,Active
A02230,C04475,Investment,259308.92,Active
A02231,C06880,Current,923737.50,Active
A02232,C05954,Investment,266652.65,Active
A02233,C07613,Investment,696034.27,Active
A02234,C04862,Current,418272.07,Active
A02235,C03780,Investment,85434.45,Active
A02236,C05081,Current,440731.02,Active
A02237,C07375,Current,932281.17,Active
A02238,C07095,Current,401469.84,Active
A02239,C06457,Savings,562576.64,Active
A02240,C08195,Investment,737654.55,Active
A02241,C02289,Investment,436354.54,Active
A02242,C05254,Savings,71539.03,Active
A02243,C04711,Investment,623581.86,Active
A02244,C08671,Savings,593691.36,Active
A02245,C02353,Current,361232.23,Active
A02246,C02323,Savings,5941.94,Active
A02247,C09077,Current,692649.31,Active
A02248,C09951,Savings,595316.89,Active
A02249,C03804,Investment,526660.34,Active
A02250,C04516,Savings,62641.77,Active
A02251,C02289,Current,415470.69,Closed
A02252,C03313,Investment,38385.59,Active
A02253,C01438,Current,247924.54,Active
A02254,C08913,Investment,190728.57,Active
A02255,C03917,Savings,820976.57,Inactive
A02256,C01778,Savings,801170.39,Active
A02257,C00352,Current,354288.10,Active
A02258,C05299,Current,523547.13,Active
A02259,C02187,Investment,290260.12,Active
A02260,C06434,Savings,344259.20,Active
A02261,C06752,Investment,458001.62,Active
A02262,C07452,Investment,953744.93,Active
A02263,C01194,Current,957688.24,Inactive
A02264,C03273,Investment,502169.42,Active
A02265,C01459,Investment,242294.36,Active
A02266,C06512,Current,913953.51,Active
A02267,C04055,Investment,987020.95,Active
A02268,C08891,Investment,805808.26,Active
A02269,C08802,Current,664630.22,Active
A02270,C08748,Savings,327693.74,Active
A02271,C00753,Investment,123544.23,Active
A02272,C09555,Savings,775138.57,Inactive
A02273,C07081,Savings,264473.25,Active
A02274,C09876,Current,634186.78,Active
A02275,C02755,Investment,196730.27,Active
A02276,C08793,Current,138250.78,Active
A02277,C05930,Savings,485761.14,Active
A02278,C03134,Current,481905.09,Active
A02279,C09933,Savings,91365.40,Inactive
A02280,C02149,Investment,988061.17,Active
A02281,C08102,Savings,607110.81,Active
A02282,C05126,Investment,741464.74,Inactive
A02283,C00148,Savings,540486.47,Active
A02284,C02603,Savings,915191.86,Active
A02285,C05986,Investment,76156.29,Active
A02286,C04490,Current,731278.67,Active
A02287,C04993,Investment,271391.28,Active
A02288,C02466,Savings,94756.63,Active
A02289,C06686,Savings,632537.51,Active
A02290,C03476,Investment,353454.30,Active
A02291,C04718,Savings,732061.41,Active
A02292,C05293,Savings,673923.02,Active
A02293,C04531,Savings,235782.55,Active
A02294,C05143,Current,944455.32,Active
A02295,C08636,Current,66480.22,Active
A02296,C02616,Savings,142002.19,Active
A02297,C04875,Savings,753270.51,Active
A02298,C07994,Current,369703.50,Active
A02299,C09835,Savings,737763.75,Active
A02300,C03017,Investment,55053.89,Active
A02301,C09258,Investment,791426.06,Active
A02302,C04342,Current,4905.58,Inactive
A02303,C03314,Savings,25024.47,Active
A02304,C07669,Current,97096.41,Active
A02305,C03861,Investment,329216.87,Active
A02306,C02118,Current,475240.40,Active
A02307,C08021,Current,355244.40,Active
A02308,C06519,Savings,438133.49,Active
A02309,C07796,Savings,338215.68,Active
A02310,C01749,Current,468684.57,Active
A02311,C06384,Current,428562.69,Active
A02312,C04048,Investment,217938.64,Active
A02313,C02090,Investment,266989.71,Active
A02314,C00836,Savings,961757.83,Active
A02315,C01610,Savings,884817.55,Active
A02316,C03647,Investment,250311.36,Active
A02317,C02583,Current,619111.38,Active
A02318,C05416,Investment,181754.63,Active
A02319,C07315,Current,189754.88,Active
A02320,C09257,Savings,831515.08,Active
A02321,C09891,Savings,221826.25,Inactive
A02322,C09839,Savings,148890.19,Active
A02323,C09822,Savings,567791.91,Active
A02324,C05162,Current,668289.58,Active
A02325,C04716,Savings,85191.51,Active
A02326,C06905,Investment,187786.11,Active
A02327,C06416,Investment,721922.90,Active
A02328,C01456,Savings,4851.42,Active
A02329,C04120,Savings,394480.16,Inactive
A02330,C06428,Current,290811.29,Active
A02331,C02628,Investment,778359.10,Active
A02332,C06856,Investment,93811.81,Active
A02333,C00123,Investment,57318.02,Active
A02334,C02706,Current,398575.49,Active
A02335,C05229,Savings,462353.76,Active
A02336,C08312,Current,921818.97,Active
A02337,C07904,Savings,57321.83,Inactive
A02338,C03087,Investment,750859.24,Active
A02339,C00234,Savings,588413.58,Inactive
A02340,C06931,Savings,634502.15,Active
A02341,C08430,Investment,860606.33,Active
A02342,C07797,Current,884824.09,Active
A02343,C06057,Investment,413774.69,Active
A02344,C09057,Investment,309757.12,Active
A02345,C00456,Savings,290005.62,Active
A02346,C03549,Savings,184626.69,Active
A02347,C06203,Current,648858.72,Closed
A02348,C06769,Investment,285760.64,Active
A02349,C01066,Current,297389.63,Active
A02350,C03289,Current,121966.36,Active
A02351,C03343,Current,972894.57,Active
A02352,C08433,Current,109117.06,Active
A02353,C08188,Current,569312.52,Active
A02354,C09279,Current,913206.01,Active
A02355,C06748,Savings,42733.25,Inactive
A02356,C03747,Investment,219708.98,Active
A02357,C02515,Savings,569799.53,Active
A02358,C04458,Investment,257030.81,Active
A02359,C00143,Investment,160596.10,Closed
A02360,C02096,Current,93488.61,Active
A02361,C05786,Current,917891.26,Active
A02362,C03244,Current,641532.86,Active
A02363,C06497,Current,46028.78,Active
A02364,C02359,Current,307578.06,Active
A02365,C07732,Savings,545578.15,Active
A02366,C07974,Savings,179758.91,Active
A02367,C01997,Savings,620313.71,Active
A02368,C02435,Current,892599.48,Active
A02369,C09931,Savings,167029.40,Active
A02370,C00540,Savings,716582.85,Active
A02371,C05008,Investment,394728.94,Active
A02372,C04265,Savings,461404.42,Active
A02373,C09694,Current,198938.41,Active
A02374,C08942,Current,538958.50,Active
A02375,C04818,Current,403471.56,Active
A02376,C00394,Savings,950933.15,Active
A02377,C02554,Current,304144.83,Active
A02378,C06425,Current,607958.65,Active
A02379,C03637,Current,929355.61,Active
A02380,C09259,Investment,309987.47,Active
A02381,C08284,Savings,878917.61,Active
A02382,C00269,Investment,327652.28,Active
A02383,C05476,Investment,427746.47,Active
A02384,C03021,Current,380942.44,Active
A02385,C02398,Savings,807386.84,Active
A02386,C05365,Current,734674.18,Active
A02387,C04015,Investment,945533.74,Active
A02388,C06765,Investment,820217.61,Active
A02389,C02714,Current,960982.32,Active
A02390,C04432,Current,177658.90,Active
A02391,C03948,Current,638395.53,Inactive
A02392,C07053,Current,398359.83,Active
A02393,C01641,Current,599895.84,Active
A02394,C01425,Investment,49149.05,Active
A02395,C08409,Current,169637.56,Active
A02396,C06327,Investment,746463.59,Active
A02397,C07715,Investment,967002.11,Active
A02398,C04106,Investment,894239.37,Active
A02399,C00312,Savings,680500.67,Active
A02400,C05902,Savings,520621.33,Active
A02401,C05309,Current,800202.07,Active
A02402,C04911,Current,48002.93,Active
A02403,C08852,Savings,695707.84,Active
A02404,C01663,Investment,248326.39,Active
A02405,C06473,Investment,741460.39,Active
A02406,C06895,Investment,69048.90,Active
A02407,C03334,Current,965590.60,Active
A02408,C04059,Investment,969761.79,Active
A02409,C00039,Savings,776119.73,Inactive
A02410,C02621,Savings,77702.10,Active
A02411,C08212,Current,181200.17,Active
A02412,C02512,Savings,580360.26,Active
A02413,C03544,Savings,928252.47,Active
A02414,C06472,Investment,760100.47,Active
A02415,C01091,Current,768255.30,Active
A02416,C02908,Savings,168793.58,Active
A02417,C04005,Savings,549714.87,Inactive
A02418,C07929,Savings,35929.36,Active
A02419,C05697,Investment,19149.68,Active
A02420,C04013,Savings,663423.55,Active
A02421,C05247,Current,904144.66,Active
A02422,C00226,Savings,699457.09,Active
A02423,C09533,Investment,997687.02,Active
A02424,C07585,Current,868950.64,Active
A02425,C03483,Savings,939072.00,Active
A02426,C08677,Savings,257921.49,Active
A02427,C08361,Current,114618.79,Inactive
A02428,C05122,Current,719063.89,Active
A02429,C01889,Savings,465730.91,Active
A02430,C09052,Current,11784.02,Active
A02431,C08734,Savings,906207.49,Active
A02432,C00873,Savings,623621.33,Active
A02433,C08515,Savings,861186.52,Active
A02434,C03312,Current,627472.37,Active
A02435,C01869,Savings,837538.16,Active
A02436,C06234,Investment,681581.98,Active
A02437,C09836,Investment,215480.28,Active
A02438,C01247,Investment,234202.87,Active
A02439,C05740,Savings,711687.44,Active
A02440,C05914,Savings,655885.07,Active
A02441,C02688,Savings,221022.32,Active
A02442,C07657,Investment,346976.08,Active
A02443,C08670,Investment,215890.03,Inactive
A02444,C08096,Investment,27545.75,Active
A02445,C01368,Current,446488.19,Active
A02446,C07095,Current,794870.83,Active
A02447,C06741,Investment,136563.69,Active
A02448,C02942,Current,96754.84,Active
A02449,C06505,Current,754258.39,Active
A02450,C03832,Savings,171461.46,Active
A02451,C09395,Current,84585.69,Active
A02452,C05538,Savings,641075.76,Active
A02453,C00196,Current,792148.94,Active
A02454,C08551,Current,779527.02,Active
A02455,C05616,Savings,447911.36,Active
A02456,C00044,Investment,260198.35,Active
A02457,C08975,Current,413447.58,Active
A02458,C01021,Savings,781887.45,Active
A02459,C07147,Current,610361.67,Active
A02460,C00114,Investment,655395.84,Active
A02461,C00389,Investment,450056.57,Active
A02462,C04819,Savings,340402.75,Active
A02463,C05275,Current,718168.29,Active
A02464,C08152,Savings,442424.10,Active
A02465,C09748,Current,243132.26,Active
A02466,C08987,Savings,565143.14,Active
A02467,C08965,Savings,131305.66,Active
A02468,C01475,Savings,64147.72,Active
A02469,C00454,Current,895495.76,Active
A02470,C08752,Savings,73923.00,Active
A02471,C00648,Current,30440.74,Active
A02472,C06574,Current,65151.74,Active
A02473,C04476,Current,802170.04,Active
A02474,C07552,Savings,668625.07,Active
A02475,C05762,Current,567173.59,Inactive
A02476,C09112,Current,952176.43,Active
A02477,C01468,Savings,894340.01,Active
A02478,C04172,Savings,448383.16,Active
A02479,C00414,Current,635085.23,Active
A02480,C01315,Savings,542866.32,Active
A02481,C01974,Investment,63378.37,Active
A02482,C04496,Current,699002.30,Active
A02483,C06589,Current,439539.14,Inactive
A02484,C09576,Current,130117.06,Active
A02485,C00475,Savings,484455.31,Active
A02486,C01550,Current,422743.42,Active
A02487,C07917,Current,758624.00,Active
A02488,C02500,Investment,206430.09,Active
A02489,C05735,Savings,306028.35,Active
A02490,C02657,Current,460988.37,Active
A02491,C03107,Investment,149619.66,Active
A02492,C05789,Investment,588467.99,Active
A02493,C08719,Current,524610.27,Active
A02494,C03863,Current,709044.81,Active
A02495,C07514,Savings,619779.76,Inactive
A02496,C03116,Savings,628991.96,Active
A02497,C07744,Investment,627388.87,Active
A02498,C04177,Savings,894385.53,Active
A02499,C09427,Investment,401483.01,Active
A02500,C09936,Investment,309026.46,Active
A02501,C08745,Current,267300.57,Active
A02502,C04071,Investment,557679.52,Active
A02503,C06438,Investment,347456.57,Active
A02504,C09877,Savings,553520.60,Active
A02505,C07438,Current,166855.61,Closed
A02506,C07755,Savings,334156.82,Closed
A02507,C03699,Savings,857030.71,Inactive
A02508,C06397,Investment,158879.54,Inactive
A02509,C06735,Current,195237.25,Active
A02510,C00969,Savings,262541.42,Inactive
A02511,C01506,Current,398959.23,Active
A02512,C05626,Savings,972319.94,Active
A02513,C06573,Savings,799911.28,Active
A02514,C06875,Savings,887007.32,Active
A02515,C07527,Savings,284029.06,Active
A02516,C05949,Investment,118076.14,Inactive
A02517,C05022,Savings,271624.23,Active
A02518,C02414,Savings,78418.67,Active
A02519,C04345,Investment,265711.69,Closed
A02520,C05447,Current,641903.47,Active
A02521,C01328,Investment,554659.31,Active
A02522,C02944,Investment,768507.14,Active
A02523,C08285,Savings,899332.16,Active
A02524,C01823,Savings,978723.79,Active
A02525,C08047,Investment,610840.32,Inactive
A02526,C06348,Current,178855.38,Active
A02527,C08211,Current,174355.91,Active
A02528,C03348,Current,215193.26,Inactive
A02529,C08656,Current,375282.53,Active
A02530,C01938,Current,240625.61,Active
A02531,C07614,Current,809711.52,Active
A02532,C01234,Investment,221021.00,Active
A02533,C09320,Savings,917483.94,Inactive
A02534,C00799,Current,957902.78,Active
A02535,C09138,Savings,260815.32,Active
A02536,C01249,Savings,724493.88,Active
A02537,C04113,Current,979712.57,Inactive
A02538,C03910,Investment,478922.45,Active
A02539,C06291,Savings,309229.97,Active
A02540,C01164,Current,632272.45,Active
A02541,C06894,Investment,743702.55,Active
A02542,C00434,Current,809193.60,Active
A02543,C06771,Savings,750201.58,Inactive
A02544,C09948,Savings,881071.05,Active
A02545,C01047,Investment,912948.78,Active
A02546,C00606,Current,338827.20,Active
A02547,C04363,Current,84441.07,Active
A02548,C01678,Savings,900491.52,Active
A02549,C02274,Investment,990946.63,Active
A02550,C00723,Savings,909864.36,Active
A02551,C03068,Current,165892.43,Inactive
A02552,C08866,Current,789413.35,Closed
A02553,C08380,Savings,639232.83,Active
A02554,C02829,Savings,554630.00,Inactive
A02555,C04330,Investment,702314.21,Active
A02556,C02311,Current,37649.61,Active
A02557,C06473,Current,618268.60,Active
A02558,C07417,Investment,875221.27,Active
A02559,C01011,Investment,68381.38,Active
A02560,C04419,Savings,258130.82,Active
A02561,C07794,Savings,842346.32,Active
A02562,C08737,Current,68661.98,Closed
A02563,C09484,Current,170487.54,Active
A02564,C05277,Investment,599375.33,Inactive
A02565,C04478,Current,975310.69,Active
A02566,C07157,Savings,895495.71,Inactive
A02567,C09975,Investment,171266.07,Active
A02568,C05571,Current,499413.58,Active
A02569,C09844,Investment,535107.52,Active
A02570,C06389,Current,435113.93,Active
A02571,C01634,Savings,369602.84,Active
A02572,C04467,Investment,672980.11,Active
A02573,C00073,Current,817490.62,Active
A02574,C00913,Savings,341659.14,Active
A02575,C00417,Savings,531208.25,Active
A02576,C06715,Investment,633092.26,Active
A02577,C00248,Investment,419724.65,Active
A02578,C07668,Current,18074.03,Active
A02579,C01342,Savings,87985.49,Active
A02580,C04768,Savings,390030.47,Active
A02581,C06221,Current,838621.88,Active
A02582,C01701,Investment,24316.04,Active
A02583,C04546,Current,582845.39,Active
A02584,C05719,Investment,633569.28,Active
A02585,C06120,Savings,337029.77,Active
A02586,C04001,Current,773109.59,Active
A02587,C09679,Current,39029.28,Active
A02588,C06838,Investment,926609.67,Active
A02589,C05288,Current,896155.38,Active
A02590,C04129,Investment,812605.42,Active
A02591,C05778,Investment,920564.34,Active
A02592,C01246,Savings,171361.95,Active
A02593,C09025,Current,419889.39,Active
A02594,C00842,Savings,660011.96,Active
A02595,C02784,Savings,852066.02,Active
A02596,C02870,Investment,274477.29,Active
A02597,C07015,Current,877492.88,Active
A02598,C06512,Current,255540.46,Inactive
A02599,C09237,Investment,53682.62,Active
A02600,C03672,Investment,517489.98,Active
A02601,C07171,Savings,59791.11,Active
A02602,C01470,Current,570779.67,Active
A02603,C02112,Current,144358.66,Active
A02604,C05241,Current,889053.50,Active
A02605,C08903,Current,70121.45,Closed
A02606,C09966,Current,375740.95,Active
A02607,C02639,Investment,285035.90,Active
A02608,C02144,Investment,434951.78,Active
A02609,C04443,Savings,511610.91,Active
A02610,C06519,Savings,205288.62,Inactive
A02611,C01249,Savings,527682.86,Active
A02612,C08127,Savings,449374.74,Active
A02613,C06266,Current,996603.43,Inactive
A02614,C03090,Investment,219293.54,Active
A02615,C04700,Savings,712186.50,Active
A02616,C07881,Savings,804643.87,Active
A02617,C00791,Savings,203130.08,Active
A02618,C03792,Savings,505098.79,Active
A02619,C04610,Savings,529611.83,Active
A02620,C06876,Investment,804535.96,Active
A02621,C02962,Investment,16877.20,Active
A02622,C03264,Savings,223295.60,Inactive
A02623,C08853,Savings,731430.08,Active
A02624,C01095,Savings,580771.52,Inactive
A02625,C07955,Investment,976464.44,Inactive
A02626,C08171,Current,783339.30,Active
A02627,C06817,Current,765479.43,Active
A02628,C05098,Current,349245.32,Active
A02629,C00954,Savings,250943.91,Closed
A02630,C01816,Investment,331492.81,Inactive
A02631,C04098,Savings,358869.96,Active
A02632,C01820,Savings,901840.89,Active
A02633,C03348,Investment,315819.01,Active
A02634,C00808,Investment,618650.58,Active
A02635,C03149,Investment,250239.50,Active
A02636,C01348,Savings,365858.22,Active
A02637,C01145,Current,973830.91,Active
A02638,C05511,Investment,785680.43,Active
A02639,C02348,Current,251148.66,Active
A02640,C06924,Savings,386121.70,Active
A02641,C01739,Current,632609.77,Active
A02642,C04866,Current,815151.51,Active
A02643,C02576,Savings,932612.89,Inactive
A02644,C06883,Current,562924.59,Active
A02645,C04178,Investment,136673.96,Active
A02646,C09485,Current,249998.94,Active
A02647,C04619,Savings,437345.49,Active
A02648,C07832,Savings,345531.73,Active
A02649,C02584,Savings,740786.47,Active
A02650,C05919,Investment,620383.97,Active
A02651,C01830,Savings,374865.22,Active
A02652,C04334,Investment,986377.57,Active
A02653,C01387,Investment,670227.03,Active
A02654,C09658,Current,830321.19,Active
A02655,C01353,Current,679019.63,Active
A02656,C09542,Savings,749390.96,Active
A02657,C04527,Current,836374.68,Active
A02658,C04804,Current,433126.43,Active
A02659,C02366,Savings,824841.75,Active
A02660,C04225,Savings,968566.22,Active
A02661,C02560,Investment,526792.55,Active
A02662,C05988,Current,256390.23,Inactive
A02663,C01133,Investment,588334.53,Active
A02664,C09816,Investment,347303.24,Active
A02665,C04936,Current,-1.00,Active
A02666,C03744,Current,490602.45,Active
A02667,C05632,Savings,743160.83,Inactive
A02668,C00457,Savings,797659.38,Active
A02669,C01257,Current,484074.24,Active
A02670,C08115,Savings,270579.87,Inactive
A02671,C00703,Investment,248941.86,Active
A02672,C03631,Investment,298774.64,Active
A02673,C09625,Investment,128375.18,Active
A02674,C01439,Current,885357.24,Active
A02675,C05303,Savings,488307.93,Active
A02676,C02936,Investment,503335.09,Inactive
A02677,C03297,Savings,760520.43,Active
A02678,C08027,Investment,899213.93,Active
A02679,C01480,Current,680375.10,Active
A02680,C06411,Investment,935601.39,Active
A02681,C05875,Investment,468627.93,Active
A02682,C05977,Current,677665.67,Active
A02683,C06904,Current,560118.27,Active
A02684,C04941,Savings,566107.49,Active
A02685,C03916,Current,251633.29,Active
A02686,C05598,Investment,882725.65,Active
A02687,C06772,Savings,863755.01,Active
A02688,C03393,Investment,334886.99,Closed
A02689,C03070,Savings,261538.30,Active
A02690,C01223,Investment,149442.10,Active
A02691,C06621,Savings,593865.45,Active
A02692,C02381,Investment,709313.70,Inactive
A02693,C07390,Investment,892089.29,Active
A02694,C06355,Investment,486597.99,Active
A02695,C07893,Investment,753910.61,Active
A02696,C09938,Current,739786.26,Active
A02697,C06961,Savings,59396.68,Active
A02698,C00835,Current,708912.79,Active
A02699,C03002,Savings,762155.85,Active
A02700,C01288,Current,251189.22,Active
A02701,C01975,Savings,483194.17,Active
A02702,C00164,Savings,488369.66,Active
A02703,C01769,Investment,91386.32,Active
A02704,C06968,Savings,467224.24,Active
A02705,C00279,Investment,363457.94,Active
A02706,C06363,Savings,420641.13,Active
A02707,C03157,Savings,413814.79,Active
A02708,C07708,Savings,641532.06,Active
A02709,C07452,Current,392201.29,Active
A02710,C02724,Investment,521316.45,Active
A02711,C00031,Current,879992.67,Active
A02712,C00579,Savings,855289.84,Active
A02713,C03330,Savings,218783.59,Active
A02714,C08582,Savings,709738.88,Active
A02715,C06242,Savings,748401.49,Active
A02716,C03757,Current,839213.72,Active
A02717,C09123,Investment,690811.38,Active
A02718,C03979,Investment,4302.57,Active
A02719,C09547,Current,506070.21,Closed
A02720,C02274,Investment,68040.25,Active
A02721,C01050,Investment,103871.75,Active
A02722,C02681,Investment,762346.46,Active
A02723,C09878,Savings,809729.73,Active
A02724,C06412,Current,385552.84,Active
A02725,C04977,Current,176011.67,Active
A02726,C04035,Savings,414731.65,Active
A02727,C09528,Investment,280601.20,Active
A02728,C03295,Investment,491844.28,Active
A02729,C02835,Investment,664357.01,Active
A02730,C00506,Savings,491077.30,Active
A02731,C03243,Investment,742523.81,Active
A02732,C02545,Investment,251682.57,Active
A02733,C07344,Investment,330692.32,Active
A02734,C01608,Investment,631728.09,Active
A02735,C04089,Savings,369784.45,Active
A02736,C09101,Savings,456625.22,Active
A02737,C06522,Current,152610.97,Active
A02738,C04786,Investment,604028.83,Active
A02739,C02622,Investment,599793.86,Active
A02740,C08318,Investment,899561.53,Inactive
A02741,C01210,Current,121683.14,Active
A02742,C07238,Current,414242.26,Active
A02743,C04032,Current,726156.54,Active
A02744,C05768,Current,414517.01,Active
A02745,C08326,Savings,958848.02,Active
A02746,C06337,Savings,839841.46,Active
A02747,C04406,Investment,929035.83,Active
A02748,C00389,Savings,563160.44,Active
A02749,C04318,Investment,778917.37,Active
A02750,C04195,Investment,858516.07,Active
A02751,C06706,Current,77747.40,Inactive
A02752,C08886,Investment,844396.70,Active
A02753,C05570,Savings,777166.84,Closed
A02754,C00557,Investment,894898.07,Inactive
A02755,C06022,Investment,347332.13,Active
A02756,C07268,Investment,188320.58,Inactive
A02757,C09246,Investment,651521.64,Active
A02758,C05974,Investment,756858.33,Active
A02759,C00251,Savings,579594.27,Active
A02760,C02527,Investment,460214.92,Active
A02761,C01738,Investment,775226.21,Active
A02762,C06714,Savings,705767.77,Active
A02763,C00682,Current,136676.34,Active
A02764,C00477,Savings,926489.89,Active
A02765,C09021,Investment,101097.68,Active
A02766,C00187,Investment,618187.66,Active
A02767,C07811,Current,978523.10,Active
A02768,C00286,Savings,647221.19,Active
A02769,C04100,Investment,224565.00,Inactive
A02770,C05925,Current,483530.10,Active
A02771,C01649,Investment,629297.63,Active
A02772,C06646,Investment,857258.22,Active
A02773,C04703,Savings,589364.29,Active
A02774,C00557,Current,261379.19,Active
A02775,C03297,Investment,244744.74,Active
A02776,C09782,Savings,590753.24,Active
A02777,C05599,Current,987745.67,Inactive
A02778,C08728,Current,746517.53,Active
A02779,C00821,Current,517966.68,Active
A02780,C08746,Savings,59075.18,Active
A02781,C03480,Savings,137461.83,Active
A02782,C02886,Current,839281.10,Active
A02783,C05182,Current,984454.32,Active
A02784,C00798,Investment,33632.66,Active
A02785,C00848,Current,15115.17,Active
A02786,C04815,Current,123028.04,Active
A02787,C07649,Investment,13983.10,Active
A02788,C09502,Investment,56540.00,Inactive
A02789,C00573,Current,210425.26,Active
A02790,C05247,Current,393095.79,Inactive
A02791,C03798,Investment,309721.16,Active
A02792,C03998,Current,753484.24,Active
A02793,C09401,Investment,969447.35,Active
A02794,C04527,Savings,211457.18,Active
A02795,C05210,Investment,378585.11,Active
A02796,C03589,Savings,110101.30,Closed
A02797,C05737,Current,126726.80,Active
A02798,C04148,Investment,793157.43,Active
A02799,C01111,Savings,87499.96,Inactive
A02800,C00686,Savings,755940.42,Active
A02801,C00236,Investment,294513.05,Active
A02802,C04632,Savings,825865.88,Active
A02803,C07348,Investment,625230.55,Active
A02804,C00596,Investment,683558.16,Active
A02805,C02286,Savings,558264.25,Active
A02806,C06861,Current,389799.70,Active
A02807,C06345,Savings,841701.82,Active
A02808,C05246,Savings,894349.48,Active
A02809,C05075,Savings,648018.03,Active
A02810,C07707,Investment,218649.61,Active
A02811,C04755,Investment,700021.75,Active
A02812,C08652,Savings,511022.91,Active
A02813,C02640,Investment,756471.19,Active
A02814,C07336,Investment,9514.95,Active
A02815,C06257,Savings,510289.60,Inactive
A02816,C07732,Savings,348902.68,Active
A02817,C01309,Investment,326378.24,Active
A02818,C01728,Savings,812895.30,Active
A02819,C00926,Current,438275.94,Active
A02820,C07411,Current,72404.46,Active
A02821,C09154,Investment,607168.38,Active
A02822,C03731,Savings,921945.50,Active
A02823,C07274,Current,804023.28,Active
A02824,C05858,Investment,624621.51,Inactive
A02825,C03904,Investment,836124.65,Active
A02826,C00213,Current,438468.28,Active
A02827,C01815,Investment,872041.72,Active
A02828,C09783,Current,662727.85,Active
A02829,C05303,Current,750898.62,Active
A02830,C03103,Current,282522.11,Active
A02831,C07810,Current,698315.51,Active
A02832,C05066,Current,229650.58,Active
A02833,C02912,Current,443959.03,Active
A02834,C04869,Investment,811064.34,Active
A02835,C08714,Savings,983115.09,Active
A02836,C06870,Investment,843790.10,Active
A02837,C00796,Investment,113389.38,Active
A02838,C01708,Savings,819115.66,Active
A02839,C07091,Current,893261.57,Active
A02840,C08904,Current,75493.13,Active
A02841,C04700,Investment,421039.37,Closed
A02842,C06034,Savings,661357.74,Active
A02843,C08718,Savings,970584.55,Active
A02844,C08258,Investment,210309.14,Active
A02845,C09551,Savings,259917.71,Active
A02846,C00992,Savings,759642.76,Active
A02847,C07018,Savings,249375.48,Active
A02848,C05638,Current,203547.77,Active
A02849,C03385,Investment,578505.72,Active
A02850,C05892,Savings,279617.55,Active
A02851,C00879,Current,78053.20,Inactive
A02852,C05526,Investment,471038.35,Active
A02853,C02187,Current,193186.09,Active
A02854,C03319,Savings,961552.77,Closed
A02855,C02382,Current,89584.55,Active
A02856,C08608,Investment,672046.95,Active
A02857,C08377,Investment,378455.78,Inactive
A02858,C04112,Current,418548.68,Active
A02859,C03533,Investment,469923.54,Active
A02860,C09118,Current,651801.05,Active
A02861,C09180,Current,752347.18,Active
A02862,C06771,Investment,96886.76,Closed
A02863,C03101,Savings,796728.96,Active
A02864,C09371,Current,91186.13,Active
A02865,C02879,Investment,223697.30,Active
A02866,C00016,Current,186244.37,Active
A02867,C09499,Current,867673.89,Active
A02868,C08222,Current,275300.09,Active
A02869,C01056,Investment,613303.23,Active
A02870,C08681,Savings,86452.66,Active
A02871,C00839,Savings,347809.24,Active
A02872,C03327,Savings,505581.24,Active
A02873,C03126,Current,668070.19,Inactive
A02874,C00149,Current,983870.07,Active
A02875,C08957,Current,360929.21,Active
A02876,C08254,Investment,714078.19,Active
A02877,C01514,Savings,148611.38,Active
A02878,C06008,Savings,524984.54,Active
A02879,C08846,Current,907315.82,Active
A02880,C04787,Investment,211116.72,Active
A02881,C00829,Investment,680403.27,Active
A02882,C08819,Savings,211689.59,Active
A02883,C05923,Investment,439922.82,Active
A02884,C04743,Current,467363.90,Inactive
A02885,C03498,Current,210127.85,Active
A02886,C04000,Savings,852078.20,Active
A02887,C00687,Savings,469620.38,Active
A02888,C02495,Investment,769718.27,Active
A02889,C03400,Investment,890659.63,Active
A02890,C00805,Investment,825546.01,Active
A02891,C08186,Current,571392.23,Active
A02892,C07097,Savings,254872.94,Active
A02893,C03647,Investment,35534.86,Inactive
A02894,C01001,Investment,950798.73,Active
A02895,C06752,Savings,768834.84,Active
A02896,C02355,Investment,274847.42,Active
A02897,C05014,Savings,290814.19,Active
A02898,C05428,Current,615706.11,Inactive
A02899,C06200,Savings,163678.48,Active
A02900,C01245,Savings,634221.00,Active
A02901,C08636,Current,80719.02,Active
A02902,C06793,Investment,44715.72,Active
A02903,C00986,Savings,866438.76,Inactive
A02904,C04853,Current,591546.67,Active
A02905,C07245,Current,612870.69,Active
A02906,C08375,Investment,624635.30,Inactive
A02907,C06222,Savings,901623.13,Active
A02908,C00392,Current,389472.65,Active
A02909,C08919,Current,320130.09,Active
A02910,C03619,Savings,909268.45,Active
A02911,C00918,Savings,911264.04,Active
A02912,C03465,Investment,572663.25,Active
A02913,C04166,Savings,461454.11,Active
A02914,C00251,Investment,464590.69,Active
A02915,C08452,Current,24954.24,Active
A02916,C00419,Current,639055.29,Active
A02917,C06974,Current,445062.06,Active
A02918,C05568,Savings,930161.63,Active
A02919,C02000,Current,764195.39,Active
A02920,C09420,Current,357474.91,Active
A02921,C01082,Savings,563343.86,Active
A02922,C09051,Investment,166668.56,Active
A02923,C09487,Savings,157457.53,Active
A02924,C02948,Investment,958249.05,Inactive
A02925,C01184,Current,786352.25,Active
A02926,C08340,Investment,859666.47,Active
A02927,C02273,Savings,844898.30,Inactive
A02928,C08971,Savings,121078.01,Active
A02929,C06834,Investment,430681.13,Active
A02930,C00746,Current,759484.30,Active
A02931,C03736,Investment,136735.15,Active
A02932,C09833,Savings,232452.13,Active
A02933,C03910,Savings,247817.79,Closed
A02934,C02766,Current,46781.66,Active
A02935,C07969,Current,600753.73,Active
A02936,C03928,Investment,231123.45,Closed
A02937,C04845,Savings,758923.95,Inactive
A02938,C03801,Current,642716.15,Active
A02939,C03449,Investment,584447.96,Active
A02940,C09211,Current,737639.95,Active
A02941,C03683,Savings,523214.12,Active
A02942,C01574,Current,557068.49,Active
A02943,C02098,Investment,649200.67,Active
A02944,C00334,Current,974622.71,Active
A02945,C04463,Investment,511646.40,Active
A02946,C01734,Current,584966.81,Active
A02947,C01932,Investment,126132.07,Active
A02948,C08000,Savings,105667.89,Active
A02949,C07919,Current,289651.36,Active
A02950,C03793,Investment,108114.33,Active
A02951,C02046,Current,939715.59,Inactive
A02952,C00162,Savings,201208.89,Active
A02953,C06464,Investment,679921.57,Active
A02954,C04540,Investment,396731.87,Active
A02955,C07976,Savings,479383.97,Active
A02956,C09812,Current,405456.45,Inactive
A02957,C07250,Savings,219902.81,Active
A02958,C00952,Current,851350.13,Active
A02959,C04315,Savings,148831.79,Active
A02960,C08901,Savings,193767.65,Active
A02961,C03453,Investment,639768.34,Active
A02962,C02176,Investment,678702.35,Active
A02963,C04621,Savings,306830.00,Active
A02964,C05981,Savings,402751.65,Active
A02965,C09957,Investment,329280.56,Closed
A02966,C06119,Savings,690250.95,Active
A02967,C09186,Current,947201.14,Inactive
A02968,C03556,Investment,740824.68,Active
A02969,C06560,Current,523716.51,Active
A02970,C02449,Current,834393.19,Active
A02971,C04072,Current,244860.53,Active
A02972,C04385,Savings,610204.34,Inactive
A02973,C08441,Savings,756109.96,Active
A02974,C03428,Investment,763110.08,Active
A02975,C09821,Current,136513.63,Active
A02976,C06507,Savings,522396.71,Active
A02977,C05665,Savings,181659.60,Active
A02978,C07668,Savings,290989.47,Inactive
A02979,C01524,Savings,254704.90,Active
A02980,C08010,Investment,305275.79,Closed
A02981,C04462,Investment,489954.69,Active
A02982,C07366,Current,37904.01,Active
A02983,C00653,Investment,982947.58,Active
A02984,C01112,Investment,310720.11,Active
A02985,C06380,Current,575389.18,Inactive
A02986,C03818,Investment,385561.10,Active
A02987,C00514,Investment,201370.06,Active
A02988,C00348,Current,470671.84,Inactive
A02989,C06578,Investment,904034.43,Active
A02990,C01583,Savings,519369.90,Active
A02991,C04807,Savings,706055.91,Active
A02992,C05141,Current,625274.63,Active
A02993,C03516,Savings,474326.89,Active
A02994,C02647,Savings,897944.81,Active
A02995,C08295,Current,662093.79,Active
A02996,C06953,Investment,588605.42,Active
A02997,C08296,Current,181857.12,Active
A02998,C05050,Savings,119596.01,Active
A02999,C05437,Current,996731.87,Inactive
A03000,C06875,Current,933111.57,Active
A03001,C02383,Current,328364.11,Active
A03002,C02619,Investment,832083.30,Active
A03003,C02353,Investment,840226.26,Active
A03004,C08038,Investment,624168.92,Active
A03005,C08338,Current,911884.41,Active
A03006,C09461,Investment,582917.47,Active
A03007,C06625,Savings,638537.70,Active
A03008,C05697,Investment,999389.20,Active
A03009,C06028,Savings,465734.14,Active
A03010,C04557,Savings,456277.39,Active
A03011,C02032,Investment,321544.05,Active
A03012,C08095,Savings,493556.81,Active
A03013,C04186,Current,547889.16,Inactive
A03014,C01565,Current,749984.63,Active
A03015,C00969,Investment,734500.68,Active
A03016,C07284,Current,410887.18,Active
A03017,C02016,Savings,726858.31,Active
A03018,C00662,Current,768962.32,Active
A03019,C02604,Investment,411712.98,Active
A03020,C02892,Investment,562254.28,Active
A03021,C05410,Investment,792237.24,Active
A03022,C03378,Investment,268110.54,Closed
A03023,C07954,Investment,823010.42,Active
A03024,C06142,Savings,797165.28,Active
A03025,C09775,Current,689963.79,Active
A03026,C06683,Investment,824185.76,Active
A03027,C04520,Current,733031.27,Active
A03028,C07561,Investment,702544.17,Inactive
A03029,C03988,Investment,484830.64,Active
A03030,C00981,Investment,323291.89,Closed
A03031,C02341,Current,647911.85,Active
A03032,C07048,Investment,806777.78,Active
A03033,C09147,Current,195844.48,Active
A03034,C01751,Current,290186.29,Active
A03035,C00329,Current,62206.26,Inactive
A03036,C05738,Current,954137.02,Active
A03037,C04809,Savings,201777.17,Active
A03038,C06502,Current,465383.37,Active
A03039,C00010,Current,111388.68,Active
A03040,C07339,Investment,992889.16,Active
A03041,C07680,Savings,439639.48,Active
A03042,C05338,Savings,411024.40,Active
A03043,C04844,Savings,999581.32,Active
A03044,C09331,Investment,607882.01,Active
A03045,C04819,Savings,512209.10,Active
A03046,C07981,Investment,407795.10,Active
A03047,C02752,Current,35610.94,Active
A03048,C05112,Savings,950804.25,Active
A03049,C03804,Investment,67678.69,Active
A03050,C06898,Current,885904.32,Active
A03051,C06858,Savings,826334.98,Active
A03052,C07658,Investment,158417.63,Active
A03053,C03346,Current,620734.09,Active
A03054,C01762,Current,710319.16,Active
A03055,C00538,Investment,813328.15,Active
A03056,C01060,Savings,258108.99,Active
A03057,C07722,Savings,94503.08,Active
A03058,C00909,Investment,432527.68,Active
A03059,C06652,Current,287200.52,Active
A03060,C03839,Investment,635289.96,Active
A03061,C01867,Investment,862572.59,Closed
A03062,C04548,Savings,335605.10,Active
A03063,C08202,Investment,434901.65,Active
A03064,C09014,Investment,13014.53,Active
A03065,C01111,Savings,976021.72,Active
A03066,C05455,Current,225127.00,Active
A03067,C06196,Current,857400.41,Active
A03068,C09177,Current,297315.90,Active
A03069,C06100,Savings,409353.13,Active
A03070,C00495,Current,12123.31,Active
A03071,C05987,Current,9390.38,Closed
A03072,C02564,Investment,946319.96,Active
A03073,C06529,Investment,493219.26,Active
A03074,C04740,Savings,127580.66,Active
A03075,C09613,Investment,837533.70,Closed
A03076,C08949,Investment,434584.87,Active
A03077,C05210,Investment,397749.04,Active
A03078,C06540,Savings,314327.89,Active
A03079,C06274,Investment,187899.21,Active
A03080,C01031,Current,88305.11,Active
A03081,C09624,Current,695092.41,Active
A03082,C09586,Savings,475147.36,Active
A03083,C09634,Current,218661.71,Active
A03084,C02829,Current,802812.69,Active
A03085,C04116,Current,530430.42,Active
A03086,C01084,Investment,993591.11,Active
A03087,C02614,Savings,198162.36,Active
A03088,C01462,Current,277954.43,Active
A03089,C05241,Savings,938569.91,Active
A03090,C07071,Current,249012.83,Active
A03091,C02090,Investment,791074.48,Inactive
A03092,C07368,Savings,741720.56,Active
A03093,C00040,Savings,270501.82,Active
A03094,C02750,Investment,720820.70,Active
A03095,C09149,Investment,273197.10,Active
A03096,C09103,Investment,879841.99,Active
A03097,C04035,Current,768286.05,Inactive
A03098,C09074,Investment,764544.79,Inactive
A03099,C01957,Savings,894347.33,Active
A03100,C07988,Investment,250489.31,Active
A03101,C08540,Savings,324306.89,Active
A03102,C09712,Investment,872750.65,Active
A03103,C08321,Savings,546959.53,Active
A03104,C03156,Savings,283337.03,Active
A03105,C05570,Savings,553313.32,Active
A03106,C00791,Current,377278.26,Inactive
A03107,C03627,Current,957238.98,Active
A03108,C07080,Investment,590708.65,Active
A03109,C01732,Savings,999650.39,Active
A03110,C06797,Investment,304157.23,Active
A03111,C02247,Investment,76011.26,Inactive
A03112,C04762,Current,962828.88,Active
A03113,C04232,Savings,506214.42,Active
A03114,C05681,Investment,524161.75,Active
A03115,C02601,Savings,457580.13,Active
A03116,C08344,Investment,783637.88,Active
A03117,C05260,Investment,75776.83,Active
A03118,C00074,Investment,149486.81,Active
A03119,C01295,Investment,843585.40,Active
A03120,C06053,Current,968649.72,Active
A03121,C01966,Current,391352.37,Active
A03122,C08394,Investment,97454.53,Active
A03123,C09416,Investment,346018.23,Active
A03124,C03853,Investment,570239.81,Active
A03125,C04763,Investment,101326.54,Active
A03126,C00647,Investment,386233.62,Inactive
A03127,C09234,Current,190840.23,Inactive
A03128,C02083,Savings,23943.97,Closed
A03129,C04444,Investment,979006.83,Active
A03130,C08016,Current,255418.47,Inactive
A03131,C06771,Savings,892707.80,Active
A03132,C09315,Current,814928.51,Inactive
A03133,C05949,Current,252044.13,Active
A03134,C01943,Investment,746124.56,Active
A03135,C08258,Savings,577032.12,Active
A03136,C00593,Investment,220028.53,Active
A03137,C04576,Savings,675653.58,Active
A03138,C08691,Current,565033.89,Inactive
A03139,C02048,Investment,172812.64,Active
A03140,C06277,Current,381509.60,Active
A03141,C06070,Investment,915451.76,Active
A03142,C02328,Current,436155.49,Active
A03143,C03933,Current,539333.62,Active
A03144,C02852,Current,341115.74,Inactive
A03145,C02012,Investment,206654.46,Active
A03146,C05643,Current,635145.95,Active
A03147,C09192,Investment,779300.96,Active
A03148,C02199,Investment,18730.17,Inactive
A03149,C08146,Savings,678265.97,Active
A03150,C02130,Investment,296904.36,Inactive
A03151,,Savings,749151.42,Active
A03152,C09362,Current,268188.87,Active
A03153,C05977,Investment,214333.54,Active
A03154,C04619,Investment,247461.73,Active
A03155,C03555,Savings,949830.75,Active
A03156,C02027,Investment,431752.47,Active
A03157,C06996,Current,856888.32,Active
A03158,C06956,Current,640091.37,Closed
A03159,C04211,Current,482588.28,Active
A03160,C00848,Investment,926790.91,Active
A03161,C01008,Current,2535.27,Active
A03162,C04102,Savings,741937.58,Active
A03163,C02842,Current,18825.83,Active
A03164,C08950,Current,469306.74,Active
A03165,C05666,Investment,222467.06,Inactive
A03166,C04629,Savings,134117.25,Active
A03167,C03703,Investment,130542.11,Active
A03168,C05900,Current,477416.27,Active
A03169,C07471,Current,253001.86,Active
A03170,C05556,Savings,165690.65,Active
A03171,C08539,Investment,877386.81,Active
A03172,C01636,Current,526805.28,Active
A03173,C00571,Savings,711264.47,Active
A03174,C03774,Investment,827277.50,Active
A03175,C08753,Current,542478.04,Active
A03176,C04879,Savings,811523.99,Active
A03177,C04676,Current,331894.40,Active
A03178,C09632,Investment,247337.52,Active
A03179,C09734,Current,447626.88,Active
A03180,C06281,Investment,701861.01,Active
A03181,C04005,Investment,590153.36,Active
A03182,C03955,Savings,645568.81,Active
A03183,C05198,Current,407895.04,Inactive
A03184,C07770,Investment,950304.82,Active
A03185,C07293,Investment,452803.65,Active
A03186,C01119,Investment,993670.49,Active
A03187,C07120,Savings,717861.74,Active
A03188,C01285,Savings,869858.51,Active
A03189,C04761,Investment,328701.53,Active
A03190,C02213,Investment,972388.89,Active
A03191,C09180,Current,748574.19,Active
A03192,C05443,Investment,52607.40,Active
A03193,C07547,Savings,494834.97,Active
A03194,C02256,Current,675009.05,Active
A03195,C09559,Current,883457.66,Active
A03196,C09220,Investment,877980.94,Active
A03197,C09343,Savings,708292.05,Active
A03198,C02519,Savings,21304.95,Active
A03199,C02021,Savings,789205.29,Active
A03200,C04187,Savings,505105.13,Active
A03201,C06820,Investment,58651.01,Active
A03202,C01406,Current,488954.23,Active
A03203,C01765,Current,867173.74,Active
A03204,C00701,Investment,699585.51,Active
A03205,C00230,Investment,511742.01,Active
A03206,C04345,Investment,940130.90,Active
A03207,C07926,Savings,273624.33,Active
A03208,C07927,Investment,899907.49,Active
A03209,C09653,Current,424115.62,Active
A03210,C02106,Investment,298113.59,Active
A03211,C00736,Current,115852.06,Active
A03212,C07615,Savings,743199.31,Active
A03213,C03558,Current,206466.28,Inactive
A03214,C05367,Savings,944602.29,Active
A03215,C07332,Investment,484577.58,Active
A03216,C04108,Investment,787229.16,Active
A03217,C05486,Investment,854352.92,Active
A03218,C03389,Investment,70529.34,Active
A03219,C09672,Current,599666.24,Active
A03220,C07706,Current,75937.21,Inactive
A03221,C02988,Investment,30816.25,Active
A03222,C01399,Investment,991293.23,Active
A03223,C07887,Current,996452.32,Active
A03224,C06756,Investment,763182.54,Active
A03225,C04473,Current,152409.40,Active
A03226,C01477,Current,120587.27,Inactive
A03227,C04749,Savings,368884.06,Active
A03228,C04014,Investment,51367.45,Active
A03229,C03232,Current,930305.01,Active
A03230,C09386,Current,715413.44,Inactive
A03231,C05340,Investment,446043.79,Active
A03232,C06222,Current,207673.42,Active
A03233,C07776,Investment,759511.17,Active
A03234,C08180,Savings,523069.32,Active
A03235,C09755,Current,811880.56,Active
A03236,C04392,Investment,415783.66,Active
A03237,C01180,Savings,680184.79,Active
A03238,C09985,Investment,639371.98,Active
A03239,C06634,Investment,932103.55,Active
A03240,C09390,Current,176878.65,Closed
A03241,C07232,Current,395068.31,Active
A03242,C03654,Investment,867621.00,Active
A03243,C05217,Savings,629917.70,Active
A03244,C06443,Current,218494.36,Active
A03245,C06454,Savings,390678.30,Active
A03246,C01936,Savings,359344.30,Active
A03247,C04244,Savings,445887.85,Active
A03248,C00909,Current,839436.56,Active
A03249,C01482,Savings,741154.73,Active
A03250,C03202,Investment,729740.55,Active
A03251,C04037,Investment,416200.36,Inactive
A03252,C07910,Investment,886951.64,Active
A03253,C09760,Current,581164.20,Active
A03254,C07220,Current,469344.40,Active
A03255,C05908,Current,517312.13,Active
A03256,C00606,Current,90082.59,Active
A03257,C09631,Investment,384796.45,Active
A03258,C01575,Current,293148.92,Active
A03259,C07836,Savings,50576.36,Active
A03260,C04052,Savings,776154.40,Active
A03261,C03476,Savings,391703.79,Active
A03262,C07717,Current,421271.77,Active
A03263,C04092,Current,758086.80,Active
A03264,C04705,Savings,360346.42,Active
A03265,C02219,Investment,607920.65,Active
A03266,C04357,Savings,700684.30,Active
A03267,C01035,Investment,590845.50,Active
A03268,C01393,Current,436297.53,Closed
A03269,C05974,Current,558417.03,Active
A03270,C03607,Investment,369232.87,Inactive
A03271,C08959,Current,556815.71,Active
A03272,C07163,Savings,6736.29,Active
A03273,C02423,Investment,778473.13,Active
A03274,C09968,Savings,797580.82,Active
A03275,C02355,Investment,854007.88,Active
A03276,C08157,Savings,375189.73,Inactive
A03277,C05747,Investment,649269.39,Active
A03278,C02567,Current,526721.82,Active
A03279,C08173,Current,412947.77,Active
A03280,C05259,Savings,455398.59,Active
A03281,C08519,Savings,103605.68,Active
A03282,C02014,Investment,949240.46,Active
A03283,C00808,Investment,546784.58,Inactive
A03284,C07868,Current,403718.17,Active
A03285,C05745,Savings,747426.78,Active
A03286,C01821,Investment,12965.70,Active
A03287,C01784,Savings,562449.99,Active
A03288,C06889,Current,594946.22,Active
A03289,C04260,Current,500048.73,Active
A03290,C03476,Current,531859.19,Active
A03291,C08980,Current,377550.87,Active
A03292,C04845,Current,763031.06,Active
A03293,C03593,Savings,301048.27,Active
A03294,C04531,Investment,574501.45,Closed
A03295,C03255,Current,577579.94,Inactive
A03296,C02560,Investment,430973.83,Inactive
A03297,C08225,Savings,616515.61,Active
A03298,C00009,Savings,219358.39,Active
A03299,C09002,Investment,499237.93,Active
A03300,C05132,Savings,323809.18,Active
A03301,C09836,Current,9664.48,Inactive
A03302,C00064,Current,473764.85,Active
A03303,C00433,Investment,478722.72,Inactive
A03304,C09236,Current,164681.65,Active
A03305,C05823,Investment,487325.19,Active
A03306,C06713,Current,17058.65,Active
A03307,C05196,Investment,115736.67,Active
A03308,C07194,Current,485204.70,Active
A03309,C06372,Current,365473.85,Active
A03310,C08663,Investment,350724.67,Active
A03311,C04907,Investment,747760.46,Active
A03312,C05675,Investment,872219.75,Active
A03313,C04010,Savings,799989.29,Active
A03314,C04148,Current,264682.10,Active
A03315,C09846,Current,65455.61,Active
A03316,C09249,Current,181909.30,Active
A03317,C07823,Current,483889.19,Active
A03318,C02586,Savings,142461.62,Active
A03319,C08442,Current,444931.18,Active
A03320,C01192,Investment,82302.07,Active
A03321,C09221,Investment,469605.86,Active
A03322,C09710,Investment,538328.64,Closed
A03323,C02079,Investment,188211.70,Active
A03324,C00467,Savings,324363.66,Active
A03325,C04697,Current,739699.33,Active
A03326,C06223,Current,550978.63,Active
A03327,C05285,Investment,567707.80,Active
A03328,C04543,Current,925632.76,Active
A03329,C02060,Investment,739644.86,Active
A03330,C02208,Savings,610457.64,Active
A03331,C00907,Current,336898.49,Active
A03332,C03191,Investment,369059.00,Inactive
A03333,C05141,Investment,670875.57,Active
A03334,C06488,Savings,504265.37,Active
A03335,C01967,Investment,403936.02,Active
A03336,C08030,Investment,489307.03,Active
A03337,C07712,Investment,651989.00,Active
A03338,C07801,Savings,465604.42,Inactive
A03339,C04056,Savings,588401.69,Active
A03340,C03597,Investment,641584.98,Active
A03341,C04052,Current,845698.11,Active
A03342,C09327,Current,657689.32,Closed
A03343,C08246,Current,930003.01,Closed
A03344,C00906,Investment,642943.72,Active
A03345,C05961,Investment,47322.95,Active
A03346,C09841,Current,157920.96,Active
A03347,C00446,Investment,82608.26,Inactive
A03348,C03790,Investment,182784.35,Inactive
A03349,C06632,Current,148568.65,Active
A03350,C05663,Current,386425.27,Active
A03351,C04986,Investment,79330.99,Active
A03352,C08190,Savings,68620.07,Active
A03353,C03331,Investment,551594.45,Active
A03354,C07247,Savings,278682.82,Active
A03355,C09071,Savings,716961.12,Active
A03356,C09062,Current,670925.52,Closed
A03357,C08206,Current,8138.80,Active
A03358,C05168,Savings,690991.90,Active
A03359,C05974,Savings,741912.60,Active
A03360,C07819,Savings,437941.31,Active
A03361,C06078,Savings,769654.07,Active
A03362,C00394,Current,82989.16,Active
A03363,C00745,Current,606403.85,Active
A03364,C01063,Savings,535194.57,Active
A03365,C08971,Savings,553237.87,Active
A03366,C03001,Current,865187.53,Active
A03367,C05466,Savings,450345.77,Inactive
A03368,C09122,Savings,112527.45,Closed
A03369,C09397,Savings,310869.67,Active
A03370,C01695,Current,242092.50,Inactive
A03371,C06982,Investment,193023.92,Active
A03372,C08671,Current,531164.19,Active
A03373,C09164,Current,683784.76,Active
A03374,C06965,Investment,928935.94,Active
A03375,C02653,Savings,536194.48,Active
A03376,C06780,Savings,934373.09,Active
A03377,C06085,Current,564557.72,Active
A03378,C03990,Investment,914099.60,Active
A03379,C04762,Savings,811072.98,Active
A03380,C07241,Current,900302.87,Active
A03381,C00196,Current,40060.12,Active
A03382,C08736,Investment,615235.61,Active
A03383,C01060,Savings,628554.47,Inactive
A03384,C05331,Investment,448106.52,Active
A03385,C07937,Investment,292669.11,Active
A03386,C07744,Investment,149829.85,Active
A03387,C02506,Current,941258.40,Active
A03388,C04691,Savings,370478.72,Active
A03389,C04964,Investment,245450.48,Active
A03390,C00226,Investment,671445.89,Active
A03391,C01878,Savings,343933.11,Active
A03392,C06266,Current,90243.16,Active
A03393,C00273,Investment,276217.09,Active
A03394,C05838,Savings,43050.10,Inactive
A03395,C05110,Current,552443.89,Active
A03396,C09073,Investment,138641.21,Active
A03397,C00379,Current,874266.24,Active
A03398,C00609,Investment,385042.56,Active
A03399,C05043,Investment,242754.13,Active
A03400,C05707,Investment,696315.85,Inactive
A03401,C08294,Savings,920394.01,Active
A03402,C06452,Savings,562860.13,Active
A03403,C07983,Savings,870956.86,Active
A03404,C05329,Investment,916388.13,Active
A03405,C00629,Investment,729820.07,Active
A03406,C01059,Current,871306.78,Active
A03407,C04271,Current,647256.94,Inactive
A03408,C06668,Current,702645.79,Active
A03409,C00578,Savings,729901.56,Active
A03410,C03469,Investment,907274.45,Active
A03411,C00298,Current,701774.32,Inactive
A03412,C09014,Investment,799233.39,Active
A03413,C02716,Current,105385.29,Active
A03414,C09427,Current,110380.02,Active
A03415,C09251,Investment,502459.81,Active
A03416,C01205,Current,824810.19,Closed
A03417,C08210,Savings,887652.36,Closed
A03418,C08738,Investment,103544.64,Inactive
A03419,C03766,Investment,546028.04,Active
A03420,C01780,Investment,181452.47,Active
A03421,C00896,Savings,381641.16,Active
A03422,C06699,Current,995332.68,Active
A03423,C03796,Savings,155632.76,Active
A03424,C06910,Savings,128103.50,Active
A03425,C08202,Current,395267.48,Active
A03426,C02651,Investment,355300.69,Active
A03427,C09575,Current,488794.23,Active
A03428,C09100,Savings,631239.16,Active
A03429,C07395,Savings,466781.06,Active
A03430,C03613,Savings,758686.19,Active
A03431,C01541,Current,37786.04,Active
A03432,C06270,Savings,265790.67,Inactive
A03433,C04137,Current,88475.91,Active
A03434,C00605,Current,263229.81,Active
A03435,C03037,Current,261974.60,Closed
A03436,C08196,Investment,633239.36,Active
A03437,C06785,Investment,596473.18,Active
A03438,C06048,Current,87224.81,Active
A03439,C09394,Savings,835388.91,Inactive
A03440,C07585,Investment,45492.10,Active
A03441,C07948,Current,135901.94,Active
A03442,C08972,Savings,444799.58,Active
A03443,C05330,Investment,165616.35,Inactive
A03444,C07787,Investment,417478.94,Active
A03445,C07961,Current,660235.89,Active
A03446,C07153,Current,845013.15,Inactive
A03447,C00056,Savings,435895.21,Active
A03448,C05773,Savings,283132.47,Active
A03449,C05595,Current,87226.99,Active
A03450,C07050,Investment,153283.43,Active
A03451,C08739,Current,938915.19,Inactive
A03452,C05900,Current,73321.74,Active
A03453,C05761,Current,929803.44,Inactive
A03454,C05932,Savings,866405.11,Active
A03455,C06026,Current,902712.94,Active
A03456,C01012,Investment,904832.97,Active
A03457,C08612,Savings,697426.64,Active
A03458,C07714,Savings,152145.70,Active
A03459,C05028,Savings,692574.11,Active
A03460,C03472,Current,529968.42,Active
A03461,C04068,Savings,407302.93,Active
A03462,C04055,Savings,155496.33,Active
A03463,C07354,Current,915974.12,Active
A03464,C04775,Current,882206.29,Active
A03465,C08301,Investment,860059.08,Active
A03466,C04799,Current,537890.94,Active
A03467,C07501,Current,583986.27,Active
A03468,C09424,Current,269217.82,Active
A03469,C01195,Savings,417664.53,Active
A03470,C08109,Savings,988201.53,Active
A03471,C06608,Current,505129.04,Active
A03472,C09889,Savings,909914.98,Active
A03473,C06625,Investment,423269.43,Active
A03474,C08215,Savings,763493.23,Active
A03475,C01240,Current,124318.90,Active
A03476,C03382,Savings,484179.75,Active
A03477,C05596,Savings,303104.65,Inactive
A03478,C09087,Investment,534477.69,Active
A03479,C01669,Investment,319579.12,Closed
A03480,C01571,Investment,16708.44,Active
A03481,C04581,Investment,817986.73,Active
A03482,C06937,Savings,538207.85,Inactive
A03483,C09782,Savings,501232.39,Active
A03484,C05987,Savings,72890.74,Active
A03485,C03949,Investment,484540.13,Inactive
A03486,C05890,Current,246824.06,Active
A03487,C05203,Investment,803663.99,Active
A03488,C06187,Current,13299.81,Active
A03489,C03005,Savings,716008.71,Active
A03490,C04747,Current,38835.58,Active
A03491,C02861,Savings,311628.35,Closed
A03492,C09048,Investment,605519.56,Active
A03493,C05520,Savings,638689.62,Active
A03494,C02399,Current,961705.07,Active
A03495,C04010,Current,44068.96,Active
A03496,C01066,Savings,529836.81,Active
A03497,C05294,Current,844507.59,Inactive
A03498,C08134,Investment,18643.86,Active
A03499,C08577,Savings,38133.09,Closed
A03500,C07826,Investment,354464.21,Inactive
A03501,C06925,Investment,396264.62,Inactive
A03502,C00813,Investment,215209.38,Active
A03503,C06412,Investment,930058.78,Active
A03504,C02687,Savings,291619.75,Active
A03505,C03704,Current,985652.94,Active
A03506,C07429,Savings,923606.27,Active
A03507,C09480,Savings,195815.89,Active
A03508,C02541,Savings,913497.41,Active
A03509,C06409,Savings,398406.22,Active
A03510,C00120,Investment,178094.06,Active
A03511,C04662,Current,286131.00,Active
A03512,C07355,Investment,523912.21,Active
A03513,C08678,Investment,172611.88,Active
A03514,C07567,Savings,533416.49,Inactive
A03515,C02853,Savings,596458.13,Active
A03516,C02834,Savings,575321.96,Active
A03517,C02862,Current,256666.28,Active
A03518,C09711,Investment,853637.58,Active
A03519,C04846,Current,771085.02,Active
A03520,C03846,Investment,86232.25,Active
A03521,C05101,Current,600553.84,Active
A03522,C00854,Savings,476076.41,Active
A03523,C09405,Savings,736709.15,Active
A03524,C07021,Savings,400383.47,Closed
A03525,C08573,Savings,478562.85,Active
A03526,C05989,Investment,18051.01,Active
A03527,C05509,Investment,244764.74,Active
A03528,C00634,Savings,874629.06,Active
A03529,C07615,Savings,617455.43,Active
A03530,C03085,Savings,444356.92,Active
A03531,C01275,Savings,766118.58,Closed
A03532,C08198,Savings,283470.23,Active
A03533,C01803,Current,673656.27,Active
A03534,C04336,Savings,116416.28,Active
A03535,C06648,Savings,91544.48,Active
A03536,C03276,Savings,327548.95,Active
A03537,C07124,Savings,986231.16,Active
A03538,C06279,Savings,686888.99,Active
A03539,C06353,Investment,277051.23,Active
A03540,C06531,Savings,231871.68,Active
A03541,C04798,Savings,904234.90,Closed
A03542,C03118,Savings,8793.81,Active
A03543,C07355,Savings,602463.35,Active
A03544,C05185,Current,921319.37,Active
A03545,C05480,Savings,604119.61,Active
A03546,C05931,Savings,554525.54,Active
A03547,C00191,Savings,841663.61,Active
A03548,C05452,Current,771581.87,Active
A03549,C03814,Investment,358752.89,Active
A03550,C03701,Current,598502.76,Active
A03551,C07082,Savings,362149.65,Active
A03552,C03930,Investment,945287.54,Active
A03553,C03043,Investment,783599.51,Active
A03554,C01603,Savings,397455.58,Active
A03555,C06938,Savings,169363.01,Active
A03556,C03167,Current,883737.16,Active
A03557,C04712,Savings,664628.32,Active
A03558,C06017,Current,86364.64,Active
A03559,C02477,Savings,713641.07,Inactive
A03560,C08081,Investment,792587.55,Active
A03561,C02675,Current,985044.04,Active
A03562,C07612,Investment,624822.09,Inactive
A03563,C08587,Investment,807406.34,Active
A03564,C09075,Savings,99535.11,Closed
A03565,C05198,Savings,94522.66,Active
A03566,C04311,Savings,158056.81,Active
A03567,C08205,Current,994006.67,Inactive
A03568,C06824,Current,217616.68,Inactive
A03569,C03341,Current,75280.67,Active
A03570,C04321,Savings,573791.00,Inactive
A03571,C06716,Current,597514.11,Active
A03572,C05202,Investment,54451.28,Active
A03573,C00081,Savings,254912.15,Inactive
A03574,C01488,Current,403913.66,Inactive
A03575,C07562,Savings,387565.55,Active
A03576,C00603,Savings,104425.20,Active
A03577,C03494,Investment,222434.96,Active
A03578,C08559,Investment,828422.75,Active
A03579,C02660,Savings,937585.81,Closed
A03580,C07703,Investment,381299.97,Closed
A03581,C06913,Current,13203.16,Active
A03582,C01046,Investment,774819.22,Active
A03583,C05197,Current,855932.04,Active
A03584,C00938,Investment,894448.90,Active
A03585,C02434,Current,76045.56,Active
A03586,C04591,Savings,271963.38,Active
A03587,C04964,Investment,707656.56,Active
A03588,C02001,Current,878655.84,Active
A03589,C04779,Investment,396359.89,Active
A03590,C04502,Investment,146709.50,Active
A03591,C01024,Investment,426003.37,Closed
A03592,C04815,Savings,742601.40,Active
A03593,C06926,Investment,262449.81,Active
A03594,C08496,Investment,809139.94,Active
A03595,C05537,Investment,149659.17,Active
A03596,C06924,Current,319283.54,Active
A03597,C08115,Current,425263.40,Active
A03598,C03828,Savings,946615.27,Active
A03599,C04430,Investment,792718.05,Active
A03600,C00553,Current,645928.67,Active
A03601,C01575,Investment,881769.51,Active
A03602,C01708,Savings,642218.85,Active
A03603,C06968,Investment,884913.12,Active
A03604,C01724,Investment,12869.90,Active
A03605,C09808,Investment,46467.49,Active
A03606,C07017,Investment,835775.02,Active
A03607,C07420,Investment,376365.15,Active
A03608,C08633,Savings,983942.30,Active
A03609,C05288,Investment,858807.39,Active
A03610,C04645,Current,307135.36,Active
A03611,C03902,Current,702432.25,Active
A03612,C09974,Current,249360.78,Active
A03613,C07829,Savings,94685.43,Active
A03614,C05903,Savings,836265.18,Active
A03615,C03956,Savings,666095.22,Active
A03616,C07925,Current,49732.64,Closed
A03617,C09233,Savings,474294.52,Active
A03618,C01894,Investment,328146.44,Active
A03619,C09377,Investment,448240.90,Active
A03620,C05874,Savings,565094.71,Active
A03621,C05805,Savings,599364.05,Active
A03622,C09348,Savings,502687.98,Active
A03623,C07323,Investment,154165.75,Active
A03624,C00814,Current,946379.92,Active
A03625,C09935,Investment,635470.93,Active
A03626,C01261,Current,939968.12,Active
A03627,C09779,Current,861973.87,Active
A03628,C06247,Savings,739933.86,Active
A03629,C00425,Investment,977097.56,Closed
A03630,C00884,Current,502800.05,Active
A03631,C02011,Savings,960066.63,Active
A03632,C07543,Investment,332904.90,Active
A03633,C09084,Savings,778728.37,Inactive
A03634,C03436,Savings,955615.37,Active
A03635,C06393,Current,498870.82,Active
A03636,C03510,Investment,851461.30,Inactive
A03637,C07028,Savings,425193.70,Active
A03638,C01903,Current,92837.02,Active
A03639,C02859,Current,653057.20,Active
A03640,C02359,Savings,316232.80,Active
A03641,C08030,Current,180718.27,Active
A03642,C05072,Investment,151910.13,Active
A03643,C03034,Savings,439847.75,Active
A03644,C07884,Current,112821.40,Active
A03645,C07461,Savings,617995.89,Active
A03646,C02351,Current,51363.88,Inactive
A03647,C05396,Investment,136805.65,Closed
A03648,C05407,Savings,952370.69,Inactive
A03649,C00036,Investment,364771.93,Active
A03650,C08969,Current,494875.91,Active
A03651,C09944,Savings,395985.80,Active
A03652,C02985,Current,211644.68,Active
A03653,C07436,Savings,223304.50,Active
A03654,C01631,Current,960933.55,Active
A03655,C01171,Savings,583412.33,Active
A03656,C05254,Savings,102875.47,Inactive
A03657,C01207,Savings,655947.18,Active
A03658,C00482,Current,328845.08,Active
A03659,C00727,Savings,868587.33,Active
A03660,C09450,Current,954724.00,Active
A03661,C04725,Investment,731968.41,Active
A03662,C03460,Savings,822953.15,Active
A03663,C03738,Savings,906442.47,Active
A03664,C04085,Investment,752856.43,Inactive
A03665,C07775,Savings,941188.33,Active
A03666,C09430,Current,207992.36,Active
A03667,C01718,Savings,480558.20,Closed
A03668,C05788,Investment,878098.39,Closed
A03669,C03361,Current,618352.32,Active
A03670,C01829,Current,815942.02,Active
A03671,C03045,Savings,376408.32,Active
A03672,C00107,Investment,995518.22,Active
A03673,C07314,Savings,373004.05,Active
A03674,C01221,Current,842607.61,Active
A03675,C09807,Investment,559552.83,Active
A03676,C04037,Investment,4110.37,Active
A03677,C04560,Investment,438233.32,Active
A03678,C03790,Investment,124177.90,Active
A03679,C03423,Current,62138.88,Active
A03680,C04368,Current,169881.35,Active
A03681,C05131,Current,32142.35,Inactive
A03682,C00250,Savings,321552.16,Active
A03683,C05834,Current,650361.79,Active
A03684,C02133,Savings,917302.21,Active
A03685,C01657,Investment,125194.54,Active
A03686,C09100,Savings,565086.10,Active
A03687,C08479,Current,58900.96,Inactive
A03688,C08765,Current,492662.59,Active
A03689,C09066,Savings,961567.22,Active
A03690,C05802,Savings,465032.12,Closed
A03691,C06983,Current,101214.54,Inactive
A03692,C03848,Savings,743761.53,Active
A03693,C00265,Current,411554.49,Active
A03694,C08085,Savings,644987.42,Active
A03695,C06580,Savings,765785.06,Active
A03696,C01637,Investment,788978.33,Active
A03697,C07058,Investment,94205.58,Active
A03698,C09672,Current,337622.44,Active
A03699,C09748,Savings,490584.40,Active
A03700,C03119,Current,685493.68,Active
A03701,C08076,Investment,78096.92,Active
A03702,C03522,Current,572664.23,Active
A03703,C00451,Current,98425.10,Active
A03704,C02247,Savings,896260.00,Active
A03705,C06080,Investment,130460.74,Active
A03706,C01582,Current,183329.35,Active
A03707,C04892,Savings,299255.65,Active
A03708,C07835,Savings,148283.84,Inactive
A03709,C05264,Savings,768003.30,Inactive
A03710,C02203,Investment,660909.70,Active
A03711,C03586,Current,807261.18,Inactive
A03712,C01961,Savings,25204.44,Active
A03713,C02604,Investment,728529.31,Active
A03714,C07811,Investment,812891.31,Closed
A03715,C00372,Savings,314462.60,Closed
A03716,C05257,Savings,920472.77,Active
A03717,C09313,Investment,753775.88,Active
A03718,C06790,Investment,859839.41,Inactive
A03719,C04310,Current,322511.52,Active
A03720,C07319,Investment,697325.49,Active
A03721,C01302,Investment,447815.43,Active
A03722,C03039,Savings,969763.17,Active
A03723,C05924,Savings,973771.19,Inactive
A03724,C05339,Current,484861.07,Closed
A03725,C00158,Investment,787276.80,Active
A03726,C06449,Investment,498916.09,Active
A03727,C09778,Investment,243491.67,Inactive
A03728,C00394,Savings,224852.69,Active
A03729,C01286,Current,873253.83,Active
A03730,C08829,Savings,388210.94,Active
A03731,C09354,Savings,843061.00,Active
A03732,C04453,Current,359991.18,Active
A03733,C00092,Savings,14537.92,Inactive
A03734,,Savings,293595.85,Active
A03735,C05879,Current,623646.84,Active
A03736,C03458,Current,732065.03,Active
A03737,C07221,Current,171225.69,Active
A03738,C04622,Investment,581381.13,Active
A03739,C04621,Current,425573.96,Active
A03740,C06915,Savings,84072.39,Active
A03741,C00648,Investment,471042.13,Active
A03742,C01297,Savings,987752.67,Active
A03743,C01750,Current,353551.07,Active
A03744,C06110,Savings,557315.96,Active
A03745,C09276,Current,602060.71,Active
A03746,C01784,Current,940143.20,Active
A03747,C01158,Current,257466.08,Active
A03748,C04498,Current,949456.11,Active
A03749,C06346,Savings,818739.95,Active
A03750,C01664,Investment,40829.63,Closed
A03751,C03748,Savings,700887.99,Active
A03752,C07514,Current,472338.11,Active
A03753,C05035,Current,100540.56,Active
A03754,C04793,Current,380344.75,Active
A03755,C05988,Investment,505571.19,Inactive
A03756,C02950,Current,683500.67,Active
A03757,C08885,Savings,186035.13,Inactive
A03758,C01103,Savings,856319.83,Active
A03759,C07274,Investment,127868.21,Inactive
A03760,C04572,Current,933604.09,Active
A03761,C02575,Investment,458100.93,Active
A03762,C09416,Savings,717867.58,Active
A03763,C04905,Investment,909579.41,Active
A03764,C05010,Savings,889181.32,Active
A03765,C05072,Current,340417.26,Active
A03766,C08920,Current,897143.49,Active
A03767,C09504,Savings,644716.40,Active
A03768,C08244,Current,560589.74,Active
A03769,C07809,Savings,478940.15,Active
A03770,C07821,Current,803003.29,Inactive
A03771,C07701,Savings,453311.60,Active
A03772,C04068,Current,856612.66,Active
A03773,C09223,Savings,855147.83,Active
A03774,C06938,Savings,846833.72,Active
A03775,C05024,Current,435781.86,Active
A03776,C06965,Investment,950447.02,Active
A03777,C01338,Investment,121370.88,Active
A03778,C05977,Savings,381167.35,Active
A03779,C05612,Investment,658163.25,Active
A03780,C01856,Current,435793.20,Active
A03781,C00254,Investment,793756.26,Active
A03782,C07332,Current,575586.74,Active
A03783,C06141,Investment,436635.15,Active
A03784,C09687,Investment,671236.72,Closed
A03785,C07946,Savings,661912.35,Inactive
A03786,C07297,Current,966006.54,Inactive
A03787,C01819,Current,35015.72,Active
A03788,C07669,Savings,135634.43,Active
A03789,C00300,Investment,86466.25,Active
A03790,C04622,Current,618084.34,Active
A03791,C08819,Current,458832.66,Active
A03792,C06066,Current,993368.29,Active
A03793,C04233,Current,933858.92,Active
A03794,C05849,Current,732830.31,Active
A03795,C07757,Current,942290.98,Inactive
A03796,C06718,Savings,242783.77,Active
A03797,C04449,Savings,4220.86,Inactive
A03798,C05472,Savings,999687.25,Inactive
A03799,C03536,Savings,686139.98,Active
A03800,C07703,Savings,528444.26,Active
A03801,C02342,Current,389684.41,Active
A03802,C08316,Investment,498481.59,Inactive
A03803,C09099,Investment,990986.67,Active
A03804,C02582,Investment,881521.01,Closed
A03805,C06605,Savings,235520.51,Inactive
A03806,C09997,Investment,32081.59,Active
A03807,C07614,Current,681662.53,Active
A03808,C08864,Savings,641783.45,Active
A03809,C04678,Savings,692271.88,Active
A03810,C07897,Investment,831212.84,Active
A03811,C07084,Current,224710.24,Active
A03812,C07652,Investment,525977.50,Active
A03813,C08045,Savings,420655.01,Active
A03814,C01059,Investment,112584.58,Active
A03815,,Investment,334339.22,Inactive
A03816,C07713,Savings,343764.20,Active
A03817,C00592,Savings,388808.93,Active
A03818,C06998,Investment,476955.52,Active
A03819,C08350,Savings,208951.53,Active
A03820,C00755,Savings,524361.95,Active
A03821,C05045,Investment,579937.71,Active
A03822,C07870,Current,232466.70,Active
A03823,C07082,Investment,860597.74,Active
A03824,C04567,Investment,282125.24,Active
A03825,C01480,Investment,379955.44,Active
A03826,C05775,Investment,613559.53,Active
A03827,C02860,Investment,847203.05,Active
A03828,C04307,Savings,248030.00,Closed
A03829,C08887,Savings,553744.60,Closed
A03830,C01548,Current,435211.19,Active
A03831,C05717,Savings,977307.48,Active
A03832,C00451,Savings,826573.29,Active
A03833,C00976,Current,603134.84,Active
A03834,C07082,Investment,433280.58,Active
A03835,C02527,Savings,574384.27,Inactive
A03836,C03095,Investment,675989.16,Active
A03837,C05854,Investment,746106.16,Closed
A03838,C02606,Investment,501408.12,Active
A03839,C07767,Investment,479861.55,Active
A03840,C09010,Investment,778205.29,Active
A03841,C03992,Savings,816477.94,Active
A03842,C07350,Current,790551.85,Active
A03843,C01300,Current,575879.43,Active
A03844,C06571,Savings,358392.25,Inactive
A03845,C05407,Current,198669.91,Active
A03846,C09935,Savings,278642.85,Active
A03847,C05001,Investment,774251.35,Active
A03848,C07633,Savings,395180.42,Active
A03849,C07560,Investment,487928.76,Inactive
A03850,C08360,Investment,526972.72,Active
A03851,C09741,Savings,801535.36,Inactive
A03852,C07147,Current,166575.90,Active
A03853,C04213,Current,788664.24,Active
A03854,C01368,Savings,295269.50,Active
A03855,C02710,Investment,377777.37,Active
A03856,C06241,Current,183458.39,Active
A03857,C01644,Investment,317426.82,Active
A03858,C08418,Savings,141584.81,Active
A03859,C04324,Savings,704660.90,Active
A03860,C01676,Investment,69992.24,Active
A03861,C04585,Savings,786926.56,Active
A03862,C00922,Savings,422910.90,Active
A03863,C01634,Current,620703.52,Active
A03864,C05859,Current,30934.24,Active
A03865,C06063,Savings,902736.94,Active
A03866,C00498,Savings,719556.69,Active
A03867,C06052,Current,443477.44,Active
A03868,C01502,Savings,477672.39,Active
A03869,C01075,Investment,693361.57,Active
A03870,C03123,Savings,905285.17,Active
A03871,C06797,Savings,802107.76,Closed
A03872,C00112,Savings,943776.23,Active
A03873,C07296,Savings,453691.07,Active
A03874,C09758,Current,811473.59,Active
A03875,C01367,Savings,98608.94,Inactive
A03876,C04742,Investment,172632.97,Active
A03877,C09038,Investment,852987.48,Inactive
A03878,C02610,Investment,677589.93,Active
A03879,C00002,Current,78268.17,Active
A03880,C05483,Current,846629.41,Active
A03881,C06601,Savings,171899.77,Active
A03882,C01393,Current,250301.69,Active
A03883,C00679,Current,828842.26,Active
A03884,C09128,Investment,853563.89,Closed
A03885,C00534,Current,339622.84,Active
A03886,C05175,Investment,243180.92,Active
A03887,C01844,Investment,943784.40,Active
A03888,C06660,Savings,830697.89,Active
A03889,C06656,Investment,780678.71,Active
A03890,C04490,Current,996693.22,Active
A03891,C06835,Savings,847499.02,Active
A03892,C08232,Current,376647.96,Active
A03893,C05734,Savings,837555.29,Active
A03894,C05073,Current,865049.27,Active
A03895,C06338,Investment,876850.63,Active
A03896,C08196,Current,757114.43,Active
A03897,C08062,Current,852880.95,Inactive
A03898,C08491,Savings,499144.25,Active
A03899,C01898,Current,562195.16,Active
A03900,C01592,Current,56461.13,Closed
A03901,C00346,Savings,567954.78,Active
A03902,C05412,Current,910577.70,Active
A03903,C02792,Current,492412.64,Active
A03904,C05343,Savings,263390.54,Active
A03905,C01498,Current,906230.79,Active
A03906,C02252,Investment,972949.15,Active
A03907,C02375,Investment,405000.16,Active
A03908,C00308,Investment,539279.51,Active
A03909,C00715,Savings,329077.75,Active
A03910,C07181,Investment,512286.10,Active
A03911,C02897,Current,510337.97,Inactive
A03912,C07279,Savings,294020.88,Active
A03913,C06734,Investment,563876.46,Active
A03914,C04831,Savings,874223.44,Inactive
A03915,C07296,Current,659805.96,Active
A03916,C00174,Savings,429744.49,Active
A03917,C04337,Savings,426509.83,Active
A03918,C02526,Investment,931953.90,Active
A03919,C07660,Current,411705.25,Active
A03920,C00777,Current,252323.78,Inactive
A03921,C01369,Current,38720.94,Active
A03922,C07085,Savings,81247.51,Active
A03923,C07491,Current,758015.10,Active
A03924,C08797,Savings,6438.87,Active
A03925,C07754,Investment,251170.90,Active
A03926,C06025,Current,457096.92,Active
A03927,C07011,Current,482736.43,Active
A03928,C07011,Current,132095.74,Active
A03929,C02611,Savings,553680.48,Active
A03930,C09605,Savings,259685.90,Active
A03931,C09698,Savings,111634.15,Active
A03932,C02896,Investment,364180.18,Active
A03933,C03639,Savings,423401.84,Active
A03934,C04594,Investment,55330.63,Active
A03935,C09441,Savings,171407.42,Active
A03936,C05658,Investment,584413.38,Active
A03937,C04696,Investment,465858.84,Inactive
A03938,C06408,Investment,734779.86,Active
A03939,C08840,Savings,91513.54,Active
A03940,C02707,Current,755586.64,Active
A03941,C00997,Investment,216962.33,Active
A03942,C00239,Investment,540177.33,Active
A03943,C08043,Investment,39446.37,Active
A03944,C06610,Investment,169234.13,Active
A03945,C06525,Investment,241716.80,Active
A03946,C06090,Current,619435.92,Inactive
A03947,C01731,Current,124126.47,Active
A03948,C06207,Savings,436157.38,Active
A03949,C09381,Current,876084.12,Closed
A03950,C08876,Current,923768.27,Active
A03951,C06321,Savings,133620.95,Active
A03952,C06156,Investment,488688.50,Inactive
A03953,C00994,Investment,149023.86,Active
A03954,C04521,Current,46954.59,Active
A03955,C00322,Current,614829.95,Active
A03956,C07196,Investment,800955.90,Active
A03957,C03348,Investment,862231.28,Active
A03958,C01588,Investment,914852.81,Active
A03959,C04711,Savings,754914.54,Closed
A03960,C00074,Current,390120.41,Active
A03961,C08443,Current,992309.28,Closed
A03962,C03947,Investment,755491.31,Active
A03963,C03792,Savings,756711.06,Active
A03964,C01016,Savings,701861.27,Active
A03965,C06785,Savings,709211.38,Active
A03966,C08135,Savings,384429.23,Active
A03967,C04014,Current,373590.05,Active
A03968,C04664,Current,468011.03,Active
A03969,C00835,Investment,830511.55,Active
A03970,C09085,Savings,58627.41,Active
A03971,C02073,Current,655198.83,Active
A03972,C02619,Current,426027.38,Active
A03973,C03082,Savings,685943.29,Active
A03974,C05254,Investment,795279.58,Inactive
A03975,C01938,Investment,545873.67,Closed
A03976,C08044,Current,299483.48,Active
A03977,C08883,Investment,775023.87,Active
A03978,C02949,Current,308149.41,Active
A03979,C08365,Savings,501872.17,Active
A03980,C07282,Savings,345129.89,Active
A03981,C00216,Current,693774.81,Closed
A03982,C05911,Savings,320283.27,Active
A03983,C00919,Savings,189341.90,Active
A03984,C07670,Savings,92779.17,Active
A03985,C08359,Current,672814.35,Closed
A03986,C05662,Savings,719834.36,Active
A03987,C01973,Investment,635467.98,Active
A03988,C00402,Current,748908.88,Active
A03989,C01669,Savings,23043.69,Active
A03990,C00054,Current,259032.97,Inactive
A03991,C04504,Investment,977438.15,Active
A03992,C07010,Investment,604103.61,Active
A03993,C03544,Savings,473349.09,Active
A03994,C02383,Current,562193.65,Inactive
A03995,C09567,Current,448625.40,Active
A03996,C03328,Savings,567783.71,Active
A03997,C06057,Savings,850920.29,Active
A03998,C06152,Savings,367600.58,Active
A03999,C00744,Current,81872.68,Active
A04000,C02017,Savings,477704.47,Active
A04001,C04868,Investment,87462.01,Active
A04002,C08769,Savings,567924.73,Inactive
A04003,C06380,Investment,287877.43,Active
A04004,C04874,Savings,967953.16,Active
A04005,C03195,Savings,658129.52,Inactive
A04006,C05163,Investment,969082.43,Closed
A04007,C04587,Current,952373.30,Active
A04008,C01923,Current,32695.88,Active
A04009,C05237,Savings,916230.69,Active
A04010,C03813,Investment,929157.71,Active
A04011,C07336,Investment,551040.82,Active
A04012,C06732,Savings,240613.60,Active
A04013,C00760,Savings,199277.03,Active
A04014,C03444,Savings,813123.67,Active
A04015,C08605,Investment,759141.78,Active
A04016,C09339,Current,5063.27,Active
A04017,C00444,Investment,726555.98,Active
A04018,C08121,Savings,259247.15,Active
A04019,C05085,Savings,775007.97,Active
A04020,C07136,Current,429312.64,Active
A04021,C00658,Current,652664.85,Active
A04022,C02625,Current,315163.68,Active
A04023,C09929,Current,952411.32,Active
A04024,C08249,Savings,357566.38,Closed
A04025,C07955,Savings,530385.87,Active
A04026,C08616,Savings,202046.14,Inactive
A04027,C00708,Investment,460933.69,Active
A04028,C09516,Investment,170556.03,Active
A04029,C00826,Investment,687734.80,Active
A04030,C08580,Investment,922269.77,Active
A04031,C00053,Investment,507501.61,Active
A04032,C06784,Savings,404361.25,Active
A04033,C02849,Investment,649267.38,Active
A04034,C06941,Investment,947486.51,Active
A04035,C00226,Current,775259.36,Inactive
A04036,C08261,Investment,908164.82,Active
A04037,C02616,Current,588405.46,Active
A04038,C02678,Current,172686.40,Active
A04039,C06184,Current,504076.89,Active
A04040,C08945,Savings,677937.65,Active
A04041,C02569,Investment,286199.39,Active
A04042,C09989,Current,993410.50,Active
A04043,C03555,Savings,42246.36,Active
A04044,C03476,Current,559205.90,Active
A04045,C08947,Current,885146.11,Active
A04046,C08696,Current,551429.39,Active
A04047,C04452,Investment,247436.95,Active
A04048,C05216,Investment,377769.53,Active
A04049,C02220,Current,60819.77,Active
A04050,C01151,Investment,995829.09,Active
A04051,C06920,Investment,423075.00,Active
A04052,C04877,Savings,320856.25,Active
A04053,C09470,Current,635778.68,Active
A04054,C00399,Investment,499201.24,Active
A04055,C03468,Current,524513.96,Inactive
A04056,C05480,Investment,922044.67,Active
A04057,C01752,Savings,418849.96,Inactive
A04058,C08617,Investment,496995.09,Active
A04059,C01316,Current,786732.89,Active
A04060,C08856,Investment,99332.31,Active
A04061,C07203,Savings,714690.92,Active
A04062,C02738,Savings,840890.71,Active
A04063,C06353,Savings,270830.44,Active
A04064,C04515,Investment,252779.16,Active
A04065,C01823,Current,976056.27,Active
A04066,C03704,Investment,807392.96,Active
A04067,C07825,Current,435265.69,Active
A04068,C05062,Savings,921665.97,Active
A04069,C04494,Investment,915580.95,Active
A04070,C00223,Savings,332721.00,Active
A04071,C06657,Current,139775.57,Active
A04072,C07960,Investment,662541.84,Active
A04073,C05619,Investment,126089.85,Inactive
A04074,C04927,Savings,263798.70,Active
A04075,C06913,Current,454962.75,Active
A04076,C09381,Investment,55777.30,Active
A04077,C02217,Investment,420603.50,Active
A04078,C00716,Current,666541.01,Active
A04079,C04257,Savings,228436.94,Active
A04080,C03824,Investment,407747.46,Active
A04081,C03583,Savings,616531.95,Active
A04082,C08789,Investment,750873.67,Active
A04083,C02259,Savings,358793.36,Inactive
A04084,C06934,Investment,501492.07,Active
A04085,C09225,Current,893546.47,Closed
A04086,C00990,Savings,361041.93,Active
A04087,C04403,Investment,555086.90,Active
A04088,C05115,Savings,491121.91,Inactive
A04089,C05004,Investment,161770.65,Active
A04090,C03799,Investment,366266.84,Active
A04091,C00516,Savings,730015.52,Active
A04092,C07012,Current,861912.78,Inactive
A04093,C00596,Investment,799577.35,Active
A04094,C09911,Savings,566999.95,Inactive
A04095,C00105,Savings,597694.50,Active
A04096,C05827,Investment,593285.14,Active
A04097,C05568,Current,935556.49,Active
A04098,C00896,Savings,475095.82,Active
A04099,C04404,Current,131162.75,Active
A04100,C08044,Investment,298817.62,Active
A04101,C02561,Savings,911422.42,Active
A04102,C02139,Current,665548.79,Active
A04103,C08298,Current,686831.90,Active
A04104,C00926,Current,773955.53,Active
A04105,C01786,Current,991862.81,Active
A04106,C06552,Investment,886742.87,Active
A04107,C07331,Savings,627571.02,Active
A04108,C06620,Savings,864666.03,Active
A04109,C01528,Savings,669276.67,Active
A04110,C02406,Current,34491.50,Active
A04111,C04420,Savings,148547.26,Active
A04112,C06890,Current,245954.18,Active
A04113,C05024,Investment,414483.50,Active
A04114,C07063,Investment,686129.09,Active
A04115,C05241,Savings,285163.49,Inactive
A04116,C04316,Savings,82612.02,Active
A04117,C02572,Investment,374634.56,Active
A04118,C05774,Savings,717331.68,Closed
A04119,C09002,Investment,721456.61,Active
A04120,C09823,Investment,900361.51,Active
A04121,C05185,Investment,932061.50,Active
A04122,C04266,Investment,70682.86,Active
A04123,C05295,Savings,962298.40,Closed
A04124,C02699,Savings,50684.13,Inactive
A04125,C06544,Current,728805.82,Active
A04126,C04033,Investment,966232.22,Active
A04127,C08111,Current,705202.63,Active
A04128,C04707,Savings,228673.41,Active
A04129,C02384,Investment,702521.24,Active
A04130,C07481,Investment,429158.61,Inactive
A04131,C08174,Investment,643909.74,Active
A04132,C00882,Current,997119.49,Inactive
A04133,C07446,Savings,262566.26,Active
A04134,C06445,Investment,274673.76,Active
A04135,C02464,Investment,805665.04,Active
A04136,C04847,Savings,563357.51,Active
A04137,C07384,Investment,897992.13,Active
A04138,C01221,Savings,33159.38,Active
A04139,C09160,Current,292275.64,Active
A04140,C08321,Savings,579361.19,Active
A04141,C06214,Investment,260413.72,Active
A04142,C08238,Savings,424247.35,Active
A04143,C09904,Current,969641.01,Active
A04144,C02949,Current,516202.38,Active
A04145,C05610,Investment,364363.84,Active
A04146,C09305,Savings,362299.01,Active
A04147,C08664,Investment,261781.25,Active
A04148,C05747,Current,350927.79,Active
A04149,C02415,Savings,287534.63,Inactive
A04150,C04510,Savings,717005.01,Active
A04151,C00440,Investment,772400.27,Active
A04152,C03547,Savings,940049.66,Active
A04153,C05387,Investment,648819.33,Active
A04154,C07370,Investment,749768.55,Active
A04155,C04416,Current,619758.12,Active
A04156,C03429,Investment,728506.40,Active
A04157,C08570,Savings,74250.94,Active
A04158,C01170,Savings,394056.33,Active
A04159,C01551,Investment,511354.72,Active
A04160,C04303,Current,974702.63,Active
A04161,C03563,Current,636011.39,Active
A04162,C07989,Savings,370551.81,Active
A04163,C00412,Investment,371655.82,Active
A04164,C00328,Investment,402778.45,Active
A04165,C03561,Savings,444340.98,Active
A04166,C04184,Investment,657115.02,Active
A04167,C03313,Savings,427985.14,Active
A04168,C00055,Current,606761.91,Active
A04169,C08046,Savings,481782.20,Active
A04170,C03959,Current,604661.57,Active
A04171,C08105,Investment,329482.83,Active
A04172,C03127,Investment,589328.34,Active
A04173,C03198,Current,566146.66,Active
A04174,C08507,Current,362586.69,Active
A04175,C09605,Investment,673954.47,Closed
A04176,C05937,Current,973120.88,Inactive
A04177,C02517,Investment,166412.90,Active
A04178,C09908,Savings,101508.18,Active
A04179,C05766,Savings,316363.82,Active
A04180,C05139,Savings,482191.62,Active
A04181,C08903,Investment,993904.66,Closed
A04182,C05917,Investment,332161.29,Active
A04183,C03356,Savings,976042.69,Active
A04184,C03731,Savings,793185.87,Active
A04185,C04895,Current,330138.42,Active
A04186,C01042,Investment,832014.35,Active
A04187,C07616,Current,361414.47,Active
A04188,C01845,Savings,801969.42,Active
A04189,C02811,Current,528815.57,Active
A04190,C09226,Current,887917.13,Active
A04191,C07604,Savings,768681.42,Active
A04192,C02052,Current,228077.50,Inactive
A04193,C00876,Investment,785789.26,Active
A04194,C00046,Current,900438.85,Inactive
A04195,C06277,Investment,208985.70,Active
A04196,C07663,Investment,575970.20,Active
A04197,C02749,Investment,871122.16,Closed
A04198,C04702,Investment,842701.64,Active
A04199,C03069,Savings,395826.99,Active
A04200,C07795,Current,195240.37,Active
A04201,C05701,Savings,668665.38,Active
A04202,C03382,Investment,492507.46,Inactive
A04203,C00431,Current,325846.42,Active
A04204,C01590,Current,861254.25,Active
A04205,C09974,Current,809403.11,Active
A04206,C09728,Investment,564920.85,Active
A04207,C05171,Investment,575114.23,Closed
A04208,C06298,Savings,633361.95,Active
A04209,C09059,Current,7336.02,Active
A04210,C02312,Current,447308.90,Active
A04211,C05813,Current,853869.09,Active
A04212,C06784,Investment,332081.83,Active
A04213,C00964,Current,674232.38,Inactive
A04214,C02557,Current,89584.56,Inactive
A04215,C00501,Savings,90557.43,Active
A04216,C07421,Savings,997220.24,Active
A04217,C09488,Savings,274614.90,Active
A04218,C06116,Current,430204.55,Inactive
A04219,C06688,Current,728469.86,Active
A04220,C00157,Savings,720200.54,Active
A04221,C04429,Savings,272838.65,Active
A04222,C01330,Savings,987254.59,Active
A04223,C06096,Current,454148.25,Active
A04224,C07561,Current,419833.97,Active
A04225,C06469,Current,746303.48,Inactive
A04226,C02282,Investment,643241.25,Active
A04227,C04930,Savings,764749.72,Active
A04228,C07098,Investment,325101.47,Active
A04229,C02489,Savings,244419.13,Active
A04230,C04866,Current,760996.11,Active
A04231,C05090,Investment,485744.89,Active
A04232,C06852,Savings,837857.47,Closed
A04233,C05480,Savings,849914.55,Inactive
A04234,C03601,Savings,322655.68,Active
A04235,C04856,Savings,543629.15,Active
A04236,C08041,Investment,528657.05,Active
A04237,C06847,Savings,579202.50,Active
A04238,C09430,Investment,378453.64,Active
A04239,C00921,Current,112441.60,Active
A04240,C07076,Current,122635.62,Active
A04241,C03609,Current,847516.90,Active
A04242,C05434,Investment,59545.32,Active
A04243,C07539,Investment,840013.24,Active
A04244,C07689,Current,609172.73,Active
A04245,C01703,Investment,575680.59,Active
A04246,C07261,Savings,568146.86,Active
A04247,C00798,Investment,461724.66,Active
A04248,C01135,Savings,150424.90,Inactive
A04249,C08377,Savings,19380.49,Active
A04250,C08030,Investment,517559.16,Active
A04251,C07411,Investment,539619.40,Inactive
A04252,C02509,Current,777906.21,Active
A04253,C06608,Investment,741071.26,Active
A04254,C07059,Savings,447544.58,Active
A04255,C08229,Savings,938873.71,Active
A04256,C00586,Investment,713316.52,Active
A04257,C05316,Current,488638.81,Active
A04258,C05816,Savings,116545.01,Closed
A04259,C03541,Current,452875.37,Active
A04260,C01440,Savings,835454.64,Active
A04261,C08551,Savings,277746.36,Active
A04262,C08761,Savings,947501.34,Active
A04263,C06648,Current,938263.07,Active
A04264,C01951,Investment,240735.87,Active
A04265,C05343,Savings,568330.88,Active
A04266,C02748,Investment,810431.29,Active
A04267,C01734,Current,906412.23,Active
A04268,C03864,Current,983409.20,Active
A04269,C03649,Savings,882104.67,Active
A04270,C01028,Current,107101.87,Active
A04271,C03954,Current,807341.87,Active
A04272,C00432,Current,902801.54,Active
A04273,C04979,Current,733926.04,Active
A04274,C04289,Savings,770217.37,Active
A04275,C08952,Savings,329280.84,Active
A04276,C03650,Investment,255704.15,Active
A04277,C09171,Investment,886746.61,Closed
A04278,C01191,Investment,977421.17,Active
A04279,C08764,Investment,55292.84,Active
A04280,C06979,Investment,50930.34,Active
A04281,C08563,Savings,892646.51,Active
A04282,C05052,Savings,429470.43,Active
A04283,C06370,Savings,103723.65,Active
A04284,C02493,Investment,279027.71,Closed
A04285,C06705,Current,51102.82,Closed
A04286,C05609,Investment,519359.68,Closed
A04287,C09083,Savings,280850.43,Active
A04288,C04178,Investment,647885.69,Active
A04289,C09657,Investment,322976.17,Active
A04290,C04668,Savings,34448.32,Active
A04291,C01369,Current,65435.57,Active
A04292,C06777,Savings,447875.97,Active
A04293,C09976,Current,178895.23,Active
A04294,C05081,Investment,304445.48,Inactive
A04295,C06871,Current,645622.70,Active
A04296,C04432,Investment,965300.19,Active
A04297,C08292,Savings,181968.56,Active
A04298,C09816,Investment,38860.84,Active
A04299,C06612,Savings,213039.53,Inactive
A04300,C02194,Savings,443623.62,Active
A04301,C07758,Savings,531972.29,Active
A04302,C02711,Current,506647.97,Active
A04303,C05905,Investment,371360.24,Active
A04304,C04559,Current,538670.24,Active
A04305,C03950,Investment,633955.16,Active
A04306,C05134,Investment,857836.56,Active
A04307,C09864,Current,778898.14,Active
A04308,C06073,Savings,211510.34,Active
A04309,C05940,Current,806178.68,Active
A04310,C03356,Current,362254.26,Active
A04311,C03535,Investment,495476.60,Active
A04312,C05237,Savings,815995.13,Active
A04313,C03611,Savings,279481.28,Active
A04314,C02372,Savings,739023.94,Active
A04315,C07907,Investment,885962.19,Active
A04316,C07163,Savings,552156.14,Active
A04317,C03649,Current,19986.03,Active
A04318,C04244,Investment,326370.25,Active
A04319,C08573,Savings,999018.46,Active
A04320,C08496,Savings,613487.26,Active
A04321,C07797,Investment,541512.87,Active
A04322,C03067,Current,734936.44,Active
A04323,C02945,Investment,190085.30,Active
A04324,C07403,Savings,766386.42,Inactive
A04325,C02577,Investment,640154.86,Inactive
A04326,C07587,Investment,218368.15,Active
A04327,C00992,Current,352708.14,Active
A04328,C02227,Current,144461.82,Active
A04329,C01355,Current,993623.33,Active
A04330,C00330,Savings,85272.80,Active
A04331,C02223,Investment,941185.04,Active
A04332,C03524,Current,767210.55,Active
A04333,C04680,Current,477322.55,Active
A04334,C06222,Investment,545275.27,Active
A04335,C06905,Savings,736374.32,Active
A04336,C07203,Investment,588262.91,Active
A04337,C08602,Savings,861863.31,Active
A04338,C05453,Savings,506371.60,Active
A04339,C09558,Investment,738864.50,Active
A04340,C02881,Investment,150885.20,Active
A04341,C03654,Investment,869014.14,Active
A04342,C05409,Current,688244.83,Active
A04343,C03200,Investment,487234.00,Active
A04344,C04421,Current,332843.06,Active
A04345,C05369,Current,155532.46,Active
A04346,C00198,Investment,964738.54,Active
A04347,C04598,Current,831290.21,Active
A04348,C02155,Investment,566211.55,Active
A04349,C02000,Savings,518288.98,Active
A04350,C09159,Investment,882504.58,Active
A04351,C07087,Investment,593028.75,Active
A04352,C09916,Investment,263730.14,Active
A04353,C06297,Investment,849061.78,Active
A04354,C02490,Investment,141748.64,Active
A04355,C09540,Investment,999930.26,Active
A04356,C05016,Investment,186355.58,Active
A04357,C08117,Savings,750449.92,Active
A04358,C03124,Investment,13454.39,Active
A04359,C05457,Investment,953510.89,Active
A04360,C02887,Current,626922.40,Active
A04361,C06281,Investment,300782.43,Active
A04362,C05229,Savings,547569.27,Active
A04363,C09543,Investment,793803.34,Active
A04364,C08986,Investment,759936.03,Active
A04365,C06285,Savings,525759.59,Active
A04366,C00060,Current,100362.77,Active
A04367,C02858,Savings,704286.44,Active
A04368,C06783,Investment,30316.10,Active
A04369,C09149,Investment,506083.13,Active
A04370,C04457,Savings,802416.09,Active
A04371,C01851,Savings,174612.18,Inactive
A04372,C08100,Current,853824.57,Active
A04373,C09160,Savings,776000.99,Active
A04374,C09623,Savings,684264.85,Active
A04375,C04988,Savings,512964.38,Active
A04376,C03944,Savings,771367.93,Closed
A04377,C09339,Current,330120.67,Active
A04378,C08399,Investment,787316.04,Active
A04379,C09099,Savings,556583.26,Closed
A04380,C01077,Investment,848380.28,Active
A04381,C07581,Savings,598788.10,Active
A04382,C03743,Savings,123919.57,Closed
A04383,C05846,Investment,692061.25,Active
A04384,C00121,Savings,58204.59,Active
A04385,C01752,Savings,73094.23,Active
A04386,C07337,Savings,309111.62,Active
A04387,C02303,Current,856159.65,Active
A04388,C09035,Savings,873013.99,Active
A04389,C02733,Savings,415090.52,Active
A04390,C04288,Savings,381673.83,Active
A04391,C07431,Savings,876940.32,Active
A04392,C09281,Savings,10674.32,Active
A04393,C01588,Savings,19584.13,Inactive
A04394,C01138,Current,602364.33,Active
A04395,C05307,Savings,226276.99,Inactive
A04396,C02784,Savings,195773.39,Active
A04397,C01232,Savings,662841.93,Closed
A04398,C02894,Savings,850721.13,Active
A04399,C09176,Savings,832687.99,Active
A04400,C01225,Current,388778.94,Active
A04401,C03871,Current,36818.88,Active
A04402,C02341,Current,157562.75,Active
A04403,C04626,Current,49517.00,Active
A04404,C09035,Savings,434471.06,Active
A04405,C03354,Investment,685511.82,Inactive
A04406,C03747,Savings,960630.48,Active
A04407,C01836,Current,710546.72,Active
A04408,C05333,Savings,36631.67,Active
A04409,C09441,Current,378488.21,Active
A04410,C04002,Savings,878607.48,Active
A04411,C01223,Investment,947662.15,Active
A04412,C03627,Investment,126449.77,Active
A04413,C07261,Savings,56055.08,Inactive
A04414,C09610,Savings,294123.02,Active
A04415,C05070,Savings,638087.57,Active
A04416,C09291,Investment,680594.45,Active
A04417,C03914,Savings,563901.51,Active
A04418,C06290,Savings,661274.50,Active
A04419,C05930,Current,278672.46,Active
A04420,C01658,Investment,320764.49,Active
A04421,C00192,Savings,795612.47,Active
A04422,C06421,Savings,681982.98,Active
A04423,C00718,Savings,713654.85,Active
A04424,C03952,Investment,122155.77,Active
A04425,C00090,Savings,225923.82,Active
A04426,C06065,Current,511360.37,Active
A04427,C04759,Current,860487.63,Active
A04428,C02644,Savings,98582.84,Active
A04429,C09795,Savings,141304.18,Active
A04430,C01556,Current,977560.22,Active
A04431,C08558,Investment,931386.80,Active
A04432,C00260,Investment,112979.09,Active
A04433,C05719,Savings,456981.02,Active
A04434,C09477,Savings,390493.03,Inactive
A04435,C07753,Investment,354965.17,Active
A04436,C06574,Savings,885511.73,Active
A04437,C02382,Investment,637735.97,Active
A04438,C04650,Savings,733635.19,Active
A04439,C05666,Current,538393.34,Active
A04440,C09144,Investment,499538.01,Closed
A04441,C00167,Savings,888374.63,Active
A04442,C09105,Current,81252.44,Active
A04443,C03726,Current,783211.78,Active
A04444,C04659,Current,377218.11,Active
A04445,C04138,Current,785409.75,Active
A04446,C07685,Savings,686541.79,Active
A04447,C07174,Current,337778.65,Active
A04448,C04860,Current,580887.64,Active
A04449,C09174,Savings,50690.77,Active
A04450,C00303,Current,719180.23,Active
A04451,C07709,Savings,973908.19,Active
A04452,C04167,Savings,811639.02,Active
A04453,C09724,Current,203925.36,Active
A04454,C00623,Investment,25779.89,Active
A04455,C02614,Current,324078.20,Active
A04456,C01908,Current,710055.95,Active
A04457,C07241,Savings,151717.70,Active
A04458,C00099,Current,296306.04,Active
A04459,C07011,Savings,168241.13,Active
A04460,C05499,Current,908158.26,Active
A04461,C01316,Savings,255351.18,Active
A04462,C06902,Savings,993961.21,Active
A04463,C09438,Current,299869.48,Active
A04464,C06062,Current,679288.39,Active
A04465,C04053,Current,614445.20,Active
A04466,C09001,Current,554912.99,Active
A04467,C07301,Savings,613951.24,Active
A04468,C06654,Investment,630953.83,Active
A04469,C08900,Savings,801551.54,Active
A04470,C05800,Current,952271.01,Active
A04471,C00998,Current,285606.78,Active
A04472,C06698,Current,376647.67,Active
A04473,C05827,Current,170403.52,Inactive
A04474,C09095,Current,921772.82,Active
A04475,C01274,Investment,867064.25,Inactive
A04476,C05009,Savings,794500.09,Active
A04477,C09398,Investment,565220.58,Active
A04478,C00256,Investment,579372.53,Active
A04479,C07077,Savings,9276.46,Active
A04480,C05488,Savings,251633.40,Active
A04481,C02509,Current,683794.64,Active
A04482,C04033,Savings,938892.13,Active
A04483,C08873,Current,338010.20,Active
A04484,C08794,Savings,861238.83,Active
A04485,C08669,Savings,779173.31,Active
A04486,C03362,Investment,771599.23,Inactive
A04487,C05552,Savings,16097.78,Active
A04488,C03594,Savings,734218.25,Active
A04489,C00870,Savings,562450.41,Active
A04490,C00305,Savings,737884.39,Active
A04491,C07601,Current,592878.26,Active
A04492,C01068,Investment,865200.80,Active
A04493,C00285,Current,13689.22,Active
A04494,C01664,Investment,458740.22,Active
A04495,C07947,Current,971584.71,Active
A04496,C05708,Investment,278069.18,Active
A04497,C09685,Savings,889737.78,Active
A04498,C07449,Current,471353.53,Active
A04499,C05001,Savings,117329.85,Active
A04500,C05201,Investment,801184.20,Active
A04501,C06957,Investment,315149.32,Inactive
A04502,C02679,Investment,377756.11,Active
A04503,C03713,Savings,716280.64,Active
A04504,C04334,Savings,489538.35,Active
A04505,C01292,Investment,667109.55,Active
A04506,C06703,Current,765024.70,Active
A04507,C01790,Current,63828.42,Active
A04508,C03133,Savings,892890.28,Active
A04509,C03780,Savings,949375.46,Active
A04510,C07274,Current,810849.00,Active
A04511,C07069,Savings,932674.74,Active
A04512,C01422,Investment,104171.07,Active
A04513,C02624,Investment,268758.12,Inactive
A04514,C07009,Investment,241074.69,Active
A04515,C03523,Current,250134.35,Active
A04516,C03570,Savings,526006.11,Active
A04517,C04707,Savings,189253.78,Inactive
A04518,C07890,Investment,120200.43,Active
A04519,C09201,Savings,414640.29,Active
A04520,C04702,Current,382370.28,Inactive
A04521,C00413,Current,205767.74,Active
A04522,C07889,Savings,733252.84,Active
A04523,C04597,Current,931808.48,Active
A04524,C06842,Current,452612.32,Inactive
A04525,C03179,Savings,652255.28,Active
A04526,C08387,Investment,327489.06,Active
A04527,C06594,Savings,473945.28,Active
A04528,C00227,Investment,868308.85,Active
A04529,C09903,Current,224369.46,Active
A04530,C02042,Current,547460.86,Active
A04531,C08309,Investment,995407.39,Active
A04532,C06120,Current,10763.81,Active
A04533,C00774,Investment,792410.95,Active
A04534,C01123,Investment,684103.62,Active
A04535,C02128,Current,285048.45,Active
A04536,C03025,Investment,527331.55,Active
A04537,C01075,Current,206020.22,Active
A04538,C00557,Investment,458053.98,Active
A04539,C07110,Savings,79114.27,Active
A04540,C01535,Investment,86298.93,Active
A04541,C02191,Savings,589882.94,Active
A04542,C00114,Current,340023.51,Active
A04543,C00054,Investment,525132.58,Active
A04544,C04542,Investment,112832.91,Active
A04545,C04690,Current,413006.72,Active
A04546,C07820,Savings,561303.77,Closed
A04547,C09093,Savings,204261.39,Active
A04548,C07784,Investment,132361.74,Active
A04549,C07986,Investment,781168.25,Active
A04550,C01232,Current,346009.95,Active
A04551,C09497,Savings,365678.62,Active
A04552,C04081,Savings,932591.39,Active
A04553,C06514,Current,64396.20,Active
A04554,C03908,Savings,504154.18,Active
A04555,C07759,Investment,-5000.00,Active
A04556,C08371,Current,310461.33,Closed
A04557,C07735,Savings,414223.66,Active
A04558,C04111,Investment,509303.27,Active
A04559,C00497,Savings,588072.50,Active
A04560,C08799,Savings,174460.38,Active
A04561,C03987,Current,609973.29,Active
A04562,C08849,Current,905801.64,Active
A04563,C00949,Investment,892867.61,Closed
A04564,C03012,Current,646601.73,Active
A04565,C04488,Current,572600.69,Active
A04566,C05189,Savings,827707.63,Active
A04567,C08464,Investment,149496.09,Inactive
A04568,C02857,Savings,439232.51,Active
A04569,C08384,Current,100033.81,Active
A04570,C05582,Current,799970.55,Active
A04571,C02610,Savings,993405.42,Active
A04572,C06371,Current,552988.03,Active
A04573,C09438,Current,386330.27,Active
A04574,C01387,Current,704050.35,Active
A04575,C02465,Investment,887488.67,Active
A04576,C04831,Current,106088.14,Closed
A04577,C02597,Savings,987229.89,Active
A04578,C06879,Savings,285683.23,Active
A04579,C08255,Current,403291.72,Active
A04580,C07352,Investment,646893.77,Active
A04581,C01151,Current,926741.64,Active
A04582,C02129,Current,459732.76,Active
A04583,C06816,Savings,611609.44,Active
A04584,C05437,Investment,67201.13,Active
A04585,C09132,Investment,859952.55,Active
A04586,C05894,Current,292485.72,Active
A04587,C09727,Investment,251756.81,Active
A04588,C06803,Current,931557.91,Active
A04589,C04041,Current,741596.00,Active
A04590,C06824,Savings,906287.18,Active
A04591,C05793,Savings,343311.13,Active
A04592,C08126,Investment,362829.41,Active
A04593,C09985,Current,964574.10,Active
A04594,C06783,Savings,536187.34,Active
A04595,C08406,Investment,192659.51,Active
A04596,C08870,Investment,904068.09,Active
A04597,C06183,Savings,282765.78,Active
A04598,C05315,Savings,183232.71,Active
A04599,C06389,Current,640791.29,Active
A04600,C07855,Investment,173885.14,Active
A04601,C09630,Investment,547010.67,Active
A04602,C06521,Savings,723561.12,Closed
A04603,C07179,Investment,411623.78,Active
A04604,C09652,Current,3551.42,Active
A04605,C08322,Investment,956957.21,Active
A04606,C08043,Current,90937.03,Active
A04607,C08994,Savings,512994.99,Active
A04608,C05227,Savings,16164.52,Active
A04609,C01666,Investment,825698.07,Active
A04610,C00051,Current,848114.77,Active
A04611,C03392,Investment,790912.13,Active
A04612,C03849,Savings,622859.38,Active
A04613,C07717,Current,588464.83,Active
A04614,C00702,Savings,887463.56,Active
A04615,C07346,Current,365522.90,Active
A04616,C08544,Current,212976.13,Active
A04617,C01168,Savings,685800.52,Active
A04618,C00053,Current,394900.01,Inactive
A04619,C05528,Current,479366.12,Active
A04620,C04651,Savings,51742.57,Active
A04621,C00470,Investment,432158.50,Active
A04622,C01908,Current,878725.12,Active
A04623,C01096,Investment,343529.67,Closed
A04624,C07218,Current,406469.12,Active
A04625,C02696,Current,292579.28,Active
A04626,C09844,Current,702677.98,Active
A04627,C01387,Current,213709.26,Active
A04628,C06342,Investment,975140.18,Active
A04629,C05447,Current,263594.40,Active
A04630,C06300,Investment,191347.32,Active
A04631,C02960,Current,22376.03,Active
A04632,C08600,Investment,158243.90,Active
A04633,C09962,Investment,589232.01,Active
A04634,C06558,Current,726208.83,Active
A04635,C01890,Investment,466786.50,Active
A04636,C09110,Savings,289159.22,Active
A04637,C00322,Savings,419617.05,Active
A04638,C05011,Investment,445467.55,Active
A04639,C02263,Investment,390951.69,Inactive
A04640,C03951,Current,612852.94,Inactive
A04641,C02592,Investment,742672.06,Active
A04642,C00361,Investment,646917.91,Active
A04643,C03530,Savings,686820.88,Active
A04644,C03233,Current,993639.93,Active
A04645,C05413,Current,607052.12,Active
A04646,C00671,Current,186353.30,Active
A04647,C09127,Current,131988.87,Active
A04648,C06252,Investment,210530.64,Active
A04649,C07320,Investment,975231.18,Active
A04650,C01208,Investment,681329.58,Active
A04651,C00862,Current,99944.56,Active
A04652,C07462,Current,954440.11,Closed
A04653,C09933,Current,804737.93,Active
A04654,C03306,Investment,129491.28,Closed
A04655,C04446,Investment,383647.43,Active
A04656,C01304,Investment,422254.48,Active
A04657,C07399,Investment,981823.83,Active
A04658,C00494,Investment,306433.07,Active
A04659,C00392,Savings,538555.04,Active
A04660,C04552,Current,204174.27,Inactive
A04661,C08657,Savings,377690.65,Active
A04662,C06614,Investment,279551.41,Active
A04663,C06368,Current,487417.47,Active
A04664,C08535,Current,841337.80,Active
A04665,C09554,Current,602921.15,Active
A04666,C07847,Investment,424452.46,Active
A04667,C01290,Current,123079.74,Active
A04668,C05302,Investment,39132.57,Active
A04669,C04675,Investment,53885.85,Active
A04670,C04769,Current,466998.33,Active
A04671,C00874,Current,138569.54,Active
A04672,C05630,Investment,151410.99,Active
A04673,C01045,Savings,601967.88,Active
A04674,C02673,Investment,475778.39,Inactive
A04675,C07478,Current,980162.56,Inactive
A04676,C04026,Investment,124782.65,Active
A04677,C00120,Savings,449385.16,Active
A04678,C09157,Savings,229159.34,Active
A04679,C09804,Investment,689548.11,Active
A04680,C00305,Investment,652522.02,Active
A04681,C08107,Current,459591.89,Inactive
A04682,C07696,Current,30373.57,Active
A04683,C03531,Investment,628294.93,Closed
A04684,C06451,Current,837686.27,Inactive
A04685,C07834,Investment,771794.88,Active
A04686,C06463,Savings,92898.51,Closed
A04687,C07904,Savings,519254.96,Active
A04688,C06659,Investment,440201.56,Active
A04689,C08643,Current,70931.71,Inactive
A04690,C03711,Investment,392936.17,Active
A04691,C01956,Savings,11340.33,Active
A04692,C06719,Savings,303743.19,Active
A04693,C08450,Current,303855.84,Active
A04694,C06593,Current,366901.14,Active
A04695,C09291,Current,453055.84,Active
A04696,C03687,Current,297646.16,Closed
A04697,C04071,Current,965842.42,Active
A04698,C04707,Savings,132824.08,Active
A04699,C06231,Savings,49348.27,Active
A04700,C00515,Savings,700930.36,Inactive
A04701,C04089,Current,917970.03,Active
A04702,C00150,Savings,790066.69,Active
A04703,C00308,Current,246849.17,Active
A04704,C00425,Current,633351.56,Active
A04705,C06985,Investment,419347.37,Active
A04706,C01305,Investment,170238.23,Active
A04707,C01466,Current,133899.83,Active
A04708,C04463,Savings,927924.18,Active
A04709,C05359,Investment,689821.50,Active
A04710,C02383,Current,423731.72,Active
A04711,C01527,Investment,810983.03,Active
A04712,C09350,Investment,850170.64,Active
A04713,C03707,Savings,829136.01,Active
A04714,C05091,Savings,20903.33,Active
A04715,C04203,Current,448299.70,Closed
A04716,C01376,Current,868938.70,Active
A04717,C02872,Investment,841391.48,Inactive
A04718,C05964,Savings,731626.31,Active
A04719,C00228,Savings,78735.37,Active
A04720,C07977,Savings,668697.61,Active
A04721,C06040,Savings,212738.44,Active
A04722,C07013,Current,701438.99,Inactive
A04723,C04612,Current,748020.76,Active
A04724,C01009,Savings,761082.85,Active
A04725,C06740,Current,675742.10,Active
A04726,C04960,Investment,52747.87,Inactive
A04727,C08406,Investment,173712.26,Closed
A04728,C09857,Savings,892719.58,Active
A04729,C05472,Savings,340310.82,Active
A04730,C04296,Savings,343508.68,Active
A04731,C07042,Savings,829570.74,Active
A04732,C06928,Investment,646872.91,Active
A04733,C08376,Savings,835852.79,Active
A04734,C08304,Current,968865.55,Active
A04735,C05458,Savings,245618.87,Active
A04736,C00711,Current,672987.59,Active
A04737,C08241,Investment,317974.60,Active
A04738,C08777,Savings,670206.72,Active
A04739,C05666,Investment,933836.74,Active
A04740,C06844,Investment,351970.03,Active
A04741,C06579,Investment,24060.55,Active
A04742,,Savings,96615.65,Inactive
A04743,C05715,Investment,454878.88,Active
A04744,C02549,Current,239162.78,Active
A04745,C01947,Current,535609.76,Active
A04746,C03734,Investment,782789.45,Active
A04747,C02093,Investment,17406.84,Active
A04748,C00277,Savings,584872.58,Active
A04749,C03453,Savings,575415.98,Inactive
A04750,C00784,Current,560640.70,Active
A04751,C05608,Investment,189760.35,Active
A04752,C00622,Savings,759247.06,Active
A04753,C03428,Savings,746263.23,Active
A04754,C06364,Savings,26083.08,Active
A04755,C05969,Investment,368323.06,Active
A04756,C06269,Savings,888224.82,Active
A04757,C08157,Current,385177.04,Active
A04758,C07252,Investment,691751.18,Active
A04759,C03760,Investment,243705.08,Active
A04760,C04740,Savings,72568.52,Active
A04761,C05753,Savings,971121.46,Active
A04762,C05792,Current,547398.26,Active
A04763,C03061,Investment,940299.72,Active
A04764,C09272,Current,482814.60,Active
A04765,C08352,Savings,604395.00,Active
A04766,C00199,Investment,854085.18,Active
A04767,C09216,Current,813809.55,Active
A04768,C09643,Investment,523107.30,Active
A04769,C00291,Current,753931.08,Active
A04770,C06874,Savings,669645.01,Active
A04771,C06180,Investment,468290.29,Inactive
A04772,C02565,Current,100306.65,Active
A04773,C08317,Current,357324.30,Active
A04774,C05378,Savings,794874.54,Active
A04775,C00523,Investment,133025.41,Active
A04776,C02079,Savings,252831.07,Active
A04777,C09592,Savings,886782.24,Closed
A04778,C03411,Investment,21848.81,Active
A04779,C04255,Investment,252144.31,Closed
A04780,C03116,Investment,168579.07,Active
A04781,C04185,Current,14017.67,Active
A04782,C01659,Investment,484302.52,Inactive
A04783,C00007,Savings,68499.89,Active
A04784,C03209,Current,488808.96,Active
A04785,C01180,Investment,395390.28,Active
A04786,C04140,Savings,893313.72,Active
A04787,C06428,Current,662624.96,Active
A04788,C01086,Savings,489225.23,Active
A04789,C05679,Savings,443524.64,Active
A04790,C02215,Investment,707541.42,Active
A04791,C01744,Investment,901188.41,Active
A04792,C03159,Savings,651768.16,Active
A04793,C06329,Savings,635903.62,Active
A04794,C02925,Savings,331199.39,Closed
A04795,C00766,Savings,839283.18,Active
A04796,C01139,Investment,383801.62,Active
A04797,C04388,Savings,949451.59,Active
A04798,C00397,Current,149218.97,Inactive
A04799,C03853,Savings,398423.85,Active
A04800,C02142,Current,382602.84,Active
A04801,C04601,Current,116565.59,Active
A04802,C06447,Savings,430628.57,Closed
A04803,C03882,Current,907979.30,Active
A04804,,Savings,256381.07,Active
A04805,C00645,Savings,459672.54,Active
A04806,C00417,Investment,661042.19,Active
A04807,C08734,Investment,47440.79,Active
A04808,C01557,Current,61892.33,Active
A04809,C06402,Current,465485.67,Inactive
A04810,C07022,Investment,331711.21,Active
A04811,C07448,Current,450410.95,Active
A04812,C03691,Investment,225693.87,Active
A04813,C05247,Investment,589481.26,Active
A04814,C04580,Current,931734.38,Closed
A04815,C00340,Investment,761190.39,Active
A04816,C09568,Investment,218227.00,Active
A04817,C07915,Investment,283072.20,Active
A04818,C06590,Current,163072.78,Active
A04819,C08816,Savings,289723.42,Active
A04820,C03172,Current,877100.04,Active
A04821,C08923,Savings,27014.48,Active
A04822,C00529,Savings,24431.72,Active
A04823,C07678,Current,338213.80,Active
A04824,C03315,Investment,776042.77,Active
A04825,C04762,Investment,90270.87,Active
A04826,C08668,Savings,342157.29,Active
A04827,C02312,Investment,203119.83,Active
A04828,C05718,Investment,164690.11,Active
A04829,C02872,Current,956700.34,Active
A04830,C00479,Investment,766905.03,Active
A04831,C04231,Investment,933298.52,Active
A04832,C00214,Investment,889137.75,Active
A04833,C07033,Investment,79995.35,Active
A04834,C06019,Investment,21677.30,Active
A04835,C03796,Savings,398409.95,Active
A04836,C07610,Current,127743.57,Active
A04837,C07295,Savings,702665.51,Active
A04838,C00013,Investment,531270.65,Active
A04839,C07437,Current,900400.59,Closed
A04840,C06021,Savings,86162.31,Active
A04841,C06853,Current,202774.53,Active
A04842,C01877,Savings,13482.50,Active
A04843,C06471,Investment,410989.99,Active
A04844,C04491,Current,992106.47,Active
A04845,C01653,Current,473186.63,Active
A04846,C09944,Current,428303.62,Active
A04847,C03137,Investment,467146.93,Closed
A04848,C05617,Savings,318190.92,Active
A04849,C06224,Investment,583358.61,Active
A04850,C08050,Investment,482903.09,Active
A04851,C09381,Current,89348.85,Active
A04852,C06321,Savings,225329.07,Active
A04853,C04083,Investment,480940.78,Active
A04854,C01636,Current,676676.98,Active
A04855,C05783,Investment,646835.10,Active
A04856,C07208,Investment,810907.25,Active
A04857,C01600,Investment,610311.09,Active
A04858,C03646,Savings,224373.12,Active
A04859,C07990,Current,151796.28,Active
A04860,C06858,Savings,702316.24,Active
A04861,C09972,Investment,345225.09,Active
A04862,C03768,Savings,804547.27,Active
A04863,C04772,Savings,394152.73,Inactive
A04864,C09498,Investment,972326.25,Inactive
A04865,C00284,Current,185998.90,Active
A04866,C08338,Savings,321592.07,Active
A04867,C06695,Current,54515.97,Active
A04868,C03163,Savings,970410.04,Active
A04869,C00951,Current,941704.95,Active
A04870,C03531,Current,931126.56,Active
A04871,C09297,Savings,408004.85,Active
A04872,C08642,Savings,692691.20,Inactive
A04873,C08172,Current,615925.59,Inactive
A04874,C04077,Current,487754.53,Active
A04875,C04270,Savings,704128.16,Active
A04876,C02364,Savings,800936.95,Active
A04877,C04756,Savings,21570.02,Active
A04878,C08189,Current,131352.49,Active
A04879,C02295,Current,528739.28,Active
A04880,C08561,Current,25156.78,Active
A04881,C02823,Investment,848686.95,Active
A04882,C02766,Investment,709847.43,Active
A04883,C05115,Current,265548.37,Active
A04884,C06188,Savings,438640.01,Inactive
A04885,C03658,Savings,861689.71,Active
A04886,C08540,Savings,131503.89,Active
A04887,C09182,Current,393955.75,Active
A04888,C04358,Savings,256849.27,Active
A04889,C07248,Investment,253057.39,Inactive
A04890,C07662,Current,341734.90,Active
A04891,C02115,Current,401534.48,Active
A04892,C08455,Current,940140.31,Active
A04893,C09712,Savings,67464.45,Active
A04894,C07560,Savings,248289.27,Active
A04895,C02353,Investment,553820.50,Active
A04896,C07443,Savings,711980.85,Active
A04897,C00117,Investment,23985.80,Active
A04898,C07203,Current,683267.33,Active
A04899,C00714,Current,416571.48,Active
A04900,C07531,Investment,298818.96,Active
A04901,C04092,Savings,179621.65,Active
A04902,C08117,Investment,773251.95,Active
A04903,C09940,Current,541117.62,Active
A04904,C02090,Current,362945.56,Active
A04905,C08866,Investment,119578.22,Inactive
A04906,C03097,Current,807118.78,Active
A04907,C07983,Current,700467.02,Active
A04908,C06675,Savings,807603.87,Active
A04909,C09482,Investment,110104.41,Active
A04910,C04799,Investment,776099.82,Inactive
A04911,C09309,Investment,660795.80,Inactive
A04912,C02776,Investment,506938.31,Active
A04913,C05135,Investment,251150.49,Active
A04914,C00135,Investment,99953.00,Active
A04915,C01204,Savings,886756.13,Closed
A04916,C01723,Current,385790.91,Active
A04917,C05540,Savings,827755.72,Active
A04918,C09678,Savings,681467.47,Active
A04919,C07987,Investment,910143.62,Active
A04920,C08621,Savings,657361.32,Active
A04921,C08813,Investment,733890.89,Active
A04922,C00733,Current,262163.33,Active
A04923,C06375,Current,556292.63,Active
A04924,C02533,Investment,565480.02,Active
A04925,C04126,Current,127621.16,Active
A04926,C05227,Investment,453212.87,Active
A04927,C00234,Savings,238764.76,Inactive
A04928,C05247,Current,179241.19,Active
A04929,C00220,Investment,9141.47,Active
A04930,C00422,Investment,868959.61,Inactive
A04931,C09040,Investment,14494.86,Active
A04932,C00001,Savings,332847.60,Active
A04933,C08816,Savings,546608.49,Active
A04934,C08584,Investment,479583.28,Active
A04935,C02533,Savings,908442.17,Closed
A04936,C00166,Current,71450.10,Closed
A04937,C08887,Savings,899733.89,Active
A04938,C02787,Savings,205863.43,Active
A04939,C07658,Current,944816.30,Active
A04940,C01849,Current,269844.87,Active
A04941,C01111,Investment,992142.11,Active
A04942,C00043,Investment,894873.66,Active
A04943,C02197,Investment,663490.17,Active
A04944,C09738,Current,849035.16,Inactive
A04945,C09153,Current,217443.37,Active
A04946,C03895,Current,584168.20,Active
A04947,C06398,Savings,559886.32,Active
A04948,C08858,Current,645220.45,Active
A04949,C05306,Current,609397.91,Active
A04950,C02307,Investment,230471.31,Active
A04951,C05952,Investment,504647.98,Active
A04952,C02434,Investment,649809.50,Active
A04953,C03532,Investment,516124.39,Active
A04954,C07122,Savings,662949.40,Active
A04955,C05263,Investment,488761.49,Active
A04956,C02451,Investment,409971.67,Active
A04957,C09588,Investment,669573.83,Active
A04958,C09990,Current,65419.79,Active
A04959,C05370,Investment,658982.33,Active
A04960,C03066,Current,596202.69,Inactive
A04961,C01571,Current,328970.38,Active
A04962,C08871,Savings,809784.55,Active
A04963,C01983,Current,626708.04,Active
A04964,C05525,Investment,301550.71,Active
A04965,C04432,Investment,258206.06,Active
A04966,C09443,Savings,421467.33,Active
A04967,C08467,Current,347248.11,Active
A04968,C00363,Current,657129.31,Closed
A04969,C00915,Investment,638096.87,Active
A04970,C07485,Savings,81253.24,Inactive
A04971,C04674,Savings,964457.62,Active
A04972,C05273,Current,322188.61,Active
A04973,C02112,Current,344499.56,Active
A04974,C06122,Investment,422246.51,Active
A04975,C08966,Current,424923.07,Active
A04976,C00218,Savings,104837.61,Active
A04977,C09210,Savings,128585.98,Active
A04978,C02497,Current,704015.00,Active
A04979,C04677,Current,678705.59,Active
A04980,C05652,Savings,572580.44,Active
A04981,C07348,Savings,308956.96,Active
A04982,C06963,Savings,621871.94,Active
A04983,C07751,Investment,485106.39,Active
A04984,C04707,Investment,479725.23,Active
A04985,C06330,Savings,952693.08,Closed
A04986,C08707,Savings,333967.28,Active
A04987,C08792,Investment,30585.70,Active
A04988,C00931,Savings,716400.66,Active
A04989,C04094,Current,641303.18,Active
A04990,C01319,Investment,15344.64,Active
A04991,C02206,Savings,678278.99,Active
A04992,C00253,Current,781204.55,Active
A04993,C05641,Current,249943.19,Closed
A04994,C07090,Investment,774858.48,Active
A04995,C08213,Current,378768.16,Closed
A04996,C05897,Investment,357872.70,Active
A04997,C08339,Current,557891.32,Inactive
A04998,C08858,Current,25445.58,Closed
A04999,C06300,Current,985775.59,Active
A05000,C08604,Savings,658184.74,Active
A05001,C08359,Current,112455.21,Active
A05002,C00881,Savings,344061.10,Active
A05003,C04343,Current,848661.34,Active
A05004,C07287,Investment,510205.52,Active
A05005,C04351,Investment,627050.52,Active
A05006,C04716,Current,7046.94,Active
A05007,C05102,Current,36191.11,Active
A05008,C06319,Savings,765385.73,Active
A05009,C07003,Investment,909603.40,Active
A05010,C01076,Investment,105343.52,Active
A05011,C01977,Savings,535282.21,Active
A05012,C05964,Investment,617223.61,Active
A05013,C04578,Savings,178986.20,Active
A05014,C01691,Investment,191761.60,Inactive
A05015,C02487,Current,77480.41,Active
A05016,C07541,Current,719081.85,Active
A05017,C00096,Savings,714114.50,Active
A05018,C07550,Current,940893.25,Active
A05019,C00846,Current,545958.42,Closed
A05020,C09718,Investment,332508.89,Active
A05021,C01628,Current,224128.25,Active
A05022,C04446,Current,253640.67,Active
A05023,C05010,Current,391045.24,Inactive
A05024,C08737,Investment,213022.29,Active
A05025,C01336,Current,632221.49,Active
A05026,C08626,Investment,481033.66,Active
A05027,C05032,Investment,317073.61,Active
A05028,C08842,Current,189862.79,Active
A05029,C06788,Investment,318749.12,Active
A05030,C07325,Investment,736319.24,Active
A05031,C00454,Current,194521.94,Active
A05032,C06880,Savings,371138.86,Active
A05033,C08030,Current,63054.66,Inactive
A05034,C08709,Current,926510.95,Active
A05035,C08811,Current,424035.66,Active
A05036,C09262,Savings,640743.17,Active
A05037,C01483,Savings,35708.26,Active
A05038,C07390,Savings,110086.44,Active
A05039,C03962,Current,581939.69,Active
A05040,C02803,Investment,236706.58,Active
A05041,C04288,Current,583418.03,Active
A05042,C02891,Current,693343.40,Active
A05043,C02968,Current,348181.31,Active
A05044,C01271,Savings,766090.64,Closed
A05045,C07623,Current,771691.62,Active
A05046,C04637,Investment,126434.59,Active
A05047,C03296,Savings,496319.57,Active
A05048,C03368,Savings,465207.25,Active
A05049,C00546,Savings,525138.84,Active
A05050,C06232,Savings,781394.11,Inactive
A05051,C06355,Savings,830584.96,Active
A05052,C03402,Current,680043.75,Active
A05053,C06150,Savings,246392.72,Active
A05054,C04551,Savings,710639.80,Active
A05055,C09707,Investment,664305.73,Active
A05056,C02803,Current,151596.86,Active
A05057,C01445,Current,678331.56,Closed
A05058,C03732,Current,854608.50,Active
A05059,C02142,Investment,198793.15,Active
A05060,C08313,Current,44513.29,Active
A05061,C05112,Investment,364300.17,Active
A05062,C02322,Investment,991700.32,Active
A05063,C07711,Savings,877368.96,Active
A05064,C05236,Investment,932870.88,Active
A05065,C03886,Savings,764079.49,Inactive
A05066,C01900,Savings,613194.91,Active
A05067,C05990,Investment,531296.00,Active
A05068,C07755,Current,845796.48,Active
A05069,C04391,Savings,507074.51,Active
A05070,C06129,Current,562846.43,Inactive
A05071,C03695,Savings,335134.20,Closed
A05072,C06584,Savings,509609.77,Active
A05073,C01038,Investment,770367.35,Active
A05074,C03439,Investment,564265.98,Active
A05075,C08682,Current,580268.86,Active
A05076,C05657,Investment,360213.05,Active
A05077,C03417,Savings,907532.32,Active
A05078,C02061,Current,630033.75,Active
A05079,C04734,Savings,304678.14,Active
A05080,C06067,Savings,103487.30,Active
A05081,C00255,Current,412961.93,Active
A05082,C05686,Current,516307.57,Active
A05083,C00638,Investment,398326.53,Active
A05084,C06503,Investment,497340.24,Active
A05085,C02181,Savings,202753.65,Active
A05086,C00691,Current,240990.86,Active
A05087,C03918,Investment,65009.83,Active
A05088,C00610,Current,852723.97,Active
A05089,C01651,Investment,847896.13,Active
A05090,C03968,Current,592143.46,Active
A05091,C01490,Current,982062.67,Active
A05092,C00810,Savings,548039.45,Active
A05093,C02367,Savings,158557.47,Active
A05094,C01977,Current,2976.89,Active
A05095,C04712,Current,298648.60,Active
A05096,C09743,Savings,171638.67,Active
A05097,C02436,Savings,691655.24,Active
A05098,C00914,Savings,28202.13,Active
A05099,C07334,Investment,938306.98,Active
A05100,C02640,Current,662630.50,Active
A05101,C09602,Current,567607.30,Active
A05102,C03823,Current,231023.13,Active
A05103,C05288,Current,117457.62,Inactive
A05104,C06732,Savings,588794.82,Inactive
A05105,C08511,Current,408490.85,Active
A05106,C06158,Current,56948.57,Active
A05107,C09767,Current,458913.64,Inactive
A05108,C03532,Current,70045.66,Active
A05109,C09042,Savings,1266.66,Active
A05110,C09789,Savings,392719.04,Inactive
A05111,C03891,Current,55695.19,Active
A05112,C03076,Savings,721599.64,Active
A05113,C07699,Investment,164702.20,Active
A05114,C03241,Current,187831.95,Active
A05115,C05264,Investment,668842.32,Active
A05116,C07381,Current,196286.98,Active
A05117,C02987,Investment,301424.14,Inactive
A05118,C02560,Savings,280083.88,Active
A05119,C02622,Savings,186887.13,Active
A05120,C08685,Savings,197596.54,Active
A05121,C01356,Savings,500602.60,Inactive
A05122,C02894,Investment,164175.84,Active
A05123,C00458,Current,145403.35,Active
A05124,C09518,Investment,291976.97,Closed
A05125,C00695,Investment,687751.68,Closed
A05126,C04904,Savings,172598.25,Active
A05127,C02629,Savings,590672.69,Active
A05128,C06057,Current,443332.46,Active
A05129,C09295,Savings,575706.76,Active
A05130,C05710,Savings,280262.37,Inactive
A05131,C03100,Savings,643080.21,Active
A05132,C01851,Current,923221.64,Inactive
A05133,C09058,Investment,884954.03,Inactive
A05134,C03396,Investment,522765.51,Active
A05135,C09544,Current,787976.02,Active
A05136,C09985,Savings,341005.09,Active
A05137,C09492,Investment,744836.78,Active
A05138,C07901,Current,570812.07,Active
A05139,C03034,Current,808812.91,Active
A05140,C03687,Savings,741316.63,Active
A05141,C00230,Savings,482571.79,Active
A05142,C01148,Investment,436295.93,Active
A05143,C08241,Current,394421.83,Active
A05144,C07642,Investment,630476.33,Active
A05145,C01606,Current,548164.56,Active
A05146,C06240,Current,42298.45,Active
A05147,C06243,Investment,137242.22,Active
A05148,C07506,Investment,1675.08,Active
A05149,C02133,Investment,683488.24,Active
A05150,C04329,Investment,104200.15,Active
A05151,C01018,Current,355731.52,Active
A05152,C04969,Savings,143691.86,Active
A05153,C07303,Current,896449.38,Active
A05154,C09333,Current,949715.06,Active
A05155,C09314,Current,302914.93,Active
A05156,C03284,Current,821673.04,Active
A05157,C04736,Current,759969.24,Closed
A05158,C02554,Savings,430745.30,Active
A05159,C03686,Savings,978339.05,Active
A05160,C04833,Savings,299073.18,Active
A05161,C03404,Current,72124.55,Active
A05162,C04367,Savings,795086.11,Active
A05163,C01065,Current,676146.40,Inactive
A05164,C08741,Savings,650894.95,Active
A05165,C05983,Savings,726879.91,Inactive
A05166,C03053,Savings,991405.43,Active
A05167,C06584,Current,586876.26,Active
A05168,C08996,Current,62676.61,Active
A05169,C06248,Current,282528.30,Active
A05170,C03814,Savings,467213.53,Active
A05171,C00491,Current,524676.52,Active
A05172,C01134,Investment,37625.38,Active
A05173,C04752,Investment,771600.65,Active
A05174,C09929,Investment,298013.79,Active
A05175,C01843,Investment,509757.94,Active
A05176,C09608,Investment,20727.60,Active
A05177,C09572,Savings,826799.41,Active
A05178,C01012,Current,170378.95,Active
A05179,C01170,Investment,840113.71,Active
A05180,C09340,Savings,999193.26,Active
A05181,C09846,Savings,17260.01,Closed
A05182,C04738,Savings,888288.05,Active
A05183,C01203,Savings,458961.98,Active
A05184,C04498,Investment,967796.64,Active
A05185,C05702,Current,786060.30,Active
A05186,C05971,Investment,522671.59,Active
A05187,C05186,Savings,387650.44,Active
A05188,C07056,Current,966699.39,Active
A05189,C01897,Current,116899.70,Active
A05190,C05662,Savings,332799.16,Active
A05191,C05754,Savings,266569.04,Active
A05192,C07502,Current,52698.68,Active
A05193,C05616,Savings,540343.17,Active
A05194,C05488,Savings,118364.32,Inactive
A05195,C07118,Savings,865154.89,Active
A05196,C01577,Current,208598.29,Active
A05197,C03159,Current,112750.42,Active
A05198,C06912,Current,11407.12,Active
A05199,C08175,Savings,947100.78,Active
A05200,C01991,Investment,36997.27,Active
A05201,C01219,Savings,146480.00,Active
A05202,C05275,Investment,32809.40,Active
A05203,C05017,Current,813870.72,Active
A05204,C04926,Savings,549244.82,Active
A05205,C00565,Investment,610100.02,Active
A05206,C02103,Current,765985.64,Active
A05207,C03847,Current,39937.18,Active
A05208,C09541,Investment,655233.18,Active
A05209,C01219,Investment,983118.14,Inactive
A05210,C04406,Savings,26714.55,Active
A05211,C08276,Savings,165576.13,Active
A05212,C07401,Investment,111485.94,Active
A05213,C02224,Investment,701104.65,Active
A05214,C03027,Investment,521266.43,Inactive
A05215,C05012,Investment,77797.17,Active
A05216,C04209,Investment,150873.00,Active
A05217,C03142,Current,707985.42,Active
A05218,C02436,Current,426946.40,Active
A05219,C07852,Savings,533013.79,Active
A05220,C09753,Current,840007.00,Inactive
A05221,C08990,Savings,878847.91,Active
A05222,C01149,Savings,565960.78,Active
A05223,C07674,Savings,819374.17,Active
A05224,C06981,Current,471275.48,Active
A05225,C03827,Investment,386028.37,Active
A05226,C01092,Savings,493676.10,Active
A05227,C02208,Current,960677.51,Active
A05228,C03656,Investment,359152.00,Active
A05229,C03588,Savings,742655.25,Active
A05230,C05824,Current,576756.97,Active
A05231,C02954,Investment,249698.38,Active
A05232,C01375,Investment,387987.71,Active
A05233,C01350,Current,826439.56,Inactive
A05234,C09661,Current,733764.79,Active
A05235,C06249,Investment,842812.95,Active
A05236,C09212,Current,951154.08,Active
A05237,C01809,Savings,851004.99,Active
A05238,C04438,Savings,673734.72,Active
A05239,C09306,Savings,658630.74,Active
A05240,C07824,Current,898287.37,Active
A05241,C06751,Savings,774751.44,Active
A05242,C03388,Savings,816408.54,Active
A05243,C05677,Savings,391737.22,Active
A05244,C08082,Current,9578.75,Active
A05245,C05804,Savings,526599.83,Active
A05246,C00605,Current,831646.83,Active
A05247,C09969,Savings,548850.36,Active
A05248,C03061,Current,48908.10,Active
A05249,C08275,Savings,352133.23,Closed
A05250,C06075,Current,928198.56,Active
A05251,C01276,Investment,574339.64,Active
A05252,C01107,Savings,261988.04,Active
A05253,C06430,Savings,372430.15,Active
A05254,C09769,Investment,751839.87,Active
A05255,C00694,Current,399529.40,Active
A05256,C08270,Savings,742233.39,Inactive
A05257,C08792,Savings,413644.18,Active
A05258,C09993,Savings,237773.21,Active
A05259,C01535,Current,443005.13,Active
A05260,C01534,Savings,767057.80,Active
A05261,C05454,Current,24267.34,Active
A05262,C00666,Current,189086.87,Active
A05263,C03262,Investment,874616.63,Active
A05264,C07304,Current,644979.70,Active
A05265,C02168,Savings,621173.76,Active
A05266,C08821,Savings,823419.35,Active
A05267,C03242,Investment,59828.99,Active
A05268,C04770,Investment,429917.84,Inactive
A05269,C06483,Current,951564.94,Inactive
A05270,C05325,Savings,888717.30,Active
A05271,C08091,Current,202737.58,Inactive
A05272,C08135,Savings,518602.30,Active
A05273,C07508,Investment,45720.11,Active
A05274,C00423,Savings,493086.88,Active
A05275,C00035,Savings,4056.17,Active
A05276,C00091,Investment,153073.59,Active
A05277,C01587,Current,10619.47,Active
A05278,C00403,Investment,464574.14,Active
A05279,C08524,Investment,806832.87,Active
A05280,C06563,Current,85283.25,Active
A05281,C06493,Current,313117.57,Inactive
A05282,C00787,Current,224161.66,Active
A05283,C06532,Investment,75817.33,Closed
A05284,C02316,Savings,689773.19,Closed
A05285,C07274,Savings,432095.89,Active
A05286,C04401,Investment,791817.33,Inactive
A05287,C02776,Investment,382183.40,Active
A05288,C02951,Investment,650040.30,Inactive
A05289,C06755,Current,721309.74,Active
A05290,C01492,Investment,530870.85,Active
A05291,C08863,Investment,808493.16,Inactive
A05292,C09440,Savings,849960.88,Active
A05293,C07370,Current,352924.93,Inactive
A05294,C01039,Investment,43607.22,Active
A05295,C04818,Investment,441453.77,Active
A05296,C04977,Current,255761.71,Active
A05297,C03680,Investment,676175.83,Active
A05298,C03799,Current,771365.83,Active
A05299,C01015,Investment,329958.96,Active
A05300,C07666,Investment,306654.33,Active
A05301,C03541,Savings,529098.79,Active
A05302,C04177,Savings,710769.99,Active
A05303,C02597,Current,932553.20,Active
A05304,C07983,Investment,936896.79,Active
A05305,C03321,Current,400095.20,Closed
A05306,C01285,Current,70322.81,Closed
A05307,C02616,Savings,755738.53,Active
A05308,C06607,Investment,5524.74,Active
A05309,C09971,Current,45180.44,Active
A05310,C07000,Current,506168.80,Active
A05311,C08226,Investment,160905.08,Active
A05312,C06055,Current,361172.60,Active
A05313,C09448,Savings,557235.15,Active
A05314,C99999_ORPHAN,Investment,659370.73,Active
A05315,C05518,Savings,689729.09,Inactive
A05316,C09020,Current,194444.91,Inactive
A05317,C03253,Investment,254507.36,Closed
A05318,C06391,Investment,755734.89,Active
A05319,C04219,Current,607552.34,Active
A05320,C00714,Savings,605415.72,Active
A05321,C05419,Savings,184124.99,Active
A05322,C03653,Savings,345208.77,Inactive
A05323,C00364,Current,17637.80,Inactive
A05324,C01711,Investment,43404.98,Active
A05325,C08633,Investment,496694.09,Active
A05326,C00375,Savings,359554.52,Active
A05327,C03702,Savings,929973.74,Active
A05328,C05223,Savings,180169.20,Active
A05329,C09878,Investment,744123.60,Active
A05330,C01425,Investment,209526.56,Active
A05331,C09177,Investment,108942.49,Active
A05332,C05040,Savings,883663.41,Active
A05333,C05055,Savings,526834.79,Active
A05334,C03277,Investment,356190.49,Active
A05335,C00910,Current,508853.75,Active
A05336,C05455,Current,1585.92,Active
A05337,C03115,Investment,319365.54,Active
A05338,C06288,Investment,60589.45,Active
A05339,C07412,Savings,218059.65,Active
A05340,C04410,Savings,972125.46,Active
A05341,C01386,Current,764716.40,Active
A05342,C07120,Investment,224670.53,Active
A05343,C07156,Current,709074.20,Active
A05344,C08329,Investment,157108.13,Active
A05345,C03967,Current,302432.18,Active
A05346,C07269,Investment,162801.19,Active
A05347,C05926,Investment,495960.06,Active
A05348,C06338,Savings,261171.85,Inactive
A05349,C00484,Savings,493108.24,Active
A05350,C01409,Investment,378475.10,Active
A05351,C00987,Savings,825381.72,Active
A05352,C05365,Current,676926.27,Active
A05353,C05408,Investment,655120.65,Active
A05354,C02072,Current,520765.81,Active
A05355,C09124,Current,478101.32,Active
A05356,C04272,Savings,134932.12,Active
A05357,C07719,Savings,283836.90,Active
A05358,C03167,Current,273273.69,Inactive
A05359,C02093,Investment,647844.67,Active
A05360,C05834,Investment,771737.86,Closed
A05361,C02963,Investment,223528.96,Active
A05362,C07843,Current,389104.79,Active
A05363,C04126,Current,674535.41,Active
A05364,C03840,Current,584562.03,Closed
A05365,C09379,Savings,605451.36,Active
A05366,C05866,Current,237625.68,Active
A05367,C02778,Savings,686153.33,Inactive
A05368,C04293,Current,34592.80,Active
A05369,C04260,Current,865739.07,Active
A05370,C03292,Investment,661906.49,Active
A05371,C00184,Savings,944921.62,Active
A05372,C07676,Current,772740.14,Inactive
A05373,C02694,Current,63374.35,Inactive
A05374,C08380,Investment,331830.23,Active
A05375,C08511,Current,63714.86,Inactive
A05376,C08483,Savings,272147.95,Closed
A05377,C04367,Savings,25627.96,Active
A05378,C07638,Investment,240821.72,Active
A05379,C04429,Savings,803322.03,Active
A05380,C04253,Investment,764887.24,Active
A05381,C06952,Investment,525632.73,Active
A05382,C09142,Investment,622190.48,Active
A05383,C07396,Current,200163.73,Inactive
A05384,C04177,Investment,174924.83,Active
A05385,C07196,Current,104495.99,Active
A05386,C09010,Current,194335.28,Active
A05387,C08799,Savings,342035.92,Active
A05388,C06614,Savings,65912.73,Active
A05389,C06195,Current,844899.37,Active
A05390,C08644,Investment,495750.67,Active
A05391,C00329,Investment,640168.11,Active
A05392,C01235,Investment,691148.17,Active
A05393,C06966,Current,867266.30,Active
A05394,C06951,Savings,311404.06,Active
A05395,C06507,Investment,724656.08,Active
A05396,C09457,Investment,732556.63,Active
A05397,C06444,Savings,935776.68,Active
A05398,C02272,Savings,312708.38,Active
A05399,C02972,Savings,258375.72,Active
A05400,C09045,Current,440520.31,Closed
A05401,C07469,Savings,393030.49,Active
A05402,C04386,Investment,665924.27,Active
A05403,C09990,Savings,334648.50,Active
A05404,C02827,Savings,956647.96,Closed
A05405,C09792,Investment,56105.63,Closed
A05406,C03099,Current,758706.75,Active
A05407,C07234,Savings,251883.47,Active
A05408,C04686,Current,832472.95,Active
A05409,C01571,Savings,346515.81,Active
A05410,C03043,Savings,948683.07,Active
A05411,C09270,Current,85160.88,Active
A05412,C09891,Savings,451495.91,Active
A05413,C07475,Current,653505.95,Closed
A05414,C09925,Savings,826881.01,Active
A05415,C01593,Current,901841.71,Active
A05416,C03995,Investment,197246.28,Active
A05417,C04850,Savings,349431.49,Closed
A05418,C03653,Current,245582.35,Active
A05419,C02865,Investment,89457.45,Active
A05420,C05527,Current,698409.70,Active
A05421,C09761,Savings,292941.70,Active
A05422,C09918,Current,849225.81,Active
A05423,C07357,Current,43235.99,Active
A05424,C07866,Savings,361015.09,Active
A05425,C02064,Current,552306.82,Active
A05426,C01098,Current,801810.56,Active
A05427,C05024,Current,388964.03,Inactive
A05428,C03162,Current,874915.92,Active
A05429,C08448,Investment,803719.42,Closed
A05430,C07159,Investment,434147.42,Active
A05431,C04921,Investment,312589.60,Active
A05432,C09496,Investment,876481.56,Active
A05433,C06616,Savings,751839.58,Active
A05434,C07348,Savings,564972.63,Active
A05435,C06177,Investment,784523.31,Active
A05436,C09512,Current,147674.69,Active
A05437,C02297,Savings,90490.33,Active
A05438,C04364,Current,263381.63,Active
A05439,C05591,Savings,431435.74,Active
A05440,C08872,Savings,60693.68,Active
A05441,C03393,Investment,480650.77,Inactive
A05442,C01547,Savings,931120.74,Active
A05443,C02475,Investment,592453.38,Active
A05444,C09626,Investment,880436.25,Inactive
A05445,C01718,Current,888882.15,Active
A05446,C06022,Investment,350027.17,Active
A05447,C06977,Savings,435141.95,Closed
A05448,C00998,Investment,628439.49,Active
A05449,C00565,Savings,39083.77,Active
A05450,C00505,Savings,864567.66,Active
A05451,C04426,Current,521289.56,Active
A05452,C03287,Savings,820287.78,Inactive
A05453,C03461,Savings,416870.90,Inactive
A05454,C08088,Current,196833.75,Active
A05455,C01765,Savings,910110.43,Active
A05456,C09410,Current,619830.38,Active
A05457,C02131,Investment,82919.81,Active
A05458,C09753,Investment,968770.55,Active
A05459,C00774,Investment,864419.64,Active
A05460,C04798,Savings,490614.87,Active
A05461,C09323,Savings,19050.71,Active
A05462,C06040,Investment,303326.40,Active
A05463,C06520,Savings,901141.10,Closed
A05464,C01222,Current,824673.97,Active
A05465,C01346,Current,893952.69,Active
A05466,C03551,Investment,416936.79,Active
A05467,C04784,Savings,608857.47,Active
A05468,C03205,Investment,267485.50,Active
A05469,C03401,Savings,59762.59,Inactive
A05470,C06784,Savings,945974.82,Active
A05471,C05485,Savings,804290.23,Closed
A05472,C00475,Current,221218.46,Active
A05473,C05635,Current,745273.81,Inactive
A05474,C09185,Investment,742352.81,Active
A05475,C08840,Savings,864289.05,Active
A05476,C09764,Current,44168.65,Active
A05477,C09034,Investment,331131.20,Active
A05478,C01594,Investment,405117.54,Active
A05479,C02671,Investment,283531.79,Active
A05480,C07381,Investment,953456.94,Active
A05481,C01320,Investment,566180.42,Active
A05482,C09287,Savings,627140.23,Active
A05483,C09489,Savings,693918.43,Active
A05484,C06560,Current,441167.88,Active
A05485,C05903,Savings,73432.72,Active
A05486,C05444,Investment,504784.59,Closed
A05487,C08695,Investment,43799.58,Active
A05488,C03099,Investment,261168.51,Active
A05489,C00536,Investment,677220.16,Active
A05490,C02342,Current,773889.72,Active
A05491,C05316,Current,514407.84,Active
A05492,C08919,Savings,192536.64,Active
A05493,C07409,Current,206944.09,Active
A05494,C00848,Current,967195.36,Active
A05495,C06710,Investment,642816.39,Active
A05496,C05813,Savings,692213.06,Active
A05497,C08528,Current,947411.63,Active
A05498,C03095,Current,975079.54,Active
A05499,C05720,Investment,654176.60,Inactive
A05500,C00234,Current,58236.60,Active
A05501,C01655,Savings,710706.44,Active
A05502,C01229,Current,878762.28,Active
A05503,C04525,Investment,819931.48,Active
A05504,C01789,Investment,850480.57,Closed
A05505,C02215,Investment,193111.26,Active
A05506,C01697,Savings,874812.01,Active
A05507,C05331,Savings,319008.09,Inactive
A05508,C09375,Current,146961.75,Active
A05509,C07068,Savings,272294.97,Active
A05510,C02546,Investment,960980.95,Active
A05511,C09241,Investment,446004.36,Active
A05512,C00960,Investment,191565.31,Active
A05513,C05462,Savings,589224.28,Active
A05514,C07067,Savings,111572.07,Inactive
A05515,C05045,Investment,969552.40,Active
A05516,C00620,Investment,406816.84,Active
A05517,C02221,Investment,411914.91,Active
A05518,C02023,Current,817987.38,Active
A05519,C09234,Current,516748.52,Inactive
A05520,C00989,Savings,77939.27,Active
A05521,C03393,Savings,977149.15,Active
A05522,C06878,Current,580124.03,Active
A05523,C06041,Investment,986961.03,Active
A05524,C04027,Savings,222176.16,Active
A05525,C03149,Current,505436.21,Active
A05526,C03947,Current,282269.37,Inactive
A05527,C02871,Investment,23603.26,Active
A05528,C09876,Investment,56727.03,Closed
A05529,C08396,Investment,995804.89,Active
A05530,C00224,Current,730389.69,Active
A05531,C04430,Savings,525183.87,Active
A05532,C08904,Savings,397855.61,Active
A05533,C07301,Current,179948.46,Active
A05534,C08224,Current,185839.96,Active
A05535,C02004,Savings,832845.58,Active
A05536,C01304,Current,741415.79,Inactive
A05537,C09381,Investment,747966.19,Active
A05538,C01378,Current,340232.29,Active
A05539,C05112,Investment,357931.29,Closed
A05540,C06031,Savings,623081.33,Active
A05541,C05201,Savings,138590.17,Active
A05542,C02101,Investment,306179.99,Active
A05543,C08594,Current,926257.21,Active
A05544,C09282,Investment,60660.74,Active
A05545,C02539,Investment,76994.26,Inactive
A05546,C02824,Current,315044.36,Active
A05547,C03998,Investment,263432.86,Active
A05548,C05499,Current,516178.36,Active
A05549,C04002,Savings,291718.78,Closed
A05550,C06222,Savings,721944.96,Active
A05551,C03583,Savings,883827.04,Active
A05552,C01071,Savings,16647.12,Active
A05553,C03456,Savings,282409.58,Active
A05554,C05037,Savings,84565.90,Active
A05555,C07834,Investment,678210.62,Active
A05556,C06084,Current,664126.90,Active
A05557,C02182,Current,965813.04,Active
A05558,C02079,Current,54020.91,Active
A05559,C07642,Current,623327.11,Active
A05560,C09564,Investment,966164.09,Inactive
A05561,C03012,Current,403442.31,Active
A05562,C05009,Savings,64574.74,Active
A05563,C07338,Investment,435027.49,Active
A05564,C06232,Current,168724.72,Active
A05565,C06601,Savings,218548.51,Active
A05566,C00431,Savings,443449.78,Inactive
A05567,C04632,Current,314863.83,Active
A05568,C05836,Investment,184830.10,Active
A05569,C01083,Savings,884474.86,Active
A05570,C07924,Savings,732489.73,Active
A05571,C06052,Investment,725251.15,Active
A05572,C02266,Savings,764193.97,Active
A05573,C04990,Savings,212983.37,Active
A05574,C01219,Current,984854.61,Active
A05575,C07728,Current,678530.33,Inactive
A05576,C06772,Investment,487077.04,Active
A05577,C01836,Investment,996016.25,Active
A05578,C09504,Current,897621.02,Active
A05579,C01929,Current,494593.84,Inactive
A05580,C02104,Savings,583314.59,Inactive
A05581,C08106,Savings,322644.27,Active
A05582,C08451,Current,11452.57,Active
A05583,C02134,Savings,403803.68,Active
A05584,C04954,Current,797194.13,Active
A05585,C04680,Investment,376950.62,Active
A05586,C03384,Current,70119.96,Active
A05587,C09035,Current,347049.97,Active
A05588,C00378,Current,646489.22,Active
A05589,C01073,Savings,889082.80,Active
A05590,C08155,Investment,258911.08,Active
A05591,C00805,Savings,156992.44,Active
A05592,C04268,Investment,602779.13,Active
A05593,C05028,Savings,442118.71,Active
A05594,C06653,Current,428337.45,Active
A05595,C05072,Investment,756027.10,Active
A05596,C07513,Savings,120409.37,Active
A05597,C06671,Savings,526556.11,Active
A05598,C07218,Investment,221039.85,Active
A05599,C07597,Current,588532.58,Active
A05600,C08485,Investment,292392.50,Active
A05601,C07583,Savings,691920.68,Active
A05602,C01677,Investment,516969.37,Active
A05603,C08520,Savings,318329.98,Active
A05604,C04668,Savings,819648.46,Active
A05605,C04544,Investment,767713.15,Active
A05606,C05629,Investment,438747.64,Active
A05607,C00490,Investment,460821.89,Active
A05608,C01000,Current,893543.04,Active
A05609,C05059,Investment,640259.74,Active
A05610,C03449,Savings,991021.72,Active
A05611,C03209,Savings,776446.94,Active
A05612,C02480,Current,172916.35,Active
A05613,C02874,Savings,638676.16,Active
A05614,C09081,Current,382515.44,Active
A05615,C04233,Savings,367361.83,Active
A05616,C02664,Current,851417.38,Active
A05617,C07687,Current,635019.79,Active
A05618,C05255,Savings,923178.47,Active
A05619,C02551,Investment,270391.69,Active
A05620,C02531,Investment,744666.42,Active
A05621,C00388,Savings,128057.02,Active
A05622,C00058,Current,293277.87,Active
A05623,C00688,Current,162770.44,Active
A05624,C01011,Investment,107746.98,Active
A05625,C07559,Current,48052.08,Active
A05626,C03800,Current,171070.40,Active
A05627,C09398,Savings,991324.45,Closed
A05628,C09388,Current,390333.59,Active
A05629,C03197,Savings,60149.76,Active
A05630,C06922,Investment,348027.01,Active
A05631,C09312,Current,910490.11,Active
A05632,C05502,Investment,520316.73,Active
A05633,C05755,Savings,218203.38,Active
A05634,C04332,Savings,104380.01,Active
A05635,C00545,Investment,171468.53,Active
A05636,C06149,Current,404507.37,Active
A05637,C00959,Current,144638.91,Inactive
A05638,C01583,Current,120699.39,Closed
A05639,C07640,Current,125484.32,Active
A05640,C09671,Savings,890683.33,Active
A05641,C05527,Investment,430979.10,Active
A05642,C04434,Investment,796780.57,Active
A05643,C02919,Savings,33773.39,Active
A05644,C04699,Savings,79591.03,Active
A05645,C07462,Current,169203.95,Active
A05646,C07648,Current,618281.00,Inactive
A05647,C05448,Investment,566844.83,Active
A05648,C07974,Current,165228.50,Active
A05649,C00541,Savings,486659.70,Active
A05650,C07720,Investment,866591.92,Active
A05651,C03497,Investment,763216.88,Active
A05652,C01935,Savings,64676.25,Active
A05653,C05736,Savings,687352.68,Active
A05654,C03406,Investment,223298.78,Inactive
A05655,C02694,Savings,211163.62,Active
A05656,C00725,Current,287237.00,Active
A05657,C00492,Current,653333.18,Active
A05658,C04325,Current,550709.19,Active
A05659,C08993,Current,410352.01,Active
A05660,C01797,Investment,170146.17,Active
A05661,C06004,Current,631370.09,Active
A05662,C09594,Savings,197191.29,Active
A05663,C07682,Savings,133142.39,Inactive
A05664,C04880,Investment,381494.79,Active
A05665,C00571,Current,474107.37,Active
A05666,C00827,Savings,965190.68,Inactive
A05667,C06009,Current,294460.29,Active
A05668,C00730,Current,199210.62,Active
A05669,C00543,Savings,618327.05,Active
A05670,C00539,Current,11599.79,Active
A05671,C02759,Savings,949378.90,Active
A05672,C04493,Current,667880.53,Active
A05673,C06509,Savings,294812.03,Active
A05674,C05854,Savings,85942.63,Active
A05675,C06629,Current,752979.16,Active
A05676,C02883,Savings,673614.48,Active
A05677,C01168,Savings,77859.41,Active
A05678,C05518,Savings,180525.97,Active
A05679,C02808,Investment,454651.08,Active
A05680,C09531,Savings,406015.81,Active
A05681,C02288,Savings,131609.89,Active
A05682,C02328,Current,247515.62,Active
A05683,C09044,Current,331018.68,Inactive
A05684,C06395,Savings,490469.40,Active
A05685,C07940,Savings,160717.12,Active
A05686,C05965,Investment,898238.86,Active
A05687,C03860,Current,433456.21,Active
A05688,C09169,Savings,235664.98,Active
A05689,C00781,Investment,201821.54,Active
A05690,C03187,Current,511733.40,Active
A05691,C01842,Current,833370.49,Active
A05692,C06375,Current,522925.92,Active
A05693,C08482,Savings,542552.24,Active
A05694,C09648,Current,417662.68,Active
A05695,C00414,Savings,187229.31,Active
A05696,C05974,Savings,616297.14,Active
A05697,C00259,Current,470868.96,Active
A05698,C02546,Investment,36618.02,Inactive
A05699,C07416,Savings,265599.64,Active
A05700,C03538,Current,289395.32,Active
A05701,C08173,Investment,228441.83,Active
A05702,C02358,Investment,408232.24,Active
A05703,C08247,Investment,279043.20,Active
A05704,C04261,Savings,499247.22,Active
A05705,C02064,Investment,247131.42,Active
A05706,C04040,Current,731231.60,Inactive
A05707,C08369,Savings,142167.96,Active
A05708,C07723,Savings,798407.30,Active
A05709,C05663,Investment,502839.53,Active
A05710,C06824,Savings,665128.66,Active
A05711,C08294,Savings,600199.09,Active
A05712,C01023,Current,20393.57,Active
A05713,C06456,Investment,177818.06,Active
A05714,C04403,Current,329980.34,Active
A05715,C07929,Current,602691.43,Active
A05716,C08005,Savings,797462.44,Active
A05717,C07936,Savings,186183.53,Active
A05718,C05168,Current,238874.51,Active
A05719,C01579,Current,618880.87,Active
A05720,C03046,Investment,932411.41,Active
A05721,C05923,Savings,86259.12,Active
A05722,C05542,Investment,988700.18,Active
A05723,C06916,Savings,547099.34,Active
A05724,C04853,Investment,783483.64,Inactive
A05725,C03683,Savings,581480.52,Active
A05726,C00077,Investment,950421.67,Active
A05727,C05304,Savings,641766.82,Active
A05728,C04995,Current,66631.52,Active
A05729,C08390,Savings,212984.58,Inactive
A05730,C00063,Current,155888.37,Active
A05731,C01945,Investment,710112.66,Active
A05732,C06548,Current,926499.68,Inactive
A05733,C06731,Savings,433198.45,Active
A05734,C08333,Current,996898.94,Active
A05735,C06197,Current,882360.04,Inactive
A05736,C05910,Current,620432.01,Inactive
A05737,C09511,Savings,941603.67,Active
A05738,C06758,Investment,443376.39,Active
A05739,C03012,Savings,198114.26,Active
A05740,C05020,Investment,709531.61,Active
A05741,C05693,Investment,105036.91,Active
A05742,C07378,Investment,5525.88,Active
A05743,C04128,Savings,297461.09,Active
A05744,C06851,Savings,430395.39,Active
A05745,C07667,Current,764186.18,Active
A05746,C04480,Savings,181925.28,Active
A05747,C03047,Investment,302217.12,Closed
A05748,C01765,Investment,794164.58,Active
A05749,C03143,Investment,93551.68,Active
A05750,C09443,Savings,916843.48,Active
A05751,C03343,Savings,454247.64,Active
A05752,C02895,Investment,928185.61,Active
A05753,C09168,Current,15727.14,Active
A05754,C03853,Savings,474481.24,Active
A05755,C05146,Savings,736311.12,Active
A05756,C03565,Current,650538.25,Active
A05757,C04830,Savings,66372.98,Active
A05758,C01276,Investment,674034.70,Active
A05759,C01057,Current,231003.14,Active
A05760,C05706,Current,446793.28,Active
A05761,C05874,Current,865485.79,Active
A05762,C08289,Savings,324323.12,Active
A05763,C06721,Investment,571872.52,Active
A05764,C02411,Savings,398661.75,Active
A05765,C09333,Investment,592275.71,Active
A05766,C05587,Investment,688062.01,Active
A05767,C08393,Current,347225.11,Active
A05768,C09121,Current,573330.78,Active
A05769,C01639,Investment,664146.51,Active
A05770,C01398,Current,743808.37,Active
A05771,C04807,Investment,605441.79,Active
A05772,C04956,Current,249557.90,Active
A05773,C01636,Savings,217767.79,Active
A05774,C07105,Savings,786905.50,Active
A05775,C04765,Current,82652.93,Active
A05776,C00178,Current,273431.92,Active
A05777,C00326,Current,752588.45,Active
A05778,C03882,Current,470150.46,Active
A05779,C04255,Current,5057.13,Active
A05780,C06142,Savings,804783.24,Active
A05781,C07429,Investment,815486.55,Active
A05782,C00007,Investment,687780.82,Active
A05783,C07391,Savings,987288.95,Active
A05784,C02308,Savings,273579.36,Active
A05785,C02781,Investment,196181.85,Active
A05786,C01733,Investment,377637.17,Active
A05787,C07410,Current,743645.17,Inactive
A05788,C06310,Investment,258588.95,Closed
A05789,C00234,Savings,607925.29,Active
A05790,C05958,Current,247516.36,Active
A05791,C05487,Current,799457.32,Active
A05792,C01685,Current,113082.32,Active
A05793,C08872,Investment,902673.58,Active
A05794,C03715,Investment,873173.03,Active
A05795,C06204,Current,336963.50,Active
A05796,C06852,Investment,632623.39,Active
A05797,C01459,Current,130399.23,Inactive
A05798,C01013,Investment,353281.48,Active
A05799,C00922,Savings,509943.30,Active
A05800,C02630,Investment,755979.40,Active
A05801,C01899,Savings,149420.37,Active
A05802,C07005,Current,512230.69,Inactive
A05803,C05058,Savings,933543.23,Active
A05804,C05977,Investment,579370.50,Inactive
A05805,C07590,Current,409884.09,Active
A05806,C08386,Current,703909.50,Active
A05807,C02426,Savings,334770.39,Active
A05808,C04420,Savings,488250.61,Active
A05809,C06897,Current,177458.73,Active
A05810,C01259,Current,812578.06,Closed
A05811,C07164,Current,861353.14,Closed
A05812,C05612,Investment,757626.21,Active
A05813,C03200,Investment,270075.33,Active
A05814,C00781,Current,665813.15,Active
A05815,C05520,Investment,778661.92,Active
A05816,C04320,Investment,413592.61,Active
A05817,C01002,Investment,574162.24,Active
A05818,C02466,Investment,334191.81,Active
A05819,C04534,Savings,447227.28,Active
A05820,C04903,Savings,86065.32,Inactive
A05821,C01945,Current,-100000.00,Active
A05822,C04136,Current,722488.08,Closed
A05823,C00544,Investment,401978.42,Active
A05824,C02409,Current,909870.17,Active
A05825,C05911,Current,262439.84,Active
A05826,C06063,Savings,744851.16,Active
A05827,C07623,Savings,201858.91,Active
A05828,C07568,Current,380979.32,Active
A05829,C03793,Savings,964761.17,Active
A05830,C07235,Investment,812117.10,Active
A05831,C01261,Investment,645118.53,Active
A05832,C06476,Investment,655935.10,Active
A05833,C01614,Investment,850979.44,Active
A05834,C02779,Savings,281209.71,Active
A05835,C01681,Current,726663.57,Active
A05836,C01025,Current,50822.00,Active
A05837,C02483,Savings,53596.06,Active
A05838,C05206,Savings,757305.95,Active
A05839,C00465,Savings,180157.26,Active
A05840,C00734,Savings,783264.43,Active
A05841,C07229,Current,902973.76,Active
A05842,C07304,Savings,617283.68,Active
A05843,C05693,Current,322679.50,Active
A05844,C08258,Savings,694530.58,Active
A05845,C08103,Current,480609.06,Active
A05846,C05134,Current,928335.25,Active
A05847,C02235,Current,232658.53,Active
A05848,C04025,Investment,558544.76,Inactive
A05849,C06790,Current,67143.79,Inactive
A05850,C03395,Investment,291665.08,Active
A05851,C00870,Investment,138739.76,Active
A05852,C00675,Savings,422816.79,Active
A05853,C04173,Investment,857842.44,Active
A05854,C09530,Savings,202145.08,Active
A05855,C09273,Savings,874551.23,Active
A05856,C01946,Current,683167.13,Active
A05857,C03186,Savings,285420.70,Active
A05858,C03830,Investment,630851.70,Closed
A05859,C07437,Savings,547501.09,Active
A05860,C01637,Investment,850797.07,Active
A05861,C06274,Investment,17855.36,Active
A05862,C03086,Investment,165797.17,Active
A05863,C08653,Current,461844.33,Active
A05864,C08537,Savings,675486.28,Active
A05865,C00447,Investment,802619.94,Inactive
A05866,C02528,Savings,918486.28,Active
A05867,C06540,Investment,680244.44,Inactive
A05868,C02301,Investment,793282.56,Active
A05869,C05185,Savings,782554.92,Active
A05870,C04431,Investment,64772.24,Active
A05871,C03101,Current,292688.96,Active
A05872,C03029,Investment,391301.42,Active
A05873,C09267,Investment,392755.54,Active
A05874,C00273,Investment,157653.33,Active
A05875,C04300,Investment,144747.09,Active
A05876,C07781,Investment,345659.01,Active
A05877,C05256,Savings,607597.49,Active
A05878,C00387,Investment,192055.83,Active
A05879,C07853,Savings,521671.33,Active
A05880,C03958,Investment,340651.12,Active
A05881,C01469,Savings,383562.75,Active
A05882,C03711,Savings,213857.42,Active
A05883,C07286,Current,970222.62,Active
A05884,C03546,Current,540700.29,Active
A05885,C02917,Investment,300648.17,Active
A05886,C08539,Investment,575254.80,Active
A05887,C09132,Current,548294.07,Active
A05888,C02989,Savings,74352.96,Active
A05889,C01834,Investment,699671.65,Inactive
A05890,C05967,Investment,310791.97,Active
A05891,C09021,Current,491796.04,Active
A05892,C07317,Current,57885.91,Active
A05893,C09001,Current,14908.07,Active
A05894,C02207,Savings,103575.94,Active
A05895,C07476,Current,615727.72,Active
A05896,C05643,Current,748465.29,Active
A05897,C08678,Savings,574596.66,Active
A05898,C03422,Savings,7230.66,Active
A05899,C00856,Savings,640264.15,Active
A05900,C01108,Savings,987279.72,Inactive
A05901,C09789,Current,173150.41,Active
A05902,C07341,Current,993560.09,Inactive
A05903,C01875,Savings,431887.06,Active
A05904,C00914,Current,762870.23,Active
A05905,C03467,Savings,702245.09,Active
A05906,C02595,Current,104371.76,Active
A05907,C07159,Investment,623369.94,Active
A05908,C02691,Current,286385.89,Active
A05909,C03407,Savings,303591.98,Active
A05910,C05696,Investment,177906.82,Active
A05911,C06022,Current,936798.80,Active
A05912,C01048,Investment,954432.02,Active
A05913,C05344,Investment,33844.76,Inactive
A05914,C09287,Current,874934.62,Active
A05915,C04892,Current,365115.10,Active
A05916,C07193,Current,846125.26,Active
A05917,C09104,Investment,979101.30,Active
A05918,C06840,Current,769878.27,Active
A05919,C07020,Current,995147.78,Active
A05920,C09561,Current,898754.78,Active
A05921,C08138,Current,723190.46,Active
A05922,C09188,Current,861708.92,Inactive
A05923,C00857,Current,464495.14,Active
A05924,C09521,Current,923457.65,Inactive
A05925,C01092,Savings,374682.12,Active
A05926,,Investment,138211.07,Closed
A05927,C05430,Current,503576.42,Active
A05928,C02715,Current,263078.19,Closed
A05929,C08185,Investment,357752.88,Active
A05930,C08937,Savings,785372.51,Active
A05931,C06512,Current,839422.64,Active
A05932,C06386,Savings,507710.86,Active
A05933,C03008,Investment,371909.32,Active
A05934,C01675,Current,143077.26,Active
A05935,C00001,Investment,639578.80,Active
A05936,C02588,Savings,335295.24,Active
A05937,C03674,Investment,13494.10,Active
A05938,C04616,Current,700239.59,Active
A05939,C02203,Current,378655.15,Active
A05940,C01572,Current,511983.43,Active
A05941,C07722,Investment,92518.89,Active
A05942,C02156,Investment,597775.40,Active
A05943,C06058,Investment,598695.44,Active
A05944,C08949,Current,224380.43,Active
A05945,C03720,Current,500722.70,Active
A05946,C09347,Investment,627687.94,Active
A05947,C01091,Current,590799.29,Active
A05948,C05705,Investment,648093.92,Active
A05949,C02346,Savings,550574.35,Active
A05950,C05271,Savings,130619.76,Active
A05951,C00724,Savings,548659.37,Active
A05952,C04947,Investment,458054.83,Active
A05953,C02008,Savings,287843.66,Active
A05954,C03913,Savings,424206.98,Active
A05955,C08893,Investment,718272.01,Inactive
A05956,C00882,Current,669781.38,Active
A05957,C05280,Investment,752164.81,Active
A05958,C01672,Investment,654753.40,Inactive
A05959,C04411,Savings,28970.62,Active
A05960,C08041,Current,776765.80,Active
A05961,C04766,Current,600830.48,Active
A05962,C01459,Savings,716369.42,Active
A05963,C08339,Current,813830.40,Inactive
A05964,C03064,Investment,627555.64,Inactive
A05965,C05252,Current,570703.63,Active
A05966,C08966,Current,174894.28,Active
A05967,C06116,Current,120311.31,Closed
A05968,C01980,Investment,49108.45,Active
A05969,C06057,Current,759371.31,Closed
A05970,C07256,Investment,995312.19,Active
A05971,C00486,Investment,402520.98,Inactive
A05972,C06943,Investment,276319.10,Active
A05973,C05981,Savings,172663.69,Active
A05974,C09120,Savings,380497.44,Active
A05975,C05899,Investment,829941.33,Active
A05976,C02624,Current,463559.10,Active
A05977,C06705,Investment,619762.28,Active
A05978,C02236,Current,-1.00,Active
A05979,C06138,Current,563790.46,Active
A05980,C04126,Investment,29594.80,Inactive
A05981,C08581,Investment,178922.47,Active
A05982,C00319,Savings,170539.70,Active
A05983,C01261,Investment,138368.55,Inactive
A05984,C04241,Current,992701.17,Active
A05985,C06288,Investment,110568.38,Closed
A05986,C07690,Savings,704196.85,Active
A05987,C03190,Investment,346742.77,Active
A05988,C06933,Savings,205313.00,Active
A05989,C08388,Investment,721427.38,Active
A05990,C01394,Savings,732652.89,Active
A05991,C08663,Current,870836.58,Active
A05992,C08452,Savings,630251.13,Active
A05993,C01433,Savings,721137.04,Active
A05994,C07754,Investment,326474.26,Active
A05995,C02619,Savings,202834.72,Active
A05996,C02727,Current,82456.12,Inactive
A05997,C00205,Investment,465846.30,Active
A05998,C01611,Savings,490182.40,Active
A05999,C09859,Current,240749.30,Active
A06000,C07952,Investment,646235.32,Active
A06001,C01124,Savings,675390.88,Active
A06002,C00828,Investment,938296.29,Active
A06003,C00888,Current,282643.52,Active
A06004,C03920,Current,113103.22,Active
A06005,C09205,Savings,415968.50,Active
A06006,C05788,Current,112297.84,Active
A06007,C04767,Savings,668947.34,Active
A06008,C09687,Savings,15844.80,Active
A06009,C03054,Investment,295361.40,Active
A06010,C01598,Current,44668.69,Active
A06011,C03657,Investment,785477.94,Active
A06012,C08065,Investment,276494.60,Active
A06013,C03673,Savings,839787.83,Active
A06014,C07750,Investment,171396.06,Active
A06015,C01489,Current,224007.85,Active
A06016,C05693,Investment,116103.43,Active
A06017,C02676,Savings,47830.05,Active
A06018,C05484,Savings,613585.76,Inactive
A06019,C07971,Investment,419037.60,Active
A06020,C04715,Current,176509.37,Active
A06021,C07401,Savings,634239.22,Active
A06022,C00714,Investment,137766.72,Active
A06023,C02175,Current,10847.82,Active
A06024,C06185,Current,285193.79,Active
A06025,C05536,Investment,817360.51,Active
A06026,C09422,Savings,117155.13,Active
A06027,C05451,Savings,633353.17,Active
A06028,C03930,Current,257030.41,Active
A06029,C08877,Investment,978839.03,Inactive
A06030,C09503,Current,28031.44,Active
A06031,C09232,Savings,842008.26,Active
A06032,C08336,Investment,930467.35,Active
A06033,C04450,Investment,911535.93,Active
A06034,C09729,Current,141659.04,Active
A06035,C02404,Investment,899381.44,Active
A06036,C08020,Current,787096.91,Active
A06037,C02058,Investment,108652.84,Active
A06038,C06749,Savings,569438.40,Active
A06039,C04308,Current,326236.91,Inactive
A06040,C04933,Current,305856.36,Active
A06041,C05950,Current,310153.22,Active
A06042,C04791,Investment,318883.13,Active
A06043,C08383,Investment,534607.38,Active
A06044,C04883,Current,318683.88,Active
A06045,C09180,Investment,230108.15,Active
A06046,C03904,Savings,476183.64,Active
A06047,C02544,Savings,238357.92,Active
A06048,C03667,Current,703202.09,Active
A06049,C08180,Current,261371.89,Active
A06050,C03517,Current,485408.83,Inactive
A06051,C02171,Investment,777419.15,Active
A06052,C01999,Current,252107.85,Active
A06053,C04218,Savings,165003.88,Active
A06054,C00025,Investment,204358.85,Active
A06055,C03450,Current,757512.95,Active
A06056,C07780,Savings,181247.23,Closed
A06057,C07460,Savings,44523.40,Active
A06058,C01128,Investment,483533.57,Active
A06059,C07824,Savings,943022.72,Active
A06060,C07039,Savings,162033.76,Active
A06061,C09899,Investment,664377.58,Active
A06062,C08021,Current,210527.45,Closed
A06063,C02610,Savings,992240.23,Active
A06064,C08675,Savings,967695.07,Active
A06065,C05839,Investment,928920.76,Inactive
A06066,C02937,Current,0,Active
A06067,C01436,Investment,604013.77,Active
A06068,C06055,Savings,727533.40,Active
A06069,C05680,Investment,564357.60,Active
A06070,C08453,Investment,668344.92,Active
A06071,C01634,Investment,620734.43,Active
A06072,C01968,Current,818085.14,Active
A06073,C03853,Current,135768.18,Active
A06074,C06746,Current,190510.07,Active
A06075,C09638,Investment,656251.02,Closed
A06076,C05561,Savings,810945.82,Active
A06077,C04650,Investment,677513.54,Active
A06078,C09762,Current,128490.62,Active
A06079,C00828,Investment,675305.13,Active
A06080,C04769,Savings,277753.38,Active
A06081,C00524,Savings,613295.82,Active
A06082,C07530,Savings,112480.12,Active
A06083,C02192,Current,648294.44,Active
A06084,C08451,Investment,796552.33,Active
A06085,C02797,Current,255237.73,Active
A06086,C09386,Investment,29374.63,Active
A06087,C02218,Savings,910803.28,Active
A06088,C08123,Investment,811368.26,Inactive
A06089,C07073,Investment,984684.35,Active
A06090,C04970,Savings,569332.76,Active
A06091,C02936,Current,765471.01,Closed
A06092,C04766,Investment,623862.98,Active
A06093,C00612,Current,384517.17,Active
A06094,C01264,Current,144202.11,Inactive
A06095,C03449,Savings,90934.12,Active
A06096,C07595,Current,507225.28,Active
A06097,C06984,Current,358919.03,Inactive
A06098,C01747,Investment,49268.18,Active
A06099,C04863,Savings,751676.55,Active
A06100,C06388,Savings,118017.17,Inactive
A06101,C03642,Savings,389573.74,Active
A06102,C07723,Current,93016.50,Closed
A06103,C00317,Savings,386549.62,Active
A06104,C08806,Current,472004.97,Active
A06105,C09595,Current,993733.63,Active
A06106,C04426,Current,971561.08,Active
A06107,C01493,Investment,693474.96,Active
A06108,C05999,Investment,75457.19,Active
A06109,C00778,Savings,108047.86,Active
A06110,C01275,Investment,159777.73,Active
A06111,C07776,Savings,330873.05,Active
A06112,C02284,Investment,664102.57,Inactive
A06113,C03369,Investment,87345.82,Active
A06114,C02505,Savings,441220.62,Active
A06115,C06285,Current,673723.52,Active
A06116,C02858,Investment,351082.47,Inactive
A06117,C02498,Investment,160567.68,Active
A06118,C06445,Current,953767.12,Active
A06119,C04565,Current,376683.30,Active
A06120,C07087,Investment,93150.19,Active
A06121,C09752,Savings,207096.26,Active
A06122,C05817,Investment,925495.33,Inactive
A06123,C02598,Savings,441527.23,Closed
A06124,C04189,Current,424714.92,Inactive
A06125,C02060,Savings,409934.55,Active
A06126,C06388,Savings,493517.76,Active
A06127,C09635,Savings,278217.07,Active
A06128,C05495,Savings,756372.38,Active
A06129,C02797,Investment,44192.01,Active
A06130,C06993,Current,970119.49,Active
A06131,C04735,Investment,450445.01,Active
A06132,C04454,Savings,482804.26,Active
A06133,C06524,Savings,694909.48,Active
A06134,C08382,Investment,486332.82,Inactive
A06135,C01133,Savings,428770.52,Active
A06136,C06228,Current,235317.18,Inactive
A06137,C09880,Current,185943.85,Active
A06138,C05210,Current,811962.38,Active
A06139,C01531,Current,23891.31,Active
A06140,C03501,Investment,465845.35,Closed
A06141,C00997,Investment,525153.96,Active
A06142,C00439,Investment,804792.17,Active
A06143,C08640,Investment,748602.60,Inactive
A06144,C08236,Investment,947430.95,Active
A06145,C04274,Current,263647.81,Active
A06146,C06113,Investment,449502.08,Active
A06147,C07916,Current,133852.82,Active
A06148,C02655,Investment,581326.39,Closed
A06149,C04969,Savings,385207.63,Active
A06150,C07823,Current,404182.74,Active
A06151,C08106,Investment,528471.81,Active
A06152,C07424,Investment,861987.92,Inactive
A06153,C07885,Savings,763198.88,Active
A06154,C08382,Savings,334216.98,Active
A06155,C06621,Current,522916.03,Active
A06156,C09755,Current,373759.38,Active
A06157,C09871,Savings,679646.81,Inactive
A06158,C04644,Current,482853.85,Active
A06159,C09220,Investment,593819.06,Active
A06160,C02803,Savings,439665.36,Active
A06161,C00139,Investment,147748.41,Active
A06162,C06032,Investment,640989.11,Active
A06163,C01209,Investment,847411.25,Active
A06164,C00911,Current,204705.96,Active
A06165,C09220,Investment,246439.54,Active
A06166,C00330,Savings,289222.27,Active
A06167,C04483,Savings,622156.39,Active
A06168,C09247,Investment,289684.78,Active
A06169,C03463,Current,493573.92,Active
A06170,C00233,Current,568722.12,Active
A06171,C02519,Investment,730275.38,Active
A06172,C08591,Investment,266902.23,Active
A06173,C01498,Current,78535.32,Active
A06174,C00555,Savings,949658.06,Active
A06175,C07536,Savings,529497.91,Active
A06176,C07519,Investment,58016.98,Active
A06177,C03836,Current,216929.62,Active
A06178,C06819,Investment,794859.97,Active
A06179,C09988,Savings,490848.05,Active
A06180,C00776,Savings,44091.35,Closed
A06181,C09983,Investment,815078.79,Active
A06182,C00845,Savings,594809.51,Active
A06183,C01033,Investment,216197.10,Active
A06184,C06525,Current,743925.47,Active
A06185,C00143,Current,94657.52,Active
A06186,C05550,Savings,810962.03,Active
A06187,C08186,Savings,829517.47,Active
A06188,C02453,Savings,133276.07,Active
A06189,C06485,Investment,828937.54,Inactive
A06190,C00686,Current,96702.62,Active
A06191,C01998,Savings,761608.19,Inactive
A06192,C01117,Investment,379424.41,Active
A06193,C04401,Investment,588434.08,Active
A06194,C06260,Current,436933.79,Active
A06195,C07813,Savings,40626.45,Closed
A06196,C04614,Investment,305610.63,Active
A06197,C06973,Savings,836109.71,Active
A06198,C02488,Current,112961.66,Active
A06199,C02214,Investment,936957.79,Active
A06200,C06327,Savings,433203.79,Active
A06201,C01031,Current,20740.89,Active
A06202,C05354,Current,853944.65,Active
A06203,C09750,Current,316829.34,Active
A06204,C02574,Investment,276139.34,Active
A06205,C01371,Investment,663712.17,Active
A06206,C05335,Current,636877.31,Active
A06207,C07645,Current,618070.72,Closed
A06208,C00033,Savings,295104.89,Closed
A06209,C02267,Current,216054.27,Closed
A06210,C02940,Savings,116253.23,Active
A06211,C05249,Current,503683.12,Active
A06212,C02048,Investment,961729.44,Active
A06213,C02533,Savings,401219.29,Active
A06214,C02135,Savings,235870.71,Active
A06215,C06805,Current,425886.19,Active
A06216,C07574,Current,307915.38,Inactive
A06217,C02915,Investment,745814.96,Active
A06218,C08176,Savings,615326.31,Active
A06219,C04904,Investment,432966.29,Active
A06220,C09480,Current,418001.07,Inactive
A06221,C07160,Savings,568091.00,Active
A06222,C02567,Investment,609078.34,Active
A06223,C05110,Investment,598619.77,Inactive
A06224,C00681,Current,792216.97,Active
A06225,C06800,Current,821917.56,Active
A06226,C04212,Current,638312.10,Active
A06227,C04992,Current,344828.25,Active
A06228,C01934,Savings,0,Inactive
A06229,C07377,Savings,345227.81,Active
A06230,C07629,Investment,746633.50,Active
A06231,C02860,Investment,909012.23,Active
A06232,C03523,Savings,937346.31,Active
A06233,C07675,Current,426823.69,Active
A06234,C08754,Investment,290241.72,Active
A06235,C05000,Investment,770673.58,Active
A06236,C07019,Investment,306048.59,Active
A06237,C00961,Savings,892339.74,Active
A06238,C00458,Savings,643557.24,Active
A06239,C03829,Current,416301.08,Active
A06240,C09232,Current,359744.37,Inactive
A06241,C09079,Investment,173028.90,Closed
A06242,C02236,Savings,306351.82,Closed
A06243,C04010,Savings,349759.82,Active
A06244,C02653,Savings,774418.62,Active
A06245,C06806,Current,770594.68,Active
A06246,C04969,Investment,901728.60,Active
A06247,C00087,Savings,841434.30,Active
A06248,C00012,Savings,202632.66,Active
A06249,C07647,Investment,397322.73,Active
A06250,C01278,Current,672318.56,Active
A06251,C00132,Savings,914310.77,Inactive
A06252,C01888,Savings,356779.37,Active
A06253,C01769,Investment,381068.42,Active
A06254,C01133,Current,244105.84,Active
A06255,C08992,Savings,114041.56,Active
A06256,C06636,Current,40013.34,Active
A06257,C06167,Savings,898462.53,Active
A06258,C05969,Savings,369754.77,Active
A06259,C09921,Savings,121646.18,Active
A06260,C01055,Savings,655881.20,Active
A06261,C01516,Savings,31397.14,Active
A06262,C04339,Current,221738.89,Active
A06263,C07528,Current,226061.91,Active
A06264,C06146,Current,397582.93,Active
A06265,C07315,Investment,413651.76,Active
A06266,C00140,Investment,526617.70,Active
A06267,C03239,Savings,871463.86,Active
A06268,C06836,Investment,227100.39,Active
A06269,C01438,Current,247237.54,Active
A06270,C07517,Current,229454.38,Active
A06271,C07795,Savings,277044.90,Active
A06272,C03047,Current,721485.67,Active
A06273,C09699,Savings,31706.79,Active
A06274,C04216,Investment,382082.52,Active
A06275,C03257,Investment,733968.98,Active
A06276,C08295,Investment,64178.95,Active
A06277,C02202,Investment,540674.55,Active
A06278,C05128,Current,872200.54,Active
A06279,C04660,Investment,475099.68,Active
A06280,C09568,Current,489080.74,Active
A06281,C08328,Investment,484838.09,Active
A06282,C05001,Current,817025.03,Active
A06283,C09240,Investment,942664.51,Active
A06284,C03067,Current,340527.04,Active
A06285,C00433,Investment,651577.65,Active
A06286,C02001,Savings,10414.53,Active
A06287,C09692,Investment,400055.33,Active
A06288,C07754,Current,527219.19,Active
A06289,C06091,Savings,566305.05,Active
A06290,C00514,Investment,347047.94,Active
A06291,C08953,Current,384952.67,Active
A06292,C07064,Investment,177549.47,Active
A06293,C03882,Investment,339065.43,Active
A06294,C00138,Savings,746310.50,Active
A06295,C02095,Investment,347062.81,Active
A06296,C03201,Investment,335340.13,Active
A06297,C06050,Current,693500.08,Active
A06298,C07988,Investment,746598.09,Active
A06299,C05879,Savings,312143.62,Active
A06300,C08020,Savings,123890.01,Closed
A06301,C01917,Savings,445463.18,Active
A06302,C03894,Investment,207032.70,Active
A06303,C06739,Savings,891721.80,Active
A06304,C02890,Savings,337565.31,Active
A06305,C09489,Current,312154.16,Active
A06306,C08973,Current,70846.69,Inactive
A06307,C03785,Current,950970.84,Inactive
A06308,C03535,Current,896150.45,Active
A06309,C09577,Savings,913075.93,Inactive
A06310,C04565,Investment,896706.69,Active
A06311,C02853,Current,433785.58,Active
A06312,C07929,Savings,611301.16,Active
A06313,C03263,Investment,778966.19,Inactive
A06314,C07053,Savings,767477.62,Active
A06315,C09822,Investment,142058.38,Active
A06316,C08742,Investment,722625.81,Active
A06317,C04805,Savings,666975.44,Active
A06318,C05416,Savings,315176.56,Active
A06319,C07205,Savings,48092.45,Active
A06320,C05796,Savings,827059.70,Active
A06321,C09713,Savings,684383.48,Active
A06322,C08955,Current,965842.69,Active
A06323,C08487,Current,565808.08,Active
A06324,C01290,Current,286348.96,Active
A06325,C03367,Savings,766090.27,Active
A06326,C05241,Current,757026.94,Active
A06327,C05206,Current,964347.52,Active
A06328,C02051,Savings,518379.55,Active
A06329,C00161,Investment,246283.11,Closed
A06330,C04094,Savings,231664.63,Active
A06331,C02006,Investment,326012.30,Active
A06332,C09744,Investment,89878.04,Active
A06333,C06537,Savings,200070.82,Inactive
A06334,C07213,Investment,812016.72,Active
A06335,C08447,Current,79455.72,Active
A06336,C08375,Current,681933.51,Closed
A06337,C05045,Savings,30625.38,Active
A06338,C04789,Current,815059.15,Active
A06339,C07385,Investment,489163.06,Inactive
A06340,C01985,Investment,888752.87,Inactive
A06341,C05675,Savings,501924.86,Active
A06342,C04006,Savings,758010.46,Inactive
A06343,C03633,Savings,706084.66,Active
A06344,C05448,Current,734861.96,Active
A06345,C08285,Current,404460.38,Active
A06346,C00957,Savings,827462.98,Inactive
A06347,C00381,Current,719349.78,Active
A06348,C06992,Savings,936406.86,Active
A06349,C05852,Savings,516090.43,Active
A06350,C02425,Current,82796.30,Active
A06351,C08404,Investment,410347.12,Active
A06352,C03428,Savings,386106.09,Closed
A06353,C08134,Current,865780.98,Active
A06354,C04255,Savings,181455.20,Active
A06355,C04260,Savings,569235.90,Active
A06356,C08435,Savings,319034.43,Active
A06357,C06354,Savings,8116.27,Inactive
A06358,C09047,Investment,686712.03,Active
A06359,C08416,Current,106569.26,Active
A06360,C08703,Investment,122630.78,Active
A06361,C09531,Investment,641293.81,Active
A06362,C09280,Savings,506447.39,Active
A06363,C03611,Investment,841167.68,Active
A06364,C08754,Current,875373.34,Active
A06365,C06772,Current,3724.83,Active
A06366,C01213,Current,737284.48,Active
A06367,C00131,Savings,511904.97,Closed
A06368,C07063,Investment,440096.58,Active
A06369,C02051,Savings,412085.41,Active
A06370,C01418,Current,129567.49,Active
A06371,C03684,Savings,510855.40,Inactive
A06372,C06615,Current,337658.81,Active
A06373,C07988,Current,201714.92,Active
A06374,C07552,Current,569787.83,Active
A06375,C05344,Savings,713479.75,Active
A06376,C08011,Investment,950229.85,Active
A06377,C05647,Current,617232.83,Closed
A06378,C06932,Investment,370524.40,Active
A06379,C08498,Savings,321167.60,Active
A06380,C06945,Investment,774206.65,Active
A06381,C03515,Investment,110602.04,Active
A06382,C01567,Current,252580.83,Active
A06383,C06774,Savings,535469.39,Inactive
A06384,C03199,Current,122362.37,Active
A06385,C00385,Savings,202483.86,Active
A06386,C07757,Current,991734.79,Active
A06387,C08275,Current,326437.86,Active
A06388,C04846,Current,700146.80,Active
A06389,C04145,Investment,143267.55,Active
A06390,C08003,Savings,615175.57,Active
A06391,C02899,Savings,758386.06,Inactive
A06392,C05341,Investment,543757.52,Active
A06393,C07719,Current,821592.89,Inactive
A06394,C05757,Savings,218721.00,Active
A06395,C01087,Savings,311032.09,Active
A06396,C06119,Savings,545916.32,Active
A06397,C05296,Investment,418704.77,Active
A06398,C07026,Investment,745343.60,Active
A06399,C04367,Current,479839.99,Active
A06400,C03744,Current,87691.89,Active
A06401,C03906,Investment,801844.98,Active
A06402,C04079,Current,864055.61,Active
A06403,C06946,Current,776758.94,Active
A06404,C02218,Investment,730603.55,Closed
A06405,C07300,Current,839035.07,Active
A06406,C02573,Investment,773553.36,Inactive
A06407,C08173,Investment,50208.82,Active
A06408,C09944,Savings,214787.56,Active
A06409,C07979,Current,256666.87,Active
A06410,C00549,Investment,896097.03,Active
A06411,C04128,Savings,585824.28,Inactive
A06412,C01835,Investment,186824.07,Active
A06413,C00201,Savings,671596.03,Inactive
A06414,C00577,Investment,736002.56,Active
A06415,C08375,Savings,477877.07,Active
A06416,C07957,Savings,687794.66,Inactive
A06417,C00869,Savings,80654.82,Active
A06418,C06511,Current,282156.31,Active
A06419,C05893,Savings,842703.91,Active
A06420,C04371,Current,509265.94,Active
A06421,C07652,Investment,549558.42,Closed
A06422,C05729,Investment,626099.71,Active
A06423,C05825,Current,700869.94,Active
A06424,C01622,Current,873925.08,Active
A06425,C09857,Current,417319.76,Active
A06426,C00888,Current,589317.20,Inactive
A06427,C02899,Savings,638978.43,Active
A06428,C05806,Savings,21730.38,Inactive
A06429,C03346,Savings,762162.98,Active
A06430,C06517,Current,520704.21,Active
A06431,C09936,Investment,525628.84,Active
A06432,C00343,Savings,188097.30,Active
A06433,C05423,Savings,641835.28,Closed
A06434,C05192,Savings,262265.56,Active
A06435,C02760,Savings,734599.30,Closed
A06436,C06127,Savings,998454.91,Active
A06437,C05527,Savings,839316.02,Active
A06438,C06121,Current,437805.45,Active
A06439,C09335,Current,863018.81,Active
A06440,C00497,Investment,271203.28,Closed
A06441,C09294,Savings,755412.04,Active
A06442,C00881,Current,772999.71,Active
A06443,C06950,Investment,444776.30,Active
A06444,C09303,Current,411764.96,Active
A06445,C01861,Investment,940095.44,Active
A06446,C04916,Investment,321545.01,Active
A06447,C04600,Investment,227453.09,Inactive
A06448,C05644,Investment,198180.93,Active
A06449,C08391,Investment,191977.81,Inactive
A06450,C09151,Investment,576805.08,Active
A06451,C05943,Savings,979880.57,Active
A06452,C00828,Savings,520283.73,Active
A06453,C00698,Current,48685.17,Active
A06454,C02874,Current,104897.74,Active
A06455,C00525,Savings,405048.75,Active
A06456,C03992,Current,723112.36,Active
A06457,C03352,Current,817432.63,Active
A06458,C01026,Current,884553.84,Active
A06459,C08399,Investment,898705.87,Inactive
A06460,C06448,Savings,845195.78,Active
A06461,C07685,Investment,853704.32,Active
A06462,C04823,Investment,141968.58,Inactive
A06463,C09990,Savings,99447.59,Active
A06464,C08111,Savings,496233.86,Active
A06465,C02186,Savings,708828.16,Inactive
A06466,C07867,Current,984577.79,Active
A06467,C08034,Investment,567864.08,Active
A06468,C03685,Savings,274585.32,Active
A06469,C04497,Investment,390094.98,Active
A06470,C06878,Investment,644229.76,Active
A06471,C01509,Investment,396998.41,Active
A06472,C01506,Current,351549.22,Active
A06473,C06949,Current,926090.71,Active
A06474,C07103,Investment,436439.30,Active
A06475,C03510,Current,512007.68,Active
A06476,C07350,Current,97432.89,Inactive
A06477,C07588,Savings,178757.53,Active
A06478,C09351,Savings,854415.57,Active
A06479,C09914,Savings,493161.61,Active
A06480,C07837,Savings,666191.91,Active
A06481,C08020,Investment,12296.59,Active
A06482,C07186,Investment,861946.35,Active
A06483,C04533,Current,337496.73,Active
A06484,C04755,Savings,1077.87,Closed
A06485,C03595,Investment,545553.51,Active
A06486,C00656,Current,987619.03,Closed
A06487,C06941,Current,833661.00,Active
A06488,C09779,Savings,659029.01,Inactive
A06489,C06793,Investment,645888.69,Active
A06490,C04982,Investment,651476.10,Active
A06491,C04453,Investment,710608.29,Active
A06492,C00127,Savings,721976.82,Active
A06493,C06195,Investment,859118.60,Active
A06494,C07714,Savings,648524.17,Active
A06495,C06014,Current,970137.04,Active
A06496,C08047,Investment,368671.28,Inactive
A06497,C05369,Current,705468.31,Inactive
A06498,C05314,Savings,5252.40,Active
A06499,C06858,Current,205918.28,Inactive
A06500,C01829,Savings,129836.95,Active
A06501,C07545,Current,20039.80,Active
A06502,C02681,Current,393841.74,Active
A06503,C06119,Investment,760613.46,Active
A06504,C05165,Current,967731.97,Active
A06505,C07267,Savings,98946.71,Active
A06506,C02469,Investment,957259.31,Active
A06507,C02384,Investment,253983.52,Active
A06508,C00040,Savings,980069.34,Active
A06509,C08230,Savings,481804.18,Active
A06510,C00803,Savings,255812.64,Active
A06511,C08654,Investment,758134.97,Active
A06512,C07534,Investment,587949.30,Active
A06513,C06376,Investment,478858.69,Active
A06514,C03668,Investment,766034.55,Active
A06515,C03207,Investment,196722.94,Active
A06516,C07039,Investment,512856.08,Active
A06517,C06530,Investment,581272.18,Active
A06518,C05661,Investment,123637.57,Active
A06519,C09131,Investment,434249.52,Active
A06520,C06208,Current,181357.20,Active
A06521,C05450,Savings,491664.12,Active
A06522,C09883,Investment,632176.89,Active
A06523,C08904,Current,233611.45,Active
A06524,C02181,Savings,580184.49,Active
A06525,C06176,Investment,256395.90,Inactive
A06526,C06618,Savings,667227.21,Inactive
A06527,C04741,Savings,594660.99,Active
A06528,C05749,Savings,541641.41,Active
A06529,C02528,Current,663003.46,Active
A06530,C08759,Savings,898363.04,Active
A06531,C07215,Current,741261.70,Active
A06532,C08820,Current,961865.57,Active
A06533,C03751,Investment,602152.16,Active
A06534,C01108,Investment,46361.53,Active
A06535,C07174,Current,907472.05,Active
A06536,C09408,Investment,228445.99,Active
A06537,C03532,Investment,486421.75,Active
A06538,C06955,Savings,974591.87,Active
A06539,C01923,Savings,709476.36,Active
A06540,C04582,Investment,693229.14,Active
A06541,C06383,Current,109567.88,Active
A06542,C09924,Savings,614497.20,Active
A06543,C06447,Savings,212263.34,Active
A06544,C00352,Current,238979.89,Active
A06545,C07743,Savings,265144.27,Active
A06546,C03341,Investment,551181.74,Active
A06547,C02416,Current,660859.76,Active
A06548,C00566,Savings,465609.55,Active
A06549,C04900,Savings,508613.93,Active
A06550,C05815,Investment,775004.48,Active
A06551,C00443,Investment,622293.83,Active
A06552,C08372,Current,434256.10,Active
A06553,C09314,Savings,784344.40,Closed
A06554,C05129,Investment,17399.81,Active
A06555,C04380,Investment,29674.72,Active
A06556,C07655,Investment,224265.28,Active
A06557,C07992,Current,273943.86,Active
A06558,C05269,Savings,991406.98,Active
A06559,C09263,Current,101230.12,Active
A06560,C08184,Investment,918131.87,Active
A06561,C07285,Current,143277.31,Active
A06562,C07034,Current,870383.76,Active
A06563,C01386,Current,934387.78,Active
A06564,C00560,Savings,148611.89,Active
A06565,C07541,Current,742408.60,Inactive
A06566,C07803,Current,805127.65,Closed
A06567,C07707,Investment,437460.31,Active
A06568,C08807,Investment,39662.31,Active
A06569,C04132,Current,241079.85,Active
A06570,C09738,Investment,10759.81,Inactive
A06571,C08450,Savings,155789.19,Closed
A06572,C00615,Current,342698.91,Active
A06573,C00415,Current,612253.09,Active
A06574,C01326,Current,366582.11,Inactive
A06575,C05676,Investment,219824.67,Active
A06576,C02569,Savings,866763.41,Active
A06577,C05832,Current,339379.70,Active
A06578,C02084,Savings,304403.51,Closed
A06579,C05065,Current,767022.38,Active
A06580,C09369,Investment,374246.37,Active
A06581,C07328,Current,564444.79,Active
A06582,C00849,Savings,552080.47,Active
A06583,C09565,Current,587670.02,Active
A06584,C00218,Current,738270.21,Active
A06585,C07133,Investment,369963.28,Active
A06586,C07068,Savings,411791.35,Active
A06587,C01044,Savings,519376.86,Active
A06588,C00673,Investment,807114.21,Active
A06589,C01047,Current,827614.95,Closed
A06590,C06157,Investment,795022.63,Active
A06591,C08690,Savings,70180.27,Active
A06592,C08933,Current,889276.22,Active
A06593,C09552,Investment,757953.06,Inactive
A06594,C06497,Savings,505808.41,Closed
A06595,C03844,Savings,781032.58,Active
A06596,C04701,Savings,361257.80,Active
A06597,C05885,Savings,321098.16,Inactive
A06598,C09170,Savings,744303.12,Active
A06599,C02454,Investment,408985.63,Active
A06600,C08951,Current,744549.06,Active
A06601,C06899,Current,264181.04,Inactive
A06602,C01114,Investment,973302.67,Active
A06603,C00254,Investment,874015.39,Active
A06604,C07011,Current,990066.94,Active
A06605,C03060,Current,641825.07,Inactive
A06606,C06108,Current,510837.70,Active
A06607,C07733,Savings,336916.13,Active
A06608,C03688,Savings,858042.87,Inactive
A06609,C00775,Current,393104.28,Active
A06610,C05059,Current,626520.41,Inactive
A06611,C05910,Savings,859202.85,Active
A06612,C03624,Current,53582.55,Active
A06613,C06144,Current,433332.55,Active
A06614,C05900,Savings,984526.69,Active
A06615,C08378,Current,644275.93,Active
A06616,C07016,Current,485215.47,Inactive
A06617,C03486,Current,573361.03,Closed
A06618,C09563,Savings,926819.78,Active
A06619,C04368,Savings,462207.48,Inactive
A06620,C09726,Savings,705236.75,Active
A06621,C02498,Savings,694212.19,Active
A06622,C09282,Investment,928018.14,Active
A06623,C00300,Investment,125624.69,Active
A06624,C06924,Current,497592.87,Inactive
A06625,C05055,Savings,251913.21,Active
A06626,C02759,Savings,101610.03,Active
A06627,C09518,Savings,131638.74,Active
A06628,C02190,Savings,485476.49,Active
A06629,C09048,Savings,783005.56,Inactive
A06630,C04085,Savings,612459.40,Closed
A06631,C03988,Savings,996703.94,Active
A06632,C02663,Savings,491277.88,Inactive
A06633,C00215,Savings,309380.01,Active
A06634,C03213,Investment,882174.86,Active
A06635,C04330,Investment,154256.39,Active
A06636,C05242,Current,964445.01,Inactive
A06637,C06434,Current,760651.85,Active
A06638,C05467,Investment,41695.02,Active
A06639,C05904,Investment,576192.31,Active
A06640,C03527,Investment,116723.46,Active
A06641,C06103,Savings,912952.62,Inactive
A06642,C04417,Savings,684912.93,Closed
A06643,C05457,Current,540915.60,Active
A06644,C00809,Current,454640.19,Closed
A06645,C04485,Investment,926471.96,Inactive
A06646,C04622,Investment,979891.60,Inactive
A06647,C01876,Current,670036.19,Active
A06648,C01871,Current,271828.78,Active
A06649,C09776,Investment,594321.27,Active
A06650,C07441,Savings,36498.06,Inactive
A06651,C06663,Current,415610.93,Active
A06652,C06481,Current,428767.75,Active
A06653,C04760,Current,667379.90,Active
A06654,C06538,Savings,498127.77,Active
A06655,C06973,Current,361216.63,Active
A06656,C05771,Investment,599927.18,Active
A06657,C03746,Current,282291.24,Active
A06658,C02176,Savings,894170.38,Active
A06659,C07011,Savings,185364.54,Active
A06660,C04414,Investment,846423.49,Active
A06661,C01765,Investment,648481.30,Active
A06662,C06307,Savings,549118.38,Active
A06663,C03571,Investment,335816.47,Inactive
A06664,C06129,Savings,201563.16,Active
A06665,C01345,Investment,200461.52,Active
A06666,C03228,Current,431542.42,Active
A06667,C07280,Savings,164690.93,Active
A06668,C07780,Savings,297807.18,Active
A06669,C09465,Savings,446169.01,Active
A06670,C03714,Investment,888996.83,Active
A06671,C07907,Current,77066.87,Active
A06672,C06674,Investment,161318.54,Active
A06673,C08557,Investment,341784.00,Inactive
A06674,C04479,Investment,197831.83,Active
A06675,C05147,Investment,681797.40,Active
A06676,C00248,Investment,447980.20,Active
A06677,C00453,Current,196110.71,Active
A06678,C09416,Investment,420450.86,Active
A06679,C05689,Current,342207.36,Active
A06680,C09368,Savings,385480.61,Active
A06681,C03980,Investment,289880.11,Active
A06682,C02037,Savings,506532.66,Active
A06683,C04272,Current,313914.93,Active
A06684,C02066,Current,105366.00,Inactive
A06685,C08420,Current,237656.86,Active
A06686,C00100,Savings,962837.89,Active
A06687,C01428,Investment,451966.45,Inactive
A06688,C06237,Current,607231.73,Active
A06689,C05013,Current,213132.47,Active
A06690,C05727,Savings,21050.39,Active
A06691,C06246,Investment,96531.87,Active
A06692,C01789,Current,685196.83,Active
A06693,C01255,Current,881209.55,Active
A06694,C07786,Current,895674.53,Active
A06695,C00119,Investment,619473.00,Active
A06696,C01175,Investment,491906.10,Active
A06697,C00095,Current,112164.52,Active
A06698,C01674,Investment,957098.09,Inactive
A06699,C01666,Current,583291.89,Active
A06700,C09543,Investment,651855.48,Active
A06701,C03104,Investment,486850.12,Active
A06702,C08996,Savings,955736.52,Active
A06703,C09745,Current,426913.34,Active
A06704,C08479,Savings,535563.21,Active
A06705,C08528,Investment,885021.44,Active
A06706,C08862,Current,529933.44,Inactive
A06707,C02784,Savings,652487.75,Active
A06708,C09741,Investment,32425.82,Inactive
A06709,C05108,Investment,937099.93,Active
A06710,C05577,Savings,236866.47,Active
A06711,C06188,Investment,3577.86,Active
A06712,C02038,Investment,610597.06,Active
A06713,C01371,Investment,479928.84,Active
A06714,C00468,Savings,493487.66,Active
A06715,C03919,Investment,994691.34,Active
A06716,C07488,Savings,167161.29,Active
A06717,C03637,Current,613495.30,Active
A06718,C04289,Savings,146995.42,Active
A06719,C00735,Current,585552.70,Active
A06720,C03831,Current,211633.44,Active
A06721,C02692,Current,757862.98,Active
A06722,C05998,Current,590115.57,Active
A06723,C05636,Savings,961422.08,Active
A06724,C03111,Current,843625.51,Active
A06725,C05681,Investment,587818.25,Active
A06726,C06895,Savings,633822.17,Active
A06727,C00418,Investment,562103.63,Active
A06728,C02562,Current,256004.10,Active
A06729,C05149,Savings,259106.75,Active
A06730,C01876,Current,291669.39,Active
A06731,C09962,Investment,854767.14,Active
A06732,C07115,Current,420469.51,Active
A06733,C02563,Investment,361345.21,Active
A06734,C02840,Current,41681.56,Active
A06735,C08848,Investment,575600.01,Active
A06736,C03103,Investment,260491.63,Active
A06737,C07578,Investment,913295.41,Active
A06738,C09780,Current,923870.71,Active
A06739,C09213,Investment,168056.81,Active
A06740,C07907,Current,867327.10,Active
A06741,C09773,Current,623048.94,Active
A06742,C06524,Current,315369.93,Active
A06743,C08407,Investment,887434.90,Active
A06744,C07138,Savings,536534.49,Active
A06745,C06683,Current,347709.43,Active
A06746,C03444,Savings,735458.40,Active
A06747,C02091,Investment,72315.04,Active
A06748,C08452,Current,357080.92,Active
A06749,C04289,Savings,74623.57,Active
A06750,C08378,Savings,824701.69,Active
A06751,C05433,Current,289250.02,Active
A06752,C03786,Investment,425524.17,Active
A06753,C03281,Investment,693440.71,Active
A06754,C06090,Current,215915.07,Active
A06755,C03151,Current,689559.49,Inactive
A06756,C05565,Savings,964508.10,Active
A06757,C08032,Savings,680596.83,Active
A06758,C06223,Current,945613.26,Active
A06759,C07087,Investment,724033.57,Active
A06760,C02485,Investment,256499.76,Active
A06761,C05865,Current,779737.67,Active
A06762,C01727,Savings,545997.29,Active
A06763,C01259,Savings,801020.83,Active
A06764,C02660,Savings,890264.61,Active
A06765,C03435,Investment,338912.80,Active
A06766,C02931,Savings,860305.05,Active
A06767,C08390,Savings,137261.85,Active
A06768,C05818,Current,99622.92,Closed
A06769,C02692,Current,819020.14,Active
A06770,C06758,Investment,999138.45,Active
A06771,C04833,Current,320109.05,Inactive
A06772,C01744,Current,646356.05,Active
A06773,C02043,Investment,393372.54,Active
A06774,C07219,Current,550898.48,Active
A06775,C01286,Investment,125533.69,Active
A06776,C09921,Savings,208846.12,Active
A06777,C04891,Savings,196496.16,Active
A06778,C06443,Savings,338355.54,Active
A06779,C06792,Investment,680796.19,Active
A06780,C06339,Investment,563067.64,Active
A06781,C00576,Current,444987.24,Active
A06782,C04053,Savings,201053.06,Active
A06783,C05801,Current,341393.71,Active
A06784,C09162,Investment,469827.64,Active
A06785,C02649,Investment,381573.63,Inactive
A06786,C03527,Current,430073.57,Active
A06787,C09557,Savings,15528.48,Active
A06788,C08751,Current,509320.42,Closed
A06789,C09826,Investment,373704.16,Active
A06790,C09187,Current,495947.94,Active
A06791,C06423,Investment,571861.56,Active
A06792,C08596,Savings,998581.10,Closed
A06793,C02021,Investment,568585.42,Active
A06794,C07539,Current,389387.60,Active
A06795,C01368,Investment,696238.53,Active
A06796,C02327,Current,91953.61,Active
A06797,C08101,Current,520192.59,Active
A06798,C03568,Current,211531.70,Active
A06799,C02717,Current,35226.28,Active
A06800,C09718,Investment,402430.77,Closed
A06801,C08219,Current,809477.96,Inactive
A06802,C06046,Investment,833496.38,Active
A06803,C01141,Savings,385823.92,Inactive
A06804,C00973,Investment,671573.17,Active
A06805,C01381,Current,701072.72,Active
A06806,C07564,Savings,787274.21,Inactive
A06807,C05959,Investment,790648.67,Active
A06808,C01281,Savings,340573.29,Active
A06809,C01088,Investment,46142.95,Active
A06810,C00902,Investment,772767.27,Active
A06811,C09393,Current,42450.01,Inactive
A06812,C08943,Investment,763561.92,Active
A06813,C09992,Current,608295.18,Closed
A06814,C08543,Current,204606.29,Inactive
A06815,C03086,Savings,262482.48,Active
A06816,C05463,Savings,742045.10,Active
A06817,C08982,Current,46328.45,Active
A06818,C00081,Investment,895484.99,Active
A06819,C00730,Investment,273263.68,Active
A06820,C09581,Savings,317648.79,Active
A06821,C04948,Investment,104724.46,Active
A06822,C00977,Investment,349309.06,Active
A06823,C03968,Investment,266973.13,Active
A06824,C02647,Investment,688360.67,Inactive
A06825,C06794,Current,73091.01,Active
A06826,C06750,Current,452782.59,Active
A06827,C04374,Investment,219990.94,Active
A06828,C02922,Current,341231.39,Active
A06829,C06519,Savings,847402.80,Active
A06830,C00429,Investment,954404.14,Active
A06831,C04530,Savings,368044.47,Active
A06832,C09359,Investment,702104.71,Active
A06833,C06557,Investment,651691.72,Active
A06834,C03044,Current,793696.06,Inactive
A06835,C07087,Investment,856291.96,Active
A06836,C01604,Investment,647868.76,Active
A06837,C02498,Current,783561.13,Active
A06838,C06387,Savings,935810.16,Inactive
A06839,C08797,Savings,605837.76,Active
A06840,C02645,Savings,608372.51,Active
A06841,C09617,Investment,16291.61,Active
A06842,C04045,Current,866917.39,Active
A06843,C05213,Investment,78331.65,Active
A06844,C03494,Savings,118180.88,Active
A06845,C05740,Savings,240004.75,Active
A06846,C00028,Investment,389887.03,Active
A06847,C03862,Current,763579.84,Inactive
A06848,C09017,Current,180890.95,Active
A06849,C07655,Savings,492850.65,Active
A06850,C01882,Current,231186.64,Active
A06851,C00122,Savings,925034.26,Active
A06852,C06272,Investment,912815.57,Active
A06853,C07292,Current,916285.08,Active
A06854,C03865,Savings,923047.00,Active
A06855,C09746,Current,503649.43,Active
A06856,C08838,Investment,301834.64,Active
A06857,C07084,Savings,87825.13,Active
A06858,C03478,Savings,593413.73,Active
A06859,C00481,Savings,642389.01,Active
A06860,C05099,Investment,568822.43,Active
A06861,C05830,Current,640952.56,Active
A06862,C06213,Current,496643.22,Active
A06863,C05016,Current,881786.10,Active
A06864,C05386,Savings,747141.96,Active
A06865,C02766,Savings,515522.82,Active
A06866,C03483,Savings,881471.23,Active
A06867,C05060,Investment,660288.87,Active
A06868,C09759,Current,762485.94,Active
A06869,C04189,Investment,849001.80,Active
A06870,C07179,Current,315968.88,Active
A06871,C03625,Current,177107.88,Active
A06872,C08130,Savings,979305.31,Active
A06873,C00107,Current,289135.65,Active
A06874,C01251,Current,281608.88,Active
A06875,C04281,Current,503533.49,Active
A06876,C07415,Current,15520.01,Active
A06877,C02323,Current,634760.03,Closed
A06878,C04413,Investment,115911.91,Active
A06879,C00271,Investment,346905.27,Active
A06880,C09916,Investment,397469.17,Active
A06881,C06774,Current,167964.59,Inactive
A06882,C01215,Savings,911302.27,Active
A06883,C04285,Investment,313978.37,Active
A06884,C06350,Current,418760.71,Active
A06885,C07882,Investment,956292.46,Active
A06886,C05010,Current,479863.11,Inactive
A06887,C03047,Current,596262.49,Active
A06888,C03187,Savings,892425.15,Active
A06889,C03809,Savings,221377.79,Active
A06890,C09191,Investment,802618.77,Active
A06891,C02210,Savings,830031.66,Active
A06892,C06833,Investment,861097.61,Active
A06893,C09285,Current,71440.53,Inactive
A06894,C04639,Investment,94928.67,Active
A06895,C01960,Current,735007.87,Active
A06896,C02019,Current,739277.40,Active
A06897,C08925,Current,583577.73,Active
A06898,C02462,Current,30219.87,Active
A06899,C03014,Savings,970720.79,Active
A06900,C05135,Investment,404568.17,Active
A06901,C01387,Savings,566044.13,Active
A06902,C01146,Investment,935697.52,Active
A06903,C03113,Savings,731986.29,Closed
A06904,C07403,Investment,599495.53,Inactive
A06905,C08269,Current,797058.73,Active
A06906,C09314,Savings,192039.14,Active
A06907,C03647,Current,736187.77,Closed
A06908,C01167,Savings,184825.38,Active
A06909,C03483,Savings,831587.12,Active
A06910,C03840,Investment,625699.94,Closed
A06911,C09393,Current,702528.75,Active
A06912,C02283,Investment,626501.41,Closed
A06913,C00577,Current,153297.73,Active
A06914,C03354,Savings,372323.22,Active
A06915,C03647,Savings,576768.35,Active
A06916,C05888,Savings,106458.34,Active
A06917,C03951,Investment,764773.80,Active
A06918,C08145,Investment,470125.61,Active
A06919,C08865,Investment,458274.21,Active
A06920,C09033,Current,390631.73,Active
A06921,C08741,Savings,246618.12,Active
A06922,C09034,Investment,293756.49,Active
A06923,C06279,Current,329705.47,Active
A06924,C04264,Investment,377425.90,Active
A06925,C03244,Savings,898492.51,Active
A06926,C00381,Current,528308.49,Active
A06927,C09128,Investment,299463.01,Active
A06928,C02022,Investment,506232.90,Active
A06929,C00826,Savings,843121.21,Active
A06930,C01032,Savings,11086.85,Active
A06931,C04452,Savings,922168.98,Active
A06932,C01961,Current,898530.15,Active
A06933,C09007,Savings,755042.77,Active
A06934,C07177,Investment,410800.71,Inactive
A06935,C00347,Investment,338269.98,Active
A06936,C07448,Current,571888.09,Active
A06937,C04625,Current,239808.02,Inactive
A06938,C07226,Savings,825955.93,Active
A06939,C09346,Investment,886949.47,Closed
A06940,C02328,Investment,520563.27,Closed
A06941,C04321,Savings,796390.10,Active
A06942,C06190,Investment,213890.21,Active
A06943,C06693,Savings,273734.67,Active
A06944,C08622,Current,981766.34,Active
A06945,C07010,Savings,133582.15,Active
A06946,C03209,Current,14933.55,Inactive
A06947,C05246,Current,712211.89,Active
A06948,C00618,Savings,476355.55,Inactive
A06949,C02871,Current,853173.38,Active
A06950,C04387,Savings,719004.06,Active
A06951,C08751,Savings,526860.35,Active
A06952,C07072,Savings,315506.14,Active
A06953,C01944,Current,283588.66,Active
A06954,C07107,Current,822688.48,Active
A06955,C07846,Savings,823277.18,Active
A06956,C00962,Savings,776274.06,Inactive
A06957,C09895,Investment,101899.78,Active
A06958,C05586,Investment,121655.61,Active
A06959,C06024,Investment,82135.43,Active
A06960,C00872,Savings,285951.59,Active
A06961,C03135,Investment,371326.39,Inactive
A06962,C09701,Current,509862.61,Active
A06963,C00242,Savings,784806.53,Closed
A06964,C08813,Savings,849262.69,Active
A06965,C05515,Current,228578.06,Active
A06966,C08114,Current,395816.85,Active
A06967,C01558,Current,561419.41,Active
A06968,C08662,Investment,555195.94,Active
A06969,C07677,Investment,771701.02,Active
A06970,C01469,Investment,77635.94,Active
A06971,C08713,Savings,307864.50,Active
A06972,C07269,Investment,46656.15,Closed
A06973,C00207,Investment,818236.77,Active
A06974,C04187,Current,233361.64,Active
A06975,C09090,Savings,185573.17,Active
A06976,C01547,Savings,114622.82,Active
A06977,C04884,Investment,173526.49,Active
A06978,C01514,Investment,301591.81,Active
A06979,C04490,Current,309824.82,Active
A06980,C08725,Investment,589112.19,Active
A06981,C05369,Investment,413285.97,Active
A06982,C00258,Savings,929857.74,Active
A06983,C06878,Investment,720379.00,Active
A06984,C04043,Current,360342.16,Active
A06985,C01704,Investment,364666.48,Active
A06986,C03246,Investment,44739.68,Active
A06987,C06373,Current,71464.57,Active
A06988,C01742,Current,685592.67,Active
A06989,C04385,Current,311496.72,Active
A06990,C02220,Investment,973903.40,Inactive
A06991,C08556,Current,127351.88,Active
A06992,C08574,Savings,512376.79,Active
A06993,C09406,Current,604763.15,Active
A06994,C04601,Current,896885.78,Active
A06995,C06061,Current,143042.27,Inactive
A06996,C08167,Current,171958.51,Active
A06997,C09351,Current,853603.18,Active
A06998,C06615,Savings,26576.03,Closed
A06999,C01219,Current,8601.35,Active
A07000,C04465,Investment,677351.72,Active
A07001,C01795,Current,735871.54,Active
A07002,C03174,Savings,894383.23,Active
A07003,C07191,Savings,699056.86,Active
A07004,C08635,Current,243540.87,Active
A07005,C01637,Investment,545999.46,Active
A07006,C09090,Investment,216246.22,Active
A07007,C04100,Investment,719894.33,Active
A07008,C00836,Current,481941.75,Active
A07009,C06000,Investment,457140.32,Active
A07010,C02604,Current,318312.20,Closed
A07011,C06294,Investment,278983.85,Active
A07012,C05170,Current,390366.41,Active
A07013,C05492,Current,773286.16,Inactive
A07014,C01363,Savings,141207.89,Inactive
A07015,C00295,Savings,522786.99,Active
A07016,C05532,Investment,526940.22,Active
A07017,C06017,Investment,423339.46,Active
A07018,C03044,Current,183238.40,Active
A07019,C05556,Savings,345849.93,Active
A07020,C05726,Savings,711709.31,Inactive
A07021,C03894,Savings,347869.99,Active
A07022,C08410,Investment,258895.53,Active
A07023,C08450,Current,66515.00,Active
A07024,C08463,Investment,956326.70,Active
A07025,C04144,Savings,280979.08,Active
A07026,C09711,Investment,874345.22,Active
A07027,C08851,Current,217678.16,Active
A07028,C02030,Investment,690243.28,Active
A07029,C03940,Savings,901123.25,Active
A07030,C03559,Savings,565535.39,Active
A07031,C00778,Savings,490498.07,Active
A07032,C06888,Current,554590.71,Active
A07033,C09294,Investment,832978.11,Active
A07034,C04982,Savings,875762.43,Active
A07035,C00007,Savings,834257.55,Active
A07036,C08003,Savings,672900.89,Active
A07037,C09795,Savings,611081.92,Active
A07038,C02344,Investment,917162.92,Active
A07039,C09235,Savings,271962.91,Active
A07040,C09907,Savings,777963.19,Active
A07041,C01826,Investment,765277.55,Active
A07042,C06881,Current,531100.25,Active
A07043,C06233,Savings,409160.65,Inactive
A07044,C06794,Savings,413601.76,Active
A07045,C07293,Investment,966767.89,Inactive
A07046,C07462,Investment,458236.25,Active
A07047,C06735,Investment,923014.19,Active
A07048,C04902,Investment,788800.17,Active
A07049,C01627,Current,854753.74,Active
A07050,C07572,Investment,544648.73,Active
A07051,C04339,Savings,690467.25,Active
A07052,C02685,Current,752491.26,Active
A07053,C05925,Savings,792796.80,Active
A07054,C07742,Current,932087.51,Active
A07055,C07045,Savings,266247.10,Active
A07056,C08754,Savings,543929.61,Closed
A07057,C08793,Investment,659604.17,Inactive
A07058,C07241,Investment,960972.35,Active
A07059,C00410,Savings,226505.55,Active
A07060,C09454,Savings,526032.74,Active
A07061,C04561,Investment,81611.83,Inactive
A07062,C00360,Savings,241519.20,Active
A07063,C08814,Current,212582.54,Closed
A07064,C02859,Investment,664086.65,Inactive
A07065,C05090,Savings,293666.00,Active
A07066,C07779,Investment,438027.54,Active
A07067,C05861,Current,927061.85,Active
A07068,C06727,Investment,163395.69,Inactive
A07069,C03811,Savings,502049.20,Active
A07070,C03964,Current,319187.87,Active
A07071,C06501,Investment,500510.79,Active
A07072,C04080,Savings,835265.02,Closed
A07073,C00689,Investment,322557.46,Closed
A07074,C06342,Investment,419173.77,Active
A07075,C03084,Savings,782038.32,Active
A07076,C00049,Investment,620771.13,Active
A07077,C09358,Investment,641371.71,Closed
A07078,C08208,Current,397398.39,Active
A07079,C07625,Savings,597096.81,Active
A07080,C01519,Savings,216170.88,Active
A07081,C06619,Investment,969570.14,Active
A07082,C06519,Savings,69891.34,Closed
A07083,C09750,Savings,143348.03,Active
A07084,C07433,Investment,973967.90,Active
A07085,C00382,Savings,804343.37,Active
A07086,C04880,Current,74625.17,Active
A07087,C06263,Investment,239000.45,Inactive
A07088,C06134,Investment,449376.73,Active
A07089,C06111,Current,155601.96,Inactive
A07090,C03071,Savings,164600.68,Active
A07091,C08859,Investment,179694.46,Inactive
A07092,C03476,Investment,700827.97,Active
A07093,C07529,Savings,118411.00,Active
A07094,C07834,Investment,393026.00,Active
A07095,C07478,Savings,5804.77,Active
A07096,C02502,Investment,279955.57,Closed
A07097,C03167,Savings,228198.74,Active
A07098,C07891,Current,421023.40,Active
A07099,C04440,Current,388579.73,Active
A07100,C03351,Savings,278008.86,Closed
A07101,C04810,Investment,283635.54,Active
A07102,C09201,Investment,508783.35,Active
A07103,C00578,Current,441866.31,Active
A07104,C04683,Current,793376.90,Active
A07105,C07193,Investment,372344.55,Active
A07106,C06008,Savings,775953.22,Active
A07107,C04539,Savings,448993.17,Active
A07108,C06323,Investment,681742.26,Active
A07109,C09167,Current,92109.82,Active
A07110,C03008,Investment,521850.41,Closed
A07111,C03405,Current,108757.97,Active
A07112,C07874,Investment,393912.58,Active
A07113,C01114,Current,285363.88,Inactive
A07114,C07950,Current,301275.40,Inactive
A07115,C03225,Investment,446327.05,Active
A07116,C00299,Savings,68246.56,Active
A07117,C02934,Current,486964.67,Active
A07118,C06852,Savings,875010.53,Active
A07119,C08283,Investment,670207.04,Active
A07120,C04633,Investment,919425.99,Closed
A07121,C05416,Investment,703201.71,Active
A07122,C05316,Current,535453.05,Active
A07123,C02875,Savings,823102.76,Active
A07124,C04291,Current,331128.88,Active
A07125,C06631,Current,772127.07,Active
A07126,C01408,Savings,64616.67,Inactive
A07127,C03825,Investment,521745.76,Active
A07128,C08222,Investment,841912.01,Active
A07129,C08711,Investment,831016.91,Active
A07130,C08340,Current,315611.33,Active
A07131,C04153,Current,838280.60,Active
A07132,C01680,Current,15062.45,Active
A07133,C05734,Investment,237690.41,Active
A07134,C00607,Savings,995749.96,Active
A07135,C05485,Current,692313.26,Active
A07136,C06352,Current,78768.98,Active
A07137,C06322,Current,335513.45,Active
A07138,C09849,Current,718544.12,Active
A07139,C03206,Current,115629.85,Active
A07140,C02287,Savings,940746.68,Active
A07141,C07588,Investment,125214.13,Active
A07142,C01323,Investment,51141.67,Active
A07143,C04556,Investment,519321.52,Active
A07144,C08743,Current,443400.12,Active
A07145,C05454,Current,447202.20,Active
A07146,C04754,Investment,645548.18,Active
A07147,C02957,Savings,883564.35,Active
A07148,C02088,Investment,706422.38,Active
A07149,C03950,Current,390836.77,Active
A07150,C04304,Investment,518013.08,Active
A07151,C08405,Investment,10922.15,Active
A07152,C09838,Investment,813171.06,Active
A07153,C02265,Investment,980515.72,Active
A07154,C05172,Investment,273603.97,Active
A07155,C02322,Current,107921.77,Active
A07156,C07639,Savings,625504.01,Active
A07157,C04897,Current,849470.70,Active
A07158,C05697,Investment,542265.73,Active
A07159,C00477,Investment,62223.18,Active
A07160,C00461,Investment,297619.43,Active
A07161,C00896,Current,147897.35,Active
A07162,C04768,Current,720778.04,Active
A07163,C08715,Investment,590664.11,Active
A07164,C04385,Current,759386.01,Active
A07165,C03974,Savings,143166.77,Active
A07166,C04590,Savings,687644.62,Active
A07167,C02831,Current,306409.51,Active
A07168,C09292,Savings,589302.40,Active
A07169,C01311,Savings,139249.71,Active
A07170,C01213,Current,656168.93,Closed
A07171,C08320,Current,79187.80,Active
A07172,C04570,Savings,325381.18,Active
A07173,C06353,Investment,332580.07,Closed
A07174,C08005,Savings,2221.40,Active
A07175,C07406,Current,476629.27,Active
A07176,C00884,Savings,206436.40,Active
A07177,C07061,Savings,476334.49,Active
A07178,C07607,Investment,747213.96,Active
A07179,C06983,Current,955177.17,Inactive
A07180,C05073,Current,272892.90,Active
A07181,C01272,Savings,817223.28,Closed
A07182,C02300,Savings,984395.99,Active
A07183,C05800,Current,243463.45,Active
A07184,C07883,Savings,56070.03,Active
A07185,C05618,Investment,174848.20,Active
A07186,C04549,Current,602911.77,Active
A07187,C08938,Savings,139457.55,Active
A07188,C02232,Investment,665637.96,Active
A07189,C05829,Current,942115.63,Active
A07190,C08515,Savings,735712.87,Active
A07191,C03376,Savings,477708.74,Active
A07192,C01820,Savings,923211.60,Active
A07193,C07658,Savings,663317.55,Active
A07194,C00959,Current,498720.57,Active
A07195,C03055,Current,254404.15,Active
A07196,C05629,Current,736392.08,Inactive
A07197,C05340,Investment,602886.90,Active
A07198,C01690,Savings,839809.31,Active
A07199,C06803,Investment,833990.44,Active
A07200,C00680,Savings,299184.06,Active
A07201,C04845,Current,601785.46,Active
A07202,C03782,Investment,945782.65,Closed
A07203,C08657,Current,371810.74,Active
A07204,C01631,Savings,800515.84,Active
A07205,C05673,Investment,679617.97,Active
A07206,C07803,Savings,378635.29,Active
A07207,C07759,Current,35430.69,Active
A07208,C01163,Investment,155459.46,Active
A07209,C01810,Investment,7689.08,Active
A07210,C07191,Savings,929418.08,Active
A07211,C08968,Savings,489126.07,Active
A07212,C06786,Investment,890959.48,Active
A07213,C05040,Investment,964350.22,Active
A07214,C05127,Investment,710700.71,Active
A07215,C01917,Investment,821847.62,Active
A07216,C04377,Savings,745374.45,Closed
A07217,C03927,Current,414633.47,Active
A07218,C05461,Savings,172990.14,Inactive
A07219,C01979,Investment,472118.84,Active
A07220,C00068,Savings,538044.75,Active
A07221,C02095,Savings,359585.38,Active
A07222,C02734,Savings,542250.41,Active
A07223,C05888,Current,985902.64,Active
A07224,C09360,Investment,31289.82,Active
A07225,C01162,Current,117419.56,Active
A07226,C01510,Current,470693.21,Active
A07227,C04319,Current,824617.00,Inactive
A07228,C01633,Savings,904656.63,Active
A07229,C00721,Current,419295.65,Active
A07230,C06601,Investment,531322.27,Active
A07231,C05982,Current,717253.74,Active
A07232,C02996,Current,948201.52,Active
A07233,C06959,Savings,239385.82,Closed
A07234,C00872,Savings,689030.82,Inactive
A07235,C05575,Savings,394526.66,Closed
A07236,C03265,Savings,742249.41,Active
A07237,C00997,Investment,695301.45,Active
A07238,C04512,Savings,661375.61,Inactive
A07239,C09969,Current,778148.27,Active
A07240,C05144,Current,897431.98,Active
A07241,C06811,Current,467342.26,Active
A07242,C04168,Current,614411.90,Inactive
A07243,C04556,Savings,714569.82,Active
A07244,C00285,Savings,934614.20,Active
A07245,C01798,Savings,760281.87,Closed
A07246,C04311,Savings,447899.11,Active
A07247,C01600,Savings,758168.13,Active
A07248,C02922,Savings,958873.57,Active
A07249,C08884,Investment,223794.67,Active
A07250,C02695,Investment,730585.93,Inactive
A07251,C03426,Investment,236076.54,Active
A07252,C01895,Current,276667.14,Active
A07253,C06634,Current,462357.88,Closed
A07254,C07162,Savings,43257.65,Active
A07255,C00586,Savings,887299.66,Active
A07256,C02009,Investment,897317.73,Active
A07257,C04394,Current,608781.94,Active
A07258,C03527,Investment,954620.05,Closed
A07259,C08327,Investment,578319.89,Active
A07260,C02104,Current,970549.69,Active
A07261,C06372,Savings,87109.03,Active
A07262,C05696,Investment,351631.67,Active
A07263,C00310,Investment,481436.84,Active
A07264,C05546,Current,329165.82,Inactive
A07265,C03474,Savings,509457.49,Active
A07266,C09037,Savings,937781.37,Active
A07267,C08807,Current,275341.18,Active
A07268,C05238,Savings,106297.18,Active
A07269,C08875,Savings,245308.39,Active
A07270,C04888,Savings,549610.84,Active
A07271,C03700,Savings,951147.85,Active
A07272,C05295,Current,46888.39,Active
A07273,C07354,Savings,229310.49,Inactive
A07274,C00623,Savings,48176.10,Active
A07275,C06581,Savings,346653.46,Active
A07276,C09257,Current,83836.38,Active
A07277,C03817,Savings,627395.38,Active
A07278,C06359,Savings,647637.25,Active
A07279,C05138,Current,849466.35,Inactive
A07280,C09796,Investment,703918.49,Active
A07281,C07116,Investment,23013.30,Active
A07282,C07106,Investment,820935.20,Active
A07283,C05889,Current,403525.21,Active
A07284,C01392,Investment,859890.90,Active
A07285,C09457,Savings,863678.72,Active
A07286,C07878,Current,503159.99,Active
A07287,C05916,Investment,809081.80,Active
A07288,C08079,Current,223989.17,Active
A07289,C06184,Savings,113771.26,Active
A07290,C02206,Investment,629844.37,Active
A07291,C09485,Savings,516492.57,Active
A07292,C07781,Current,647140.52,Active
A07293,C03571,Current,901476.35,Active
A07294,C09691,Current,936354.75,Active
A07295,C02779,Savings,29621.51,Active
A07296,C09303,Investment,664699.93,Active
A07297,C05622,Investment,774024.48,Active
A07298,C03247,Current,535167.15,Active
A07299,C09041,Current,368870.88,Active
A07300,C04025,Current,744745.79,Active
A07301,C00643,Investment,518215.62,Active
A07302,C04756,Investment,914903.83,Active
A07303,C01400,Investment,833957.60,Inactive
A07304,C07220,Investment,988546.11,Inactive
A07305,C07250,Investment,783616.19,Active
A07306,C08138,Investment,835483.81,Active
A07307,C03079,Savings,939804.79,Active
A07308,C09125,Savings,386725.91,Active
A07309,C08046,Current,665804.19,Active
A07310,C03702,Current,44416.31,Active
A07311,C08052,Savings,437317.07,Active
A07312,C05233,Current,757100.87,Active
A07313,C07762,Investment,613729.65,Active
A07314,C08659,Savings,18952.84,Active
A07315,C00252,Savings,228433.71,Active
A07316,C02761,Investment,118315.13,Active
A07317,C09647,Savings,256010.28,Active
A07318,C01535,Investment,821136.99,Active
A07319,C09351,Savings,109833.87,Active
A07320,C09152,Investment,879964.40,Active
A07321,C07637,Current,939099.69,Active
A07322,C04093,Investment,448840.79,Active
A07323,C04735,Current,378040.49,Active
A07324,C05084,Current,561314.57,Inactive
A07325,C06117,Investment,635629.90,Active
A07326,C03213,Savings,912192.36,Inactive
A07327,C07261,Current,487899.61,Active
A07328,C09676,Savings,292209.61,Active
A07329,C01945,Investment,185937.50,Active
A07330,C00245,Investment,788561.77,Active
A07331,C08556,Savings,842974.73,Active
A07332,C06916,Savings,566997.18,Active
A07333,C09514,Current,543908.56,Active
A07334,C06177,Current,412017.44,Active
A07335,C01937,Current,729926.09,Active
A07336,C09283,Savings,728977.99,Closed
A07337,C07423,Investment,27786.27,Active
A07338,C06953,Investment,784961.43,Active
A07339,C04857,Investment,733602.60,Active
A07340,C09784,Current,442873.74,Closed
A07341,C09838,Current,490952.61,Active
A07342,C08307,Savings,40197.90,Active
A07343,C00557,Investment,815148.37,Active
A07344,C03149,Investment,731269.49,Active
A07345,C03851,Savings,566366.06,Active
A07346,C04629,Investment,94242.30,Active
A07347,C02879,Current,499259.23,Active
A07348,C05536,Current,53145.03,Active
A07349,C08924,Current,262256.39,Active
A07350,C05889,Savings,82275.97,Active
A07351,C03443,Savings,67643.00,Active
A07352,C05444,Investment,798362.58,Active
A07353,C09565,Savings,799118.22,Active
A07354,C00247,Savings,983200.32,Active
A07355,C02563,Investment,656897.63,Active
A07356,C08191,Current,618878.52,Active
A07357,C08390,Investment,537942.17,Active
A07358,C00523,Current,598855.82,Active
A07359,C01122,Investment,672635.02,Active
A07360,C00167,Current,128269.86,Active
A07361,C01362,Current,741143.65,Active
A07362,C05023,Current,625028.39,Active
A07363,C08062,Current,893018.66,Active
A07364,C08945,Current,541692.65,Active
A07365,C02033,Savings,703557.90,Active
A07366,C02595,Current,610038.14,Active
A07367,C09597,Current,240368.60,Active
A07368,C06123,Investment,858479.07,Closed
A07369,C04107,Savings,418132.63,Active
A07370,C06420,Current,179320.91,Active
A07371,C09943,Current,164788.85,Active
A07372,C00931,Savings,890517.55,Active
A07373,C01656,Current,874672.20,Active
A07374,C07354,Savings,63961.00,Inactive
A07375,C01256,Investment,465627.18,Active
A07376,C00119,Current,786249.39,Active
A07377,C09377,Investment,159538.85,Inactive
A07378,C07805,Savings,910145.56,Inactive
A07379,C09017,Investment,977335.78,Active
A07380,C01291,Savings,105530.07,Active
A07381,C06515,Savings,313866.80,Active
A07382,C05120,Current,109876.79,Inactive
A07383,C01473,Current,238684.14,Active
A07384,C07905,Investment,257506.14,Active
A07385,C06680,Current,364850.04,Active
A07386,C03004,Savings,859519.15,Inactive
A07387,C05575,Current,587419.36,Active
A07388,C04943,Investment,620079.38,Active
A07389,C06729,Current,194192.06,Active
A07390,C06257,Savings,233462.23,Active
A07391,C05042,Investment,400217.01,Active
A07392,C07315,Current,262648.08,Active
A07393,C05195,Investment,2438.42,Closed
A07394,C01436,Current,366526.39,Active
A07395,C07554,Savings,807259.04,Active
A07396,C06997,Investment,779956.30,Active
A07397,C08312,Investment,99985.37,Active
A07398,C04338,Savings,309629.19,Active
A07399,C04490,Current,548009.78,Active
A07400,C09568,Savings,685391.90,Active
A07401,C05671,Savings,571169.80,Active
A07402,C03217,Current,735136.72,Active
A07403,C08532,Current,40237.44,Inactive
A07404,C03419,Investment,154263.05,Active
A07405,C06620,Current,99228.47,Inactive
A07406,C02373,Current,86710.37,Active
A07407,C09550,Savings,865758.63,Active
A07408,C04592,Savings,966006.29,Active
A07409,C07735,Investment,26849.71,Active
A07410,C01606,Investment,801038.38,Active
A07411,C05938,Savings,929889.03,Active
A07412,C06279,Savings,239896.18,Active
A07413,C02481,Investment,244631.29,Closed
A07414,C06407,Savings,318513.16,Closed
A07415,C02198,Investment,429067.45,Active
A07416,C01962,Savings,982372.59,Inactive
A07417,C09954,Savings,708576.89,Closed
A07418,C01772,Savings,511351.88,Active
A07419,C03472,Savings,883917.15,Active
A07420,C03916,Investment,113562.08,Active
A07421,C02785,Current,364690.20,Active
A07422,C09348,Savings,494065.29,Active
A07423,C09390,Current,8862.14,Active
A07424,C01399,Savings,472876.07,Active
A07425,C02447,Savings,229169.42,Closed
A07426,C05346,Investment,123747.14,Active
A07427,C05921,Savings,83235.83,Active
A07428,C05771,Current,168401.11,Active
A07429,C07544,Investment,-100000.00,Active
A07430,C05801,Investment,829148.81,Active
A07431,C04468,Investment,929630.76,Inactive
A07432,C00460,Investment,254432.16,Active
A07433,C07313,Investment,496931.75,Active
A07434,C07031,Investment,166626.30,Active
A07435,C08819,Savings,78442.52,Active
A07436,C04756,Current,386779.52,Active
A07437,C01586,Current,195396.43,Active
A07438,C07999,Savings,212721.86,Active
A07439,C04667,Investment,866722.88,Closed
A07440,C07196,Savings,142369.26,Active
A07441,C03567,Savings,958044.13,Active
A07442,C07091,Savings,453542.51,Inactive
A07443,C03520,Current,512932.67,Active
A07444,C05578,Current,104923.73,Active
A07445,C02235,Investment,778077.15,Inactive
A07446,C08872,Current,477338.59,Active
A07447,C04547,Current,466130.98,Active
A07448,C07255,Current,312873.77,Active
A07449,C01278,Savings,344840.45,Active
A07450,C00551,Current,691706.70,Active
A07451,C05732,Savings,177416.86,Active
A07452,C02101,Current,299607.33,Active
A07453,C08809,Savings,278479.90,Active
A07454,C09450,Investment,369675.54,Inactive
A07455,C09014,Investment,697669.17,Active
A07456,C05213,Current,494605.87,Active
A07457,C01981,Investment,322921.94,Active
A07458,C07012,Current,178749.58,Active
A07459,C00009,Savings,706211.53,Inactive
A07460,C03068,Savings,301453.85,Active
A07461,C07350,Current,988890.97,Active
A07462,C04674,Investment,926100.12,Active
A07463,C08487,Current,584881.15,Active
A07464,C01920,Current,172725.45,Active
A07465,C03895,Savings,323398.97,Active
A07466,C02188,Investment,52281.14,Closed
A07467,C00772,Investment,176420.20,Active
A07468,C08229,Savings,594375.13,Active
A07469,C02990,Savings,998179.97,Active
A07470,C02120,Current,177759.05,Active
A07471,C09722,Current,767538.99,Active
A07472,C05661,Investment,259965.99,Active
A07473,C03467,Savings,730026.27,Active
A07474,C09520,Savings,587892.42,Closed
A07475,C00185,Savings,315832.45,Active
A07476,C02750,Savings,479713.95,Active
A07477,C02232,Current,837687.27,Active
A07478,C09350,Investment,900355.32,Active
A07479,C04107,Savings,169669.18,Active
A07480,C03802,Savings,840898.74,Active
A07481,C09027,Savings,855822.94,Active
A07482,C00527,Savings,233743.97,Active
A07483,C01706,Current,106695.35,Active
A07484,C06223,Investment,328434.98,Active
A07485,C00222,Investment,510583.16,Closed
A07486,C09594,Current,822017.28,Active
A07487,C00819,Investment,327238.24,Inactive
A07488,C01381,Savings,141149.61,Inactive
A07489,C06827,Current,962386.69,Active
A07490,C09381,Investment,623567.86,Active
A07491,C04748,Investment,281378.35,Active
A07492,C07243,Savings,373907.07,Active
A07493,C01024,Savings,406349.80,Active
A07494,C08206,Investment,488860.14,Active
A07495,C05635,Investment,673485.06,Active
A07496,C00351,Savings,146845.00,Active
A07497,C06981,Investment,280004.98,Active
A07498,C04409,Savings,698950.37,Closed
A07499,C07235,Investment,921173.52,Active
A07500,C08033,Savings,335875.17,Closed
A07501,C03017,Investment,821990.32,Active
A07502,C05567,Investment,621232.29,Inactive
A07503,C05309,Current,82639.44,Active
A07504,C07198,Investment,869668.78,Active
A07505,C00729,Current,984900.52,Active
A07506,C01368,Investment,644566.13,Active
A07507,C00772,Savings,367137.54,Active
A07508,C03650,Current,624447.63,Active
A07509,C07704,Savings,202793.20,Active
A07510,C05545,Investment,87570.33,Active
A07511,C08902,Investment,986215.80,Active
A07512,C01806,Investment,649412.03,Active
A07513,C08880,Current,57414.63,Active
A07514,C05618,Current,146630.29,Inactive
A07515,C01899,Savings,844236.05,Active
A07516,C08196,Investment,806080.36,Active
A07517,C09788,Investment,894564.84,Active
A07518,C06331,Current,671742.40,Active
A07519,C07797,Savings,233543.67,Active
A07520,C06932,Current,549168.25,Active
A07521,C01445,Savings,789230.02,Inactive
A07522,C00381,Investment,1612.40,Active
A07523,C08960,Savings,890692.84,Active
A07524,C00079,Current,248768.49,Active
A07525,C04485,Current,235967.56,Active
A07526,C04351,Investment,823211.00,Active
A07527,C08419,Investment,625750.14,Active
A07528,C09491,Current,501084.65,Active
A07529,C05337,Savings,990858.91,Active
A07530,C05675,Current,872641.62,Active
A07531,C09144,Savings,892613.12,Inactive
A07532,C04420,Current,602847.26,Active
A07533,C09740,Savings,29590.66,Closed
A07534,C04470,Savings,524987.82,Active
A07535,C01139,Savings,955997.33,Active
A07536,C05340,Current,613611.49,Active
A07537,C08779,Investment,216729.66,Inactive
A07538,C03124,Savings,398169.84,Active
A07539,C02760,Current,799432.81,Active
A07540,C03894,Investment,49136.35,Active
A07541,C05518,Investment,818853.65,Active
A07542,C07056,Current,21558.85,Active
A07543,C06153,Current,111148.57,Active
A07544,C07236,Investment,376470.86,Active
A07545,C05342,Investment,163054.83,Active
A07546,C08853,Current,328832.30,Active
A07547,C04740,Investment,272262.73,Active
A07548,C08733,Savings,594355.70,Active
A07549,C05970,Investment,435187.95,Active
A07550,C05444,Current,884502.37,Closed
A07551,C04191,Current,955503.38,Active
A07552,C02422,Current,517693.06,Active
A07553,C02036,Savings,469492.36,Inactive
A07554,C09141,Current,993262.72,Active
A07555,C03905,Savings,59866.89,Active
A07556,C00653,Investment,815653.72,Active
A07557,C08606,Savings,464771.60,Active
A07558,C04090,Investment,173629.32,Active
A07559,C08702,Investment,114858.72,Active
A07560,C01906,Savings,737987.57,Active
A07561,C01614,Current,851436.74,Active
A07562,C07371,Investment,859800.20,Active
A07563,C04314,Current,468828.26,Active
A07564,C00319,Savings,254706.52,Active
A07565,C02277,Current,608657.61,Inactive
A07566,C05171,Current,93370.77,Active
A07567,C04887,Current,545518.11,Active
A07568,C07217,Investment,664916.79,Active
A07569,C01438,Investment,391554.50,Active
A07570,C00293,Savings,986373.97,Active
A07571,C04336,Savings,693019.75,Active
A07572,C00352,Current,304217.29,Active
A07573,C05100,Investment,423355.86,Active
A07574,C06130,Savings,828427.02,Active
A07575,C04034,Investment,903360.10,Active
A07576,C03557,Investment,976179.99,Active
A07577,C00789,Current,900777.99,Active
A07578,C06592,Current,357267.99,Active
A07579,C04207,Investment,298209.03,Active
A07580,C03943,Savings,837927.12,Active
A07581,C07878,Investment,594132.78,Active
A07582,C05688,Investment,66635.20,Closed
A07583,C04546,Current,757347.82,Active
A07584,C07171,Investment,234550.37,Active
A07585,C00699,Investment,797632.76,Active
A07586,C08382,Savings,874521.83,Active
A07587,C02397,Current,120642.49,Active
A07588,C06802,Savings,207110.88,Inactive
A07589,C03751,Current,181029.98,Active
A07590,C01391,Current,997389.85,Closed
A07591,C02841,Current,343968.34,Active
A07592,C03343,Savings,793172.70,Active
A07593,C03112,Current,656029.51,Active
A07594,C02238,Current,920503.02,Inactive
A07595,C01348,Investment,987305.33,Closed
A07596,C09025,Savings,214618.70,Active
A07597,C02173,Investment,628128.45,Active
A07598,C02721,Current,862377.95,Active
A07599,C00706,Current,830176.94,Inactive
A07600,C06539,Current,734482.45,Active
A07601,C07425,Savings,544998.36,Active
A07602,C06099,Savings,233216.76,Active
A07603,C05573,Current,295723.26,Active
A07604,C05305,Current,178527.63,Active
A07605,C09103,Current,340145.11,Active
A07606,C08341,Current,543383.52,Inactive
A07607,C03880,Savings,379318.69,Active
A07608,C01815,Current,150962.00,Active
A07609,C09617,Current,254159.16,Closed
A07610,C07649,Savings,378828.51,Active
A07611,C03429,Investment,48098.43,Closed
A07612,C02638,Savings,434609.47,Closed
A07613,C08414,Savings,466885.10,Active
A07614,C02555,Savings,831986.25,Active
A07615,C05479,Current,489868.62,Closed
A07616,C01436,Savings,947972.85,Active
A07617,C01646,Savings,104738.79,Active
A07618,C03196,Current,16201.62,Active
A07619,C07687,Investment,713626.99,Active
A07620,C04983,Current,993790.08,Active
A07621,C05992,Current,895609.56,Active
A07622,C09535,Investment,377441.03,Active
A07623,C06734,Current,833452.64,Active
A07624,C02013,Investment,137200.43,Active
A07625,C06010,Investment,971565.56,Active
A07626,C02002,Investment,979532.76,Active
A07627,C06237,Current,979510.95,Active
A07628,C02830,Savings,994448.65,Active
A07629,C02138,Savings,293258.40,Active
A07630,C03785,Current,92469.68,Closed
A07631,C05098,Savings,988059.14,Active
A07632,C03156,Investment,799628.74,Closed
A07633,C05827,Savings,811280.50,Active
A07634,C07400,Investment,743956.16,Inactive
A07635,C01083,Savings,317415.39,Closed
A07636,C02650,Current,752206.54,Active
A07637,C09477,Savings,725709.75,Active
A07638,C07720,Current,630923.51,Active
A07639,C01911,Investment,773324.91,Active
A07640,C04024,Savings,41071.07,Active
A07641,C01880,Savings,955795.29,Active
A07642,C06429,Savings,49002.59,Active
A07643,C00768,Current,585816.18,Active
A07644,C06842,Investment,810953.65,Active
A07645,C01458,Savings,201035.93,Active
A07646,C05871,Savings,472704.50,Active
A07647,C02220,Current,772746.37,Active
A07648,C03770,Investment,905934.29,Active
A07649,C00134,Savings,341194.48,Active
A07650,C05039,Current,529275.89,Active
A07651,C00365,Current,773179.59,Active
A07652,C07139,Current,463188.56,Active
A07653,C05153,Current,214125.02,Active
A07654,C09767,Savings,554574.88,Active
A07655,C06942,Savings,762802.74,Active
A07656,C04841,Current,684048.44,Active
A07657,C04287,Investment,703690.68,Closed
A07658,C01079,Savings,406803.68,Active
A07659,C04348,Investment,806587.72,Active
A07660,C01975,Investment,158976.26,Active
A07661,C04368,Investment,271753.33,Active
A07662,C04745,Current,454644.83,Active
A07663,C04950,Investment,304462.61,Active
A07664,C06473,Investment,791270.61,Active
A07665,C04936,Current,81295.59,Active
A07666,C01935,Investment,368612.33,Active
A07667,C09608,Savings,257467.44,Active
A07668,C00909,Current,65151.44,Active
A07669,C09492,Savings,270548.62,Inactive
A07670,C02125,Current,403817.04,Active
A07671,C06498,Savings,941884.14,Active
A07672,C09849,Current,323247.88,Active
A07673,C02414,Current,724668.96,Active
A07674,C03408,Current,173618.84,Closed
A07675,C06771,Current,441958.66,Inactive
A07676,C03568,Savings,943866.99,Closed
A07677,C07551,Investment,27363.88,Inactive
A07678,C03504,Current,400933.29,Active
A07679,C00834,Investment,479398.31,Closed
A07680,C03476,Investment,116636.87,Active
A07681,C09539,Savings,549456.10,Active
A07682,C09248,Savings,510574.84,Active
A07683,C05251,Savings,442969.67,Active
A07684,C04971,Investment,638924.29,Active
A07685,C00179,Current,37769.87,Active
A07686,C05665,Savings,685002.09,Active
A07687,C02181,Current,969215.66,Active
A07688,C06668,Savings,72327.24,Inactive
A07689,C06434,Savings,675239.75,Inactive
A07690,C02903,Current,230813.53,Active
A07691,C02018,Current,269860.97,Active
A07692,C05750,Savings,709751.69,Inactive
A07693,C09712,Investment,452939.32,Active
A07694,C00574,Savings,296756.87,Active
A07695,C03481,Savings,544549.54,Active
A07696,C04652,Current,799914.50,Active
A07697,C02332,Savings,74321.96,Active
A07698,C08540,Investment,960186.13,Active
A07699,C01641,Savings,79823.40,Closed
A07700,C05864,Investment,245800.92,Active
A07701,C08527,Investment,712780.18,Active
A07702,C09272,Investment,152856.37,Inactive
A07703,C02483,Investment,40542.72,Active
A07704,C05059,Savings,809603.19,Active
A07705,C09702,Current,46582.34,Active
A07706,C06617,Investment,202120.84,Active
A07707,C09056,Savings,378771.39,Active
A07708,C04744,Savings,683994.79,Active
A07709,C00118,Investment,945105.05,Active
A07710,C07992,Savings,328414.60,Inactive
A07711,C09509,Investment,410097.64,Active
A07712,C09793,Current,591633.10,Active
A07713,C02313,Savings,218169.18,Active
A07714,C03095,Savings,119046.87,Active
A07715,C04137,Investment,995877.34,Active
A07716,C04235,Current,430105.07,Active
A07717,C01009,Current,476094.61,Active
A07718,C07122,Current,291179.84,Active
A07719,C01415,Current,515505.37,Active
A07720,C01214,Investment,727407.36,Inactive
A07721,C05415,Investment,494288.30,Active
A07722,C05686,Current,320946.97,Active
A07723,C01652,Current,810658.82,Inactive
A07724,C09038,Current,879347.65,Active
A07725,C00014,Savings,388121.80,Inactive
A07726,C04672,Current,14729.88,Closed
A07727,C03417,Investment,392422.56,Active
A07728,C02438,Investment,503390.38,Active
A07729,C09448,Savings,960892.13,Active
A07730,C08718,Investment,967812.26,Active
A07731,C06658,Current,505933.72,Active
A07732,C01605,Savings,400516.51,Active
A07733,C02950,Investment,345139.36,Closed
A07734,C03206,Savings,314696.66,Active
A07735,C06968,Savings,948611.87,Inactive
A07736,C01567,Current,829136.60,Inactive
A07737,C03827,Investment,445722.30,Active
A07738,C02653,Current,912294.46,Active
A07739,C00480,Savings,875077.26,Active
A07740,C05727,Savings,184021.97,Active
A07741,C00077,Current,570554.20,Closed
A07742,C09865,Current,474212.24,Active
A07743,C01366,Savings,931114.75,Active
A07744,C09597,Savings,938410.94,Active
A07745,C00406,Investment,359421.19,Active
A07746,C04849,Investment,757361.21,Active
A07747,C00722,Current,105644.88,Active
A07748,C01712,Current,7341.19,Active
A07749,C08491,Current,488473.43,Active
A07750,C05723,Savings,323945.57,Inactive
A07751,C09993,Investment,830258.27,Active
A07752,C01879,Investment,200329.35,Active
A07753,C09541,Savings,628924.60,Active
A07754,C08578,Current,674624.79,Active
A07755,C07827,Current,689934.02,Active
A07756,C09533,Current,471475.97,Active
A07757,C01640,Current,103372.52,Active
A07758,C09445,Savings,767397.98,Inactive
A07759,C04948,Savings,467801.25,Inactive
A07760,C06227,Current,821594.53,Active
A07761,C01679,Current,336789.95,Active
A07762,C04587,Current,735250.06,Active
A07763,C07222,Investment,344189.42,Active
A07764,C07263,Savings,378533.81,Active
A07765,C01116,Investment,983315.95,Active
A07766,C06633,Investment,369684.91,Active
A07767,C02266,Current,71796.09,Active
A07768,C07050,Investment,494432.60,Active
A07769,C02686,Current,407362.62,Active
A07770,C03343,Savings,325322.35,Active
A07771,C01342,Savings,166365.40,Inactive
A07772,C09121,Investment,203909.82,Active
A07773,C04390,Investment,667280.71,Active
A07774,C01255,Savings,85753.41,Active
A07775,C00745,Savings,647301.39,Active
A07776,C07659,Current,700568.59,Active
A07777,C05134,Investment,475599.62,Active
A07778,C09635,Current,886232.20,Active
A07779,C08203,Savings,186911.89,Active
A07780,C04220,Current,803862.89,Active
A07781,C04304,Current,749781.88,Active
A07782,C00411,Investment,498553.76,Active
A07783,C07559,Investment,644114.58,Active
A07784,C04411,Investment,193883.20,Active
A07785,C02681,Current,275237.16,Active
A07786,C07567,Savings,947380.12,Active
A07787,C01771,Investment,319086.54,Active
A07788,C04788,Current,406285.01,Active
A07789,C02157,Savings,484307.42,Active
A07790,C09367,Current,149975.85,Active
A07791,C03859,Investment,117019.15,Inactive
A07792,C07171,Savings,509264.56,Active
A07793,C03946,Savings,827943.53,Active
A07794,C04533,Current,231350.37,Active
A07795,C05897,Savings,549388.91,Active
A07796,C00334,Investment,201928.74,Active
A07797,C05279,Current,700754.16,Active
A07798,C00753,Savings,557567.53,Active
A07799,C02518,Current,518015.74,Active
A07800,C02161,Investment,379157.22,Closed
A07801,C04521,Investment,896910.16,Active
A07802,C04806,Current,599867.03,Active
A07803,C07467,Current,82863.49,Active
A07804,C08038,Investment,605987.68,Active
A07805,C00294,Current,22044.06,Active
A07806,C02117,Savings,683774.43,Active
A07807,C00267,Savings,682251.50,Active
A07808,C07743,Investment,9554.50,Active
A07809,C09049,Savings,626240.14,Active
A07810,C05137,Savings,5761.68,Active
A07811,C02966,Savings,121822.13,Active
A07812,C01696,Current,623806.80,Active
A07813,C05247,Investment,819460.33,Active
A07814,C02860,Investment,896329.73,Active
A07815,C08109,Savings,226276.48,Active
A07816,C04390,Savings,898714.99,Inactive
A07817,C00949,Investment,215064.27,Active
A07818,C01335,Current,757685.21,Active
A07819,C09747,Current,542401.68,Active
A07820,C02689,Savings,686078.21,Active
A07821,C02892,Investment,939496.97,Active
A07822,C06475,Savings,602116.83,Active
A07823,C01329,Savings,508807.89,Active
A07824,C08340,Current,197610.24,Inactive
A07825,C01818,Savings,643528.86,Active
A07826,C05211,Investment,945015.65,Inactive
A07827,C01322,Current,345394.94,Active
A07828,C04947,Current,447152.36,Active
A07829,C00457,Investment,52219.47,Active
A07830,C08453,Investment,918468.67,Active
A07831,C08068,Current,772499.41,Active
A07832,C02869,Investment,343892.91,Active
A07833,C07413,Savings,32810.91,Active
A07834,C08440,Current,648103.79,Active
A07835,C07176,Current,846763.44,Active
A07836,C00826,Savings,400757.49,Active
A07837,C09024,Savings,2967.12,Closed
A07838,C07988,Savings,954970.33,Active
A07839,C06256,Current,760693.30,Closed
A07840,C05829,Investment,519290.83,Inactive
A07841,C01534,Investment,733865.93,Active
A07842,C07665,Savings,227059.11,Active
A07843,C03644,Investment,212659.96,Active
A07844,C09664,Savings,185163.00,Active
A07845,C09702,Current,781547.02,Active
A07846,C07157,Investment,731674.90,Active
A07847,C07513,Current,762299.84,Closed
A07848,C02766,Current,939172.92,Inactive
A07849,C01963,Savings,743392.24,Inactive
A07850,C07560,Investment,632352.54,Active
A07851,C08864,Savings,879416.82,Active
A07852,C05787,Savings,160736.32,Active
A07853,C07448,Current,427265.83,Inactive
A07854,C04022,Current,152076.55,Active
A07855,C00373,Savings,113227.18,Active
A07856,C05409,Current,693843.43,Active
A07857,C04822,Current,248548.10,Active
A07858,C06859,Current,715757.27,Inactive
A07859,C04267,Investment,605247.00,Active
A07860,C08325,Investment,987766.77,Active
A07861,C08044,Savings,701291.23,Active
A07862,C08056,Investment,896297.37,Active
A07863,C08442,Savings,235807.12,Active
A07864,C04692,Investment,848894.89,Active
A07865,C00032,Savings,560499.33,Active
A07866,C01977,Investment,480336.26,Closed
A07867,C05246,Investment,313667.81,Active
A07868,C03211,Investment,625759.62,Active
A07869,C03766,Investment,943252.09,Inactive
A07870,C03120,Current,270203.39,Active
A07871,C04085,Current,735921.14,Active
A07872,C09359,Current,796200.12,Active
A07873,C04433,Investment,899389.73,Active
A07874,C08937,Savings,771383.95,Active
A07875,C05980,Investment,847910.04,Active
A07876,C03741,Savings,694507.40,Active
A07877,C02182,Current,525657.72,Active
A07878,C02348,Investment,236050.72,Active
A07879,C09422,Investment,396709.03,Inactive
A07880,C01543,Investment,39954.55,Active
A07881,C04530,Current,830653.70,Active
A07882,C03220,Savings,768611.30,Active
A07883,C06349,Investment,68333.91,Active
A07884,C04218,Investment,393535.59,Active
A07885,C06224,Investment,612715.22,Active
A07886,C06668,Current,273293.16,Active
A07887,C01053,Savings,546162.41,Active
A07888,C01734,Current,263460.53,Active
A07889,C02872,Current,334905.41,Active
A07890,C00242,Investment,103375.07,Active
A07891,C00762,Investment,494834.51,Active
A07892,C04939,Savings,854421.50,Active
A07893,C02644,Investment,731998.16,Inactive
A07894,C02945,Current,691604.67,Active
A07895,C02593,Savings,687558.73,Active
A07896,C02754,Current,778799.46,Active
A07897,C02412,Savings,69971.77,Active
A07898,C04365,Savings,287898.30,Active
A07899,C06287,Savings,542597.62,Active
A07900,C07195,Current,794829.81,Active
A07901,C07621,Current,466692.42,Active
A07902,C08339,Investment,275835.48,Active
A07903,C03092,Investment,924928.07,Closed
A07904,C05430,Investment,906500.99,Active
A07905,C00999,Investment,381604.36,Active
A07906,C04253,Investment,647087.89,Closed
A07907,C09757,Investment,490253.08,Active
A07908,C04757,Current,788847.51,Active
A07909,C09256,Savings,763519.01,Active
A07910,C03163,Current,768757.55,Active
A07911,C09782,Savings,914163.04,Closed
A07912,C01055,Savings,782314.25,Active
A07913,C07900,Investment,471418.19,Active
A07914,C01916,Investment,831937.18,Active
A07915,C06695,Savings,477122.56,Active
A07916,C09615,Investment,485183.60,Active
A07917,C03405,Savings,186783.91,Active
A07918,C08442,Savings,624868.26,Active
A07919,C02460,Savings,475265.70,Inactive
A07920,C04770,Current,265825.31,Active
A07921,C04647,Current,912270.12,Inactive
A07922,C07270,Investment,913732.41,Active
A07923,C02863,Current,283407.64,Active
A07924,C07532,Savings,456147.70,Active
A07925,C06422,Investment,388098.22,Active
A07926,C09468,Investment,261588.26,Inactive
A07927,C06160,Savings,219480.90,Active
A07928,C08715,Savings,191880.54,Active
A07929,C09189,Savings,317831.98,Active
A07930,C03348,Savings,545060.68,Active
A07931,C08090,Investment,30052.42,Active
A07932,C08197,Savings,177002.95,Active
A07933,C02644,Current,218041.74,Active
A07934,C09100,Savings,365974.93,Active
A07935,C00551,Savings,960103.71,Active
A07936,C02793,Investment,325307.62,Active
A07937,C01674,Investment,200577.89,Active
A07938,C02139,Investment,865368.48,Active
A07939,C07984,Investment,184104.42,Active
A07940,C08193,Current,29034.36,Inactive
A07941,C02749,Current,885862.51,Active
A07942,C00707,Current,246323.51,Active
A07943,C01140,Investment,157489.63,Active
A07944,C01929,Savings,292338.60,Inactive
A07945,C06510,Investment,419489.25,Inactive
A07946,C07643,Investment,207022.40,Active
A07947,C01598,Current,170320.95,Active
A07948,C00823,Investment,609791.25,Inactive
A07949,C07792,Current,81290.69,Active
A07950,C08767,Current,530916.14,Active
A07951,C01667,Investment,595865.59,Active
A07952,C09231,Investment,858278.87,Closed
A07953,C09120,Current,813339.42,Active
A07954,C02513,Savings,509242.89,Closed
A07955,C06989,Current,250488.49,Active
A07956,C01494,Investment,263110.58,Active
A07957,C06606,Investment,290740.02,Active
A07958,C09535,Savings,694315.77,Active
A07959,C01626,Savings,835824.76,Active
A07960,C02861,Investment,453340.17,Active
A07961,C09968,Investment,474370.28,Active
A07962,C05566,Current,785611.17,Active
A07963,C05258,Savings,129631.34,Active
A07964,C04072,Investment,811949.69,Active
A07965,C03026,Current,169573.33,Active
A07966,C04677,Investment,779218.07,Active
A07967,C05159,Investment,12874.59,Active
A07968,C07421,Investment,317880.78,Active
A07969,C04119,Current,469944.63,Active
A07970,C03895,Investment,375787.50,Active
A07971,C08523,Savings,563972.77,Closed
A07972,C05233,Savings,407705.55,Active
A07973,C06565,Current,181837.20,Active
A07974,C04898,Savings,609274.28,Active
A07975,C00631,Current,209416.26,Active
A07976,C02783,Investment,962882.57,Active
A07977,C06393,Current,533275.85,Active
A07978,C01130,Current,634783.83,Active
A07979,C04976,Current,26353.29,Active
A07980,C09751,Savings,912950.27,Active
A07981,C06265,Current,20310.28,Active
A07982,C08563,Current,560844.04,Active
A07983,C04445,Investment,180423.33,Active
A07984,C03669,Current,713407.82,Active
A07985,C02192,Savings,837568.17,Active
A07986,C05842,Savings,82925.90,Active
A07987,C04917,Investment,635106.98,Active
A07988,C03976,Investment,735532.42,Active
A07989,C04149,Current,963625.97,Active
A07990,C04307,Savings,337944.72,Active
A07991,C07978,Current,606625.67,Active
A07992,C02630,Current,929341.95,Active
A07993,C00547,Investment,673667.12,Active
A07994,C06506,Savings,924362.42,Active
A07995,C04112,Current,682488.80,Closed
A07996,C01704,Savings,422413.45,Active
A07997,C08773,Investment,609076.72,Active
A07998,C05489,Investment,814523.37,Active
A07999,C07746,Investment,601473.16,Active
A08000,C08829,Investment,839295.33,Active
A08001,C06870,Investment,635307.40,Active
A08002,C05408,Savings,105782.97,Active
A08003,C08313,Investment,445941.06,Active
A08004,C07779,Savings,791432.07,Active
A08005,C07416,Investment,764946.10,Active
A08006,C07560,Current,895482.97,Inactive
A08007,C07572,Savings,397428.96,Active
A08008,C05602,Investment,339948.76,Active
A08009,C03127,Current,540754.43,Active
A08010,C06787,Current,753035.24,Active
A08011,C02731,Current,706320.94,Active
A08012,C01163,Investment,824529.26,Active
A08013,C02464,Current,454488.96,Inactive
A08014,C05641,Current,162693.76,Active
A08015,C09249,Investment,82191.22,Active
A08016,C06021,Savings,451143.44,Active
A08017,C02449,Savings,46042.42,Active
A08018,C06522,Savings,816610.30,Active
A08019,C04548,Investment,926296.34,Active
A08020,C06584,Investment,309757.18,Active
A08021,C02633,Savings,485368.10,Active
A08022,C08827,Savings,515724.96,Active
A08023,C03685,Savings,654274.77,Active
A08024,C04080,Investment,155512.50,Inactive
A08025,C08376,Current,931116.13,Active
A08026,C08220,Investment,174683.81,Active
A08027,C06453,Current,435337.34,Active
A08028,C08192,Investment,449010.52,Active
A08029,C01437,Savings,567828.36,Active
A08030,C08798,Savings,1120.17,Active
A08031,C02750,Investment,418715.98,Active
A08032,C01476,Current,561165.92,Active
A08033,C08380,Current,796360.30,Active
A08034,C09509,Savings,392088.27,Closed
A08035,C08097,Investment,486774.84,Active
A08036,C00058,Savings,863743.34,Active
A08037,C04834,Savings,355114.98,Active
A08038,C02526,Savings,813171.59,Active
A08039,C05924,Savings,369056.95,Active
A08040,C09593,Savings,976230.37,Active
A08041,C09705,Current,864441.02,Active
A08042,C01905,Current,168053.01,Active
A08043,C03112,Savings,530989.99,Active
A08044,C00794,Current,882826.23,Active
A08045,C07185,Current,754748.51,Inactive
A08046,C05055,Current,20709.05,Active
A08047,C09161,Current,266065.62,Active
A08048,C05300,Savings,456312.46,Active
A08049,C03313,Savings,928720.69,Closed
A08050,C03648,Savings,856937.18,Inactive
A08051,C03708,Current,598946.94,Active
A08052,C01689,Current,287432.59,Active
A08053,C03626,Current,349087.74,Active
A08054,C06223,Current,561567.64,Active
A08055,C06300,Investment,685615.26,Active
A08056,C03107,Investment,718410.99,Active
A08057,C03157,Investment,131532.95,Active
A08058,C00527,Savings,812408.68,Active
A08059,C06769,Savings,887223.80,Active
A08060,C05830,Investment,666733.45,Active
A08061,C02313,Savings,658054.94,Active
A08062,C09286,Savings,263285.07,Active
A08063,C09662,Current,130059.01,Active
A08064,C05520,Investment,365960.64,Inactive
A08065,C01376,Investment,388248.71,Active
A08066,C07996,Savings,337399.61,Closed
A08067,C04751,Current,361467.42,Active
A08068,C09300,Savings,260530.44,Active
A08069,C01153,Savings,137688.71,Active
A08070,C03356,Investment,545733.36,Active
A08071,C07407,Savings,247645.08,Active
A08072,C07038,Savings,847810.63,Inactive
A08073,C01093,Savings,956252.13,Active
A08074,C00101,Savings,287014.93,Active
A08075,C09974,Current,354318.46,Active
A08076,C00991,Investment,285129.50,Active
A08077,C04909,Savings,347703.21,Inactive
A08078,C07102,Investment,517698.78,Active
A08079,C02996,Savings,617713.45,Closed
A08080,C05280,Current,283928.35,Active
A08081,C01451,Savings,347844.10,Inactive
A08082,C08158,Savings,600957.09,Active
A08083,C03548,Investment,867619.83,Active
A08084,C09395,Savings,466161.50,Active
A08085,C06225,Current,679855.32,Active
A08086,C02322,Investment,241097.25,Active
A08087,C03079,Investment,633077.75,Active
A08088,C05469,Savings,462656.21,Active
A08089,C02274,Savings,304861.45,Active
A08090,C00653,Current,521537.17,Active
A08091,C07319,Current,130628.28,Inactive
A08092,C02787,Current,343518.04,Active
A08093,C07538,Investment,307663.05,Active
A08094,C02556,Investment,819191.93,Active
A08095,C02643,Savings,337963.56,Active
A08096,C03412,Current,529964.42,Active
A08097,C02244,Savings,856983.30,Active
A08098,C06732,Current,424614.73,Active
A08099,C00490,Savings,530699.96,Active
A08100,C05354,Investment,295845.60,Inactive
A08101,C08871,Current,695434.43,Active
A08102,C09582,Current,106016.36,Active
A08103,C01982,Investment,931260.83,Active
A08104,C04431,Savings,218597.46,Active
A08105,C00709,Investment,539864.15,Active
A08106,C09625,Savings,820127.11,Active
A08107,C09502,Current,697178.93,Active
A08108,C08668,Current,877269.89,Active
A08109,C04780,Investment,527202.55,Active
A08110,C08543,Investment,303873.96,Active
A08111,C03033,Current,440404.88,Active
A08112,C07661,Current,366846.80,Active
A08113,C04805,Current,968929.71,Active
A08114,C08098,Current,341935.48,Active
A08115,C03444,Savings,803918.50,Active
A08116,C06682,Current,312823.21,Active
A08117,C03065,Savings,91083.01,Active
A08118,C05822,Savings,191707.54,Active
A08119,C04500,Investment,547960.47,Active
A08120,C04715,Savings,746970.01,Active
A08121,C03644,Investment,318799.97,Inactive
A08122,C07364,Investment,221191.24,Active
A08123,C00832,Current,589999.00,Active
A08124,C03493,Current,147403.39,Active
A08125,C01114,Current,338597.85,Active
A08126,C03574,Investment,467492.38,Active
A08127,C07916,Current,650528.53,Active
A08128,C07118,Current,976505.10,Active
A08129,C02341,Current,882597.45,Active
A08130,C05836,Current,923863.91,Active
A08131,C06364,Investment,587191.83,Active
A08132,C09081,Investment,489842.18,Active
A08133,C04012,Investment,492128.24,Active
A08134,C05255,Investment,931002.45,Inactive
A08135,C05112,Investment,864293.25,Inactive
A08136,C08586,Investment,200220.07,Active
A08137,C06715,Savings,624437.58,Active
A08138,C00387,Current,396432.49,Active
A08139,C05688,Current,364449.28,Active
A08140,C08090,Current,806791.17,Active
A08141,C02010,Investment,521670.43,Active
A08142,C09926,Current,885684.01,Active
A08143,C09090,Investment,608566.47,Active
A08144,C01179,Investment,503293.60,Active
A08145,C09711,Current,903971.01,Active
A08146,C03050,Current,507505.32,Active
A08147,C05835,Current,169511.05,Inactive
A08148,C03050,Savings,390956.69,Active
A08149,C01134,Savings,404376.81,Active
A08150,C07889,Current,610492.76,Active
A08151,C04044,Current,764064.14,Inactive
A08152,C09040,Savings,734706.97,Active
A08153,C09907,Current,710606.58,Active
A08154,C00021,Investment,131863.77,Active
A08155,C08137,Investment,106261.58,Inactive
A08156,C07764,Savings,126880.85,Closed
A08157,C05988,Investment,831954.70,Active
A08158,C02965,Savings,811920.90,Active
A08159,C03324,Current,509206.18,Active
A08160,C01007,Current,410302.88,Active
A08161,C03349,Savings,443415.82,Active
A08162,C01289,Investment,58359.12,Active
A08163,C06474,Savings,771091.27,Active
A08164,C01166,Investment,692206.20,Active
A08165,C07453,Savings,652297.26,Active
A08166,C08110,Investment,939639.86,Active
A08167,C00328,Investment,320141.86,Inactive
A08168,C05925,Investment,190367.16,Active
A08169,C03643,Savings,149476.96,Active
A08170,C07263,Savings,959001.53,Active
A08171,C08186,Savings,256654.18,Active
A08172,C05864,Investment,846690.72,Active
A08173,C05604,Current,692791.16,Active
A08174,C06747,Current,751460.79,Active
A08175,C09119,Investment,385202.38,Active
A08176,C09623,Current,192678.77,Active
A08177,C01813,Savings,89061.51,Inactive
A08178,C03833,Investment,282171.89,Active
A08179,C07677,Savings,781262.73,Active
A08180,C07220,Investment,850366.35,Active
A08181,C05681,Investment,991947.53,Active
A08182,C08777,Current,55118.05,Active
A08183,C07267,Investment,483983.29,Active
A08184,C00095,Savings,96706.25,Closed
A08185,C06940,Current,874351.41,Active
A08186,C02898,Current,591037.39,Active
A08187,C04649,Current,902367.80,Active
A08188,C02014,Investment,804714.47,Active
A08189,C07210,Current,297835.07,Active
A08190,C00128,Investment,193075.69,Active
A08191,C04534,Current,200701.45,Active
A08192,C01685,Savings,683209.15,Active
A08193,C02738,Current,444917.81,Active
A08194,C05667,Current,186113.15,Active
A08195,C03905,Current,211542.20,Active
A08196,C07476,Savings,977657.18,Closed
A08197,C06872,Investment,619066.82,Active
A08198,C03176,Savings,162154.07,Active
A08199,C03624,Current,27239.10,Closed
A08200,C02982,Current,934175.02,Active
A08201,C06481,Investment,579536.02,Active
A08202,C08485,Current,492659.09,Active
A08203,C07813,Savings,340159.81,Inactive
A08204,C08046,Investment,335633.58,Active
A08205,C01352,Investment,888467.84,Active
A08206,C00740,Savings,734200.78,Active
A08207,C02463,Savings,662067.35,Active
A08208,C00774,Savings,226867.31,Active
A08209,C07841,Investment,211602.66,Active
A08210,C03444,Current,835802.21,Active
A08211,C02053,Savings,314558.50,Active
A08212,C03931,Investment,199068.00,Active
A08213,C09271,Current,640285.37,Active
A08214,C05552,Investment,375879.68,Active
A08215,C04984,Investment,71831.85,Active
A08216,C08881,Investment,875207.19,Inactive
A08217,C01872,Savings,710030.86,Inactive
A08218,C04813,Current,726025.40,Active
A08219,C02648,Investment,390484.97,Active
A08220,C08055,Current,581959.94,Inactive
A08221,C02559,Investment,209781.40,Active
A08222,C08907,Investment,657684.52,Active
A08223,C06862,Current,230349.83,Active
A08224,C03028,Investment,810651.62,Active
A08225,C01596,Current,260330.86,Active
A08226,C08367,Savings,296031.02,Active
A08227,C07477,Savings,756418.18,Active
A08228,C04246,Investment,574295.28,Active
A08229,C04271,Savings,943653.54,Active
A08230,C04429,Current,397344.73,Active
A08231,C02974,Current,482996.04,Active
A08232,C04482,Investment,891360.28,Active
A08233,C03697,Current,102260.97,Active
A08234,C04272,Current,413816.39,Active
A08235,C03542,Savings,302676.21,Active
A08236,C06914,Current,109485.70,Active
A08237,C02516,Savings,705248.14,Inactive
A08238,C00864,Investment,822623.29,Active
A08239,C06572,Savings,342800.69,Active
A08240,C06690,Investment,819256.90,Active
A08241,C07091,Savings,168605.08,Active
A08242,C08982,Investment,219268.23,Active
A08243,C04892,Current,98524.34,Active
A08244,C09503,Current,581867.95,Active
A08245,C03354,Investment,587496.26,Active
A08246,C02704,Investment,101820.84,Active
A08247,C09756,Savings,925820.18,Closed
A08248,C05552,Investment,652451.25,Active
A08249,C00782,Investment,934442.89,Active
A08250,C01316,Investment,391395.60,Active
A08251,C06911,Current,690136.96,Inactive
A08252,C04319,Current,524648.30,Active
A08253,C08614,Current,200208.66,Active
A08254,C01038,Investment,87573.34,Active
A08255,C04150,Current,837292.37,Active
A08256,C02345,Current,753157.98,Active
A08257,C01346,Investment,715231.20,Active
A08258,C00932,Investment,114788.70,Active
A08259,C09364,Investment,673596.06,Active
A08260,C00344,Current,751779.64,Active
A08261,C01059,Investment,806214.54,Active
A08262,C09553,Current,718074.32,Active
A08263,C08753,Investment,319062.69,Active
A08264,C02002,Current,289369.00,Active
A08265,C05104,Savings,142718.41,Active
A08266,C00467,Current,358516.53,Closed
A08267,C02727,Investment,680019.22,Inactive
A08268,C08216,Investment,643882.79,Inactive
A08269,C07540,Savings,560028.78,Active
A08270,C03865,Current,453436.73,Active
A08271,C01431,Investment,566953.60,Active
A08272,C00485,Current,646337.01,Active
A08273,C02940,Current,402616.02,Active
A08274,C01975,Savings,542531.09,Active
A08275,C09332,Investment,726374.16,Closed
A08276,C07497,Savings,400947.69,Inactive
A08277,C01642,Investment,335611.69,Active
A08278,C00130,Investment,435381.72,Active
A08279,C00865,Current,928497.87,Active
A08280,C09473,Current,825659.24,Active
A08281,C00303,Savings,322874.84,Active
A08282,C06347,Current,150561.40,Active
A08283,C02601,Savings,852409.75,Active
A08284,C08206,Current,808539.80,Active
A08285,C07951,Current,948049.22,Active
A08286,C08811,Investment,800229.60,Active
A08287,C08494,Investment,932245.45,Active
A08288,C02880,Savings,149466.69,Active
A08289,C06220,Savings,350819.24,Inactive
A08290,C03347,Current,43306.51,Active
A08291,C07600,Savings,226577.27,Active
A08292,C04430,Investment,963752.27,Active
A08293,C01461,Savings,246535.75,Closed
A08294,C08492,Investment,474754.78,Active
A08295,C07689,Savings,895468.85,Active
A08296,C08306,Current,497998.61,Active
A08297,C04954,Investment,493393.33,Active
A08298,C00864,Investment,431201.30,Active
A08299,C04374,Current,573771.14,Active
A08300,C04011,Investment,870314.07,Active
A08301,C06635,Investment,45099.27,Active
A08302,C06926,Investment,339226.80,Inactive
A08303,C06778,Current,979603.70,Active
A08304,C09886,Current,231585.32,Active
A08305,C07382,Current,799075.63,Active
A08306,C00676,Savings,641794.39,Inactive
A08307,C09350,Investment,209336.49,Active
A08308,C00354,Savings,784856.48,Inactive
A08309,C06506,Savings,632748.71,Active
A08310,C04676,Savings,867549.46,Active
A08311,C03102,Current,535524.30,Active
A08312,C08594,Savings,674851.14,Active
A08313,C07657,Savings,550295.90,Active
A08314,C08922,Savings,456649.52,Closed
A08315,C01905,Investment,147440.80,Active
A08316,C06780,Current,303176.11,Active
A08317,C07113,Current,221862.19,Active
A08318,C03437,Current,195833.18,Active
A08319,C01858,Savings,916521.40,Active
A08320,C02303,Savings,211592.95,Active
A08321,C04656,Savings,97742.11,Active
A08322,C09740,Investment,971867.04,Active
A08323,C03048,Savings,302938.24,Active
A08324,C09222,Investment,737436.12,Active
A08325,C00753,Savings,175258.35,Active
A08326,C07330,Investment,569307.89,Inactive
A08327,C03568,Investment,494827.19,Active
A08328,C05686,Investment,7833.26,Active
A08329,C02128,Investment,833066.72,Active
A08330,C02536,Savings,68860.31,Active
A08331,C00238,Investment,286520.86,Inactive
A08332,C04377,Investment,8036.29,Active
A08333,C05274,Savings,924074.47,Inactive
A08334,C04862,Investment,638872.33,Inactive
A08335,C01325,Savings,604379.44,Active
A08336,C03217,Current,580241.61,Active
A08337,C03925,Investment,840332.75,Active
A08338,C09191,Savings,88465.21,Active
A08339,C00316,Investment,685504.33,Inactive
A08340,C09210,Savings,830765.40,Inactive
A08341,C07471,Investment,767116.30,Closed
A08342,C06629,Savings,299876.54,Inactive
A08343,C04651,Current,673549.08,Active
A08344,C04728,Current,888862.23,Active
A08345,C05236,Investment,108580.59,Active
A08346,C01225,Savings,398596.77,Closed
A08347,C09870,Current,661800.96,Active
A08348,C09479,Savings,164967.08,Active
A08349,C08036,Investment,505086.57,Active
A08350,C05619,Investment,676877.06,Closed
A08351,C03447,Investment,649889.82,Active
A08352,C00636,Investment,559983.86,Active
A08353,C01230,Savings,481297.37,Active
A08354,C02322,Investment,895001.92,Active
A08355,C08155,Current,996538.15,Active
A08356,C03884,Savings,91560.84,Inactive
A08357,C05063,Current,124499.52,Active
A08358,C08782,Savings,307734.16,Inactive
A08359,C04103,Savings,339950.41,Active
A08360,C02272,Current,598539.53,Active
A08361,C08126,Investment,332217.91,Active
A08362,C08183,Savings,156140.81,Active
A08363,C08305,Investment,640535.00,Active
A08364,C09880,Savings,374810.31,Inactive
A08365,C09785,Savings,11590.50,Active
A08366,C09712,Current,769496.10,Active
A08367,C02867,Savings,969408.61,Inactive
A08368,C00462,Investment,747699.61,Active
A08369,C04929,Savings,348848.98,Active
A08370,C06391,Savings,107279.17,Inactive
A08371,C02584,Current,839711.48,Active
A08372,C01086,Investment,469079.00,Active
A08373,C07077,Investment,921084.37,Active
A08374,C01433,Investment,469559.50,Active
A08375,C08737,Current,702215.19,Active
A08376,C06833,Savings,724154.41,Active
A08377,C02788,Investment,492916.50,Active
A08378,C08947,Investment,89023.82,Inactive
A08379,C05057,Savings,47920.66,Active
A08380,C02459,Current,920958.99,Active
A08381,C03467,Savings,387516.83,Active
A08382,C07844,Current,557982.24,Active
A08383,C05325,Savings,320663.92,Active
A08384,C08275,Investment,27119.73,Active
A08385,C09976,Current,941697.38,Active
A08386,C04495,Current,564340.69,Active
A08387,C00706,Investment,301268.82,Active
A08388,C05476,Investment,999891.76,Active
A08389,C00236,Current,126637.27,Active
A08390,C04634,Current,211474.73,Active
A08391,C08581,Current,559346.48,Active
A08392,C05431,Savings,387150.59,Active
A08393,C08556,Current,296264.82,Active
A08394,C03147,Current,552449.79,Active
A08395,C02868,Investment,922446.65,Active
A08396,C07870,Investment,477129.18,Active
A08397,C03911,Savings,318340.35,Active
A08398,C05418,Savings,437204.29,Active
A08399,C01355,Investment,811547.79,Active
A08400,C07756,Savings,893986.25,Inactive
A08401,C08697,Savings,168184.29,Closed
A08402,C00586,Current,96638.89,Active
A08403,C03683,Current,839385.24,Active
A08404,C04988,Investment,910068.26,Active
A08405,C08242,Investment,152080.24,Active
A08406,C05669,Investment,316057.09,Active
A08407,C06894,Investment,295799.23,Active
A08408,C03778,Savings,272955.74,Active
A08409,C00723,Investment,665403.33,Inactive
A08410,C05553,Investment,777657.89,Active
A08411,C05904,Investment,514001.21,Active
A08412,C05623,Savings,854777.01,Active
A08413,C09869,Savings,361313.20,Active
A08414,C00548,Investment,749397.45,Active
A08415,C04522,Investment,63947.47,Active
A08416,C04121,Savings,443781.93,Active
A08417,C03502,Savings,176992.03,Closed
A08418,C03354,Investment,530830.87,Active
A08419,C05782,Current,403575.12,Active
A08420,C00972,Savings,891547.34,Active
A08421,C08707,Savings,374838.26,Active
A08422,C04868,Current,953678.74,Active
A08423,C09447,Investment,153826.46,Active
A08424,C01071,Savings,858580.90,Closed
A08425,C04588,Current,325968.30,Active
A08426,C06058,Investment,100311.85,Active
A08427,C02741,Savings,115223.75,Active
A08428,C07429,Investment,904678.04,Inactive
A08429,C04499,Savings,6534.76,Active
A08430,C01237,Investment,652374.32,Active
A08431,C01639,Investment,32143.04,Active
A08432,C03612,Savings,854595.20,Active
A08433,C03959,Current,832533.18,Active
A08434,C07052,Savings,175926.80,Active
A08435,C03630,Investment,761417.33,Active
A08436,C07606,Current,202839.82,Active
A08437,C05364,Savings,817395.96,Inactive
A08438,C08951,Current,100949.65,Active
A08439,C02598,Current,999171.65,Inactive
A08440,C00771,Savings,135589.69,Active
A08441,C08094,Investment,334781.60,Active
A08442,C08734,Savings,344314.15,Active
A08443,C03032,Savings,561076.14,Closed
A08444,C04381,Savings,976204.84,Active
A08445,C08045,Current,980900.22,Active
A08446,C08468,Investment,261924.53,Active
A08447,C03751,Current,81988.49,Active
A08448,C00624,Investment,834188.78,Active
A08449,C05093,Savings,111437.80,Active
A08450,C02286,Investment,709396.55,Active
A08451,C06352,Investment,233295.90,Inactive
A08452,C04562,Current,491715.53,Active
A08453,C03063,Current,642942.93,Active
A08454,C03257,Investment,672063.87,Active
A08455,C00094,Current,369330.97,Active
A08456,C06011,Investment,650332.22,Active
A08457,C04113,Current,867597.14,Active
A08458,C03786,Savings,290161.06,Active
A08459,C04464,Investment,112507.91,Inactive
A08460,C09214,Investment,829915.62,Active
A08461,C08463,Current,293428.24,Active
A08462,C08069,Savings,112282.39,Active
A08463,C00186,Savings,609723.32,Active
A08464,C00330,Savings,545418.73,Active
A08465,C00122,Savings,607616.53,Active
A08466,C04910,Savings,492083.40,Active
A08467,C09357,Current,538048.04,Active
A08468,C01178,Current,906375.23,Active
A08469,C05008,Investment,736481.97,Active
A08470,C00973,Current,214061.67,Inactive
A08471,C07845,Current,892593.50,Active
A08472,C08435,Savings,895540.47,Active
A08473,C08655,Investment,533758.89,Active
A08474,C06458,Savings,233759.08,Active
A08475,C01397,Investment,884813.18,Active
A08476,C08772,Savings,491091.86,Active
A08477,C02352,Current,122918.50,Active
A08478,C05713,Current,294923.85,Active
A08479,C07124,Investment,817004.71,Active
A08480,C08897,Current,178036.26,Active
A08481,C02734,Savings,525747.90,Active
A08482,C02078,Current,61486.44,Active
A08483,C03917,Savings,477437.80,Active
A08484,C00466,Savings,380374.05,Active
A08485,C05304,Investment,181376.24,Active
A08486,C00825,Savings,236393.60,Active
A08487,C01978,Savings,508220.27,Active
A08488,C04578,Investment,536811.94,Active
A08489,C05338,Investment,682019.86,Active
A08490,C03861,Investment,516688.45,Active
A08491,C07762,Savings,488586.73,Active
A08492,C04368,Investment,47087.07,Active
A08493,C04589,Current,992409.47,Active
A08494,C01082,Investment,202674.82,Inactive
A08495,C04853,Savings,407031.68,Inactive
A08496,C04670,Current,95840.19,Active
A08497,C04271,Current,189946.24,Active
A08498,C07735,Savings,169605.04,Active
A08499,C05277,Current,755174.05,Active
A08500,C06402,Savings,291500.43,Active
A08501,C04345,Savings,854884.50,Active
A08502,C07592,Current,664489.69,Closed
A08503,C00926,Investment,450643.09,Active
A08504,C02213,Savings,751770.44,Active
A08505,C03089,Investment,841582.10,Active
A08506,C02239,Investment,634604.19,Active
A08507,C04244,Savings,593832.53,Active
A08508,C02958,Current,278825.99,Active
A08509,C04509,Current,412077.64,Inactive
A08510,C09528,Investment,753859.59,Active
A08511,C06086,Savings,488353.96,Inactive
A08512,C03718,Current,831878.93,Active
A08513,C06808,Current,846999.22,Active
A08514,C03779,Current,113131.25,Active
A08515,C06458,Savings,53983.86,Active
A08516,C00951,Investment,987521.02,Active
A08517,C00340,Current,172542.11,Active
A08518,C08836,Current,217737.87,Active
A08519,C00815,Savings,404190.28,Active
A08520,C08146,Current,477583.82,Active
A08521,C09883,Savings,396413.52,Active
A08522,C05337,Savings,100271.78,Active
A08523,C04050,Current,47132.74,Inactive
A08524,C08317,Investment,456637.90,Active
A08525,C00062,Investment,212630.43,Active
A08526,C09587,Savings,267255.42,Inactive
A08527,C06409,Current,475976.98,Active
A08528,C03218,Current,219765.99,Active
A08529,C05505,Current,164662.88,Active
A08530,C05320,Current,150404.70,Active
A08531,C02188,Current,455105.87,Active
A08532,C08612,Investment,603534.83,Active
A08533,C02589,Current,734878.70,Active
A08534,C03417,Current,66245.98,Active
A08535,C06348,Current,219564.96,Active
A08536,C01972,Investment,736667.32,Active
A08537,C07338,Current,590121.38,Active
A08538,C04891,Current,487054.30,Active
A08539,C00396,Current,342289.88,Inactive
A08540,C07249,Investment,786095.61,Active
A08541,C07478,Investment,102123.46,Active
A08542,C07540,Current,151218.30,Active
A08543,C04009,Investment,409983.30,Inactive
A08544,C06569,Savings,39553.98,Closed
A08545,C09659,Investment,948069.73,Active
A08546,C03542,Investment,771595.37,Active
A08547,C09533,Savings,474414.92,Active
A08548,C03352,Investment,627659.69,Inactive
A08549,C03621,Investment,185922.87,Active
A08550,C07436,Investment,897899.69,Active
A08551,C06293,Savings,383707.69,Closed
A08552,C09398,Investment,477861.10,Active
A08553,C01920,Savings,353911.96,Active
A08554,C07574,Savings,299585.60,Active
A08555,C06749,Investment,343835.41,Closed
A08556,C00604,Investment,294866.15,Active
A08557,C04277,Current,757864.45,Active
A08558,C09706,Savings,585828.55,Inactive
A08559,C06532,Investment,100076.31,Inactive
A08560,C02527,Investment,702589.98,Active
A08561,C00665,Investment,445448.81,Inactive
A08562,C02175,Investment,394289.23,Closed
A08563,C06280,Savings,647755.11,Inactive
A08564,C08027,Current,827906.67,Active
A08565,C06147,Current,231068.87,Active
A08566,C07785,Savings,403624.04,Active
A08567,C07420,Current,368417.81,Active
A08568,C09157,Current,115127.05,Active
A08569,C08362,Savings,781047.24,Active
A08570,C01602,Savings,459982.41,Inactive
A08571,C08914,Investment,131925.18,Active
A08572,C07687,Investment,13009.45,Active
A08573,C09515,Investment,503028.76,Active
A08574,C06587,Savings,916841.31,Active
A08575,C06788,Investment,69554.75,Active
A08576,C00658,Savings,552716.34,Active
A08577,C09192,Savings,145607.57,Inactive
A08578,C02942,Investment,301596.18,Active
A08579,C07097,Savings,972455.16,Active
A08580,C01516,Current,699218.43,Active
A08581,C07093,Current,409827.05,Active
A08582,C06610,Current,973541.72,Active
A08583,C04895,Savings,544945.69,Active
A08584,C03230,Investment,176390.18,Closed
A08585,C08554,Current,26267.55,Active
A08586,C01940,Savings,774630.92,Inactive
A08587,C01273,Current,405815.83,Active
A08588,C09140,Current,448338.14,Closed
A08589,C04858,Savings,444795.35,Active
A08590,C09305,Investment,955084.01,Closed
A08591,C07488,Savings,722930.63,Inactive
A08592,C04915,Current,155196.41,Active
A08593,C02186,Current,268610.62,Inactive
A08594,C05364,Savings,587606.35,Active
A08595,C09734,Current,902262.72,Active
A08596,C09900,Savings,701957.55,Active
A08597,C00714,Current,233070.67,Active
A08598,C00754,Savings,924728.06,Inactive
A08599,C09324,Current,470399.70,Active
A08600,C00762,Savings,179736.28,Active
A08601,C04096,Investment,700587.27,Active
A08602,C02143,Savings,512114.16,Active
A08603,C05631,Current,181496.45,Active
A08604,C05093,Savings,166028.59,Active
A08605,C05509,Investment,704326.25,Active
A08606,C01780,Savings,741067.75,Inactive
A08607,C02775,Current,258567.16,Active
A08608,C00432,Investment,253313.13,Active
A08609,C03100,Investment,787260.19,Active
A08610,C05704,Savings,330013.27,Active
A08611,C07286,Current,320178.97,Active
A08612,C09184,Savings,422392.86,Active
A08613,C05302,Savings,828702.32,Active
A08614,C02896,Current,148367.80,Inactive
A08615,C07899,Current,676750.95,Active
A08616,C00973,Investment,663931.61,Active
A08617,C01628,Current,692754.74,Inactive
A08618,C06642,Savings,300100.34,Active
A08619,C08360,Investment,947228.97,Inactive
A08620,C09462,Investment,290746.54,Active
A08621,C09552,Savings,415127.39,Active
A08622,C08965,Savings,552449.14,Active
A08623,C07740,Savings,60813.71,Active
A08624,C00965,Current,97069.82,Active
A08625,C06918,Current,424478.03,Closed
A08626,C00885,Current,710508.94,Inactive
A08627,C07652,Investment,314800.97,Inactive
A08628,C03103,Investment,101399.18,Active
A08629,C07547,Current,618273.53,Active
A08630,C03131,Investment,541835.68,Active
A08631,C01243,Investment,692924.83,Active
A08632,C05585,Savings,730457.35,Active
A08633,C02958,Investment,452074.49,Closed
A08634,C03767,Investment,744204.29,Active
A08635,C08088,Savings,232789.50,Active
A08636,C00501,Current,904860.70,Active
A08637,C03174,Savings,653294.70,Inactive
A08638,C06846,Investment,686115.53,Inactive
A08639,C05119,Investment,301500.16,Active
A08640,C04326,Savings,943159.55,Active
A08641,C00230,Savings,893769.35,Active
A08642,C09038,Current,364906.71,Active
A08643,C03113,Savings,260279.36,Active
A08644,C01098,Investment,229799.39,Inactive
A08645,C01528,Savings,899275.98,Active
A08646,C04632,Current,469242.81,Inactive
A08647,C07969,Savings,169800.24,Active
A08648,C04102,Savings,334036.83,Active
A08649,C07478,Savings,864676.62,Active
A08650,C03705,Savings,116687.22,Active
A08651,C09379,Savings,253435.69,Active
A08652,C06530,Savings,462989.04,Active
A08653,C05366,Investment,712382.04,Active
A08654,C00641,Current,909961.31,Active
A08655,C04439,Savings,855986.66,Active
A08656,C03446,Current,56716.19,Active
A08657,C08035,Current,263448.00,Active
A08658,C02983,Current,194736.73,Active
A08659,C01685,Current,928376.31,Inactive
A08660,C09036,Investment,753922.69,Active
A08661,C08264,Savings,45781.04,Active
A08662,C01238,Savings,207671.11,Active
A08663,C04146,Investment,322579.89,Active
A08664,C03549,Investment,997954.13,Active
A08665,C00264,Current,165202.75,Active
A08666,C00572,Current,140378.17,Active
A08667,C04496,Current,124368.65,Active
A08668,C01915,Investment,442181.28,Active
A08669,C02391,Investment,731780.84,Active
A08670,C06286,Current,624823.73,Active
A08671,C06217,Savings,645723.15,Active
A08672,C08407,Current,197012.16,Active
A08673,C04849,Investment,926411.51,Active
A08674,C05925,Investment,392632.07,Inactive
A08675,C01567,Savings,530368.94,Active
A08676,C06689,Investment,839665.48,Active
A08677,C05210,Savings,882961.27,Active
A08678,C09777,Current,212835.40,Active
A08679,C01801,Current,382958.86,Active
A08680,C09070,Investment,338098.76,Active
A08681,C01714,Savings,268908.67,Active
A08682,C02137,Investment,148259.60,Active
A08683,C08515,Savings,9574.06,Active
A08684,C03481,Investment,630203.89,Active
A08685,C02965,Current,451514.77,Active
A08686,C05861,Current,965025.86,Active
A08687,C08213,Current,323775.03,Active
A08688,C05504,Investment,514752.70,Active
A08689,C00720,Current,574161.62,Active
A08690,C09495,Investment,475579.88,Active
A08691,C09930,Investment,578415.47,Active
A08692,C08925,Current,767663.99,Active
A08693,C06482,Savings,146915.69,Active
A08694,C00573,Investment,636100.07,Active
A08695,C00795,Current,679887.69,Active
A08696,C09269,Investment,574260.02,Active
A08697,C00015,Current,465480.32,Active
A08698,C08736,Investment,879074.03,Active
A08699,C00328,Savings,969753.51,Active
A08700,C03324,Current,797730.24,Active
A08701,C00994,Current,141948.85,Active
A08702,C02240,Current,234837.08,Active
A08703,C02363,Investment,449426.36,Active
A08704,C03676,Savings,374388.92,Inactive
A08705,C02293,Investment,358131.58,Active
A08706,C08344,Current,770738.31,Active
A08707,C00285,Current,758152.22,Active
A08708,C07967,Current,178152.98,Active
A08709,C01837,Savings,744669.76,Active
A08710,C05343,Current,651721.54,Active
A08711,C08426,Current,16365.61,Active
A08712,C06679,Investment,74111.75,Active
A08713,C01156,Current,832139.30,Active
A08714,C00058,Current,103187.06,Inactive
A08715,C07940,Investment,580984.54,Active
A08716,C03793,Savings,940448.29,Active
A08717,C05487,Savings,705852.04,Active
A08718,C06452,Savings,447409.12,Inactive
A08719,C02818,Savings,308348.48,Active
A08720,C02917,Investment,788883.61,Active
A08721,C04971,Savings,103490.58,Active
A08722,C09106,Current,954737.90,Closed
A08723,C03363,Investment,756682.97,Active
A08724,C01137,Current,337779.11,Active
A08725,C01390,Savings,600489.13,Active
A08726,C01359,Savings,529363.45,Active
A08727,C06961,Current,457764.87,Active
A08728,C04809,Current,895418.36,Closed
A08729,C08219,Investment,202043.51,Active
A08730,C02470,Savings,569039.73,Active
A08731,C01551,Current,507898.12,Active
A08732,C01400,Investment,898719.36,Active
A08733,C00028,Investment,525608.29,Inactive
A08734,C00545,Savings,756419.96,Active
A08735,C08441,Current,882882.39,Active
A08736,C02681,Current,697751.63,Active
A08737,C02121,Current,799400.99,Active
A08738,C03789,Savings,305522.49,Active
A08739,C06359,Current,158532.87,Active
A08740,C08326,Investment,734224.88,Active
A08741,C04339,Investment,199169.17,Active
A08742,C09360,Current,851743.68,Active
A08743,C07337,Investment,821602.77,Active
A08744,C02434,Savings,492583.56,Active
A08745,C09690,Investment,715619.95,Active
A08746,C01422,Savings,231281.55,Active
A08747,C00088,Current,72846.80,Active
A08748,C04729,Current,21072.04,Active
A08749,C02450,Current,253039.10,Active
A08750,C06004,Investment,702622.72,Active
A08751,C08583,Savings,382974.02,Inactive
A08752,C07037,Investment,583414.99,Active
A08753,C03645,Investment,759852.59,Active
A08754,C01157,Savings,765090.07,Active
A08755,C00771,Savings,320723.53,Active
A08756,C01366,Investment,443001.93,Active
A08757,C00779,Current,732909.04,Active
A08758,C02411,Current,109447.27,Active
A08759,C06824,Current,375830.94,Active
A08760,C06474,Savings,257126.50,Active
A08761,C00437,Investment,28042.55,Active
A08762,C07587,Current,893273.91,Closed
A08763,C00168,Current,775605.84,Active
A08764,C03569,Investment,703429.38,Active
A08765,C03437,Current,284614.52,Active
A08766,C09884,Savings,493472.38,Active
A08767,C03039,Current,772078.76,Active
A08768,C04210,Savings,483200.13,Active
A08769,C01182,Savings,846710.67,Active
A08770,C06754,Savings,134492.87,Active
A08771,C02370,Current,975217.07,Active
A08772,C09556,Investment,866766.62,Active
A08773,C07345,Investment,567673.20,Active
A08774,C08275,Savings,583245.51,Active
A08775,C00610,Current,707117.92,Active
A08776,C07506,Current,402288.25,Active
A08777,C00176,Current,913040.67,Active
A08778,C07737,Savings,144057.88,Active
A08779,C06435,Investment,961433.97,Active
A08780,C00495,Current,850947.33,Active
A08781,C01217,Current,348066.93,Active
A08782,C03183,Investment,855506.16,Active
A08783,C08774,Investment,419940.00,Active
A08784,C02988,Savings,336950.19,Active
A08785,C02110,Investment,27309.13,Active
A08786,C06900,Current,465106.17,Active
A08787,C01861,Current,945855.65,Active
A08788,C02270,Savings,885056.97,Active
A08789,C03923,Savings,380910.59,Active
A08790,C00497,Current,371803.63,Active
A08791,C09172,Savings,209211.91,Active
A08792,C09715,Current,945297.37,Active
A08793,C03305,Current,295329.60,Active
A08794,C01112,Savings,588798.14,Active
A08795,C05889,Investment,799979.49,Active
A08796,C03590,Investment,551767.42,Active
A08797,C05962,Savings,290830.99,Inactive
A08798,C05564,Savings,58115.28,Active
A08799,C01437,Investment,794710.52,Active
A08800,C06540,Investment,381861.56,Active
A08801,C06118,Investment,513997.20,Active
A08802,C09319,Savings,641679.34,Active
A08803,C08256,Savings,337546.22,Active
A08804,C08379,Savings,163911.95,Inactive
A08805,C08014,Savings,169391.58,Active
A08806,C08895,Investment,391089.73,Closed
A08807,C00710,Savings,818212.76,Active
A08808,C02981,Investment,878763.05,Active
A08809,C08289,Investment,394462.22,Active
A08810,C07119,Investment,589887.73,Inactive
A08811,C07901,Investment,111279.01,Active
A08812,C05994,Current,676074.68,Active
A08813,C03081,Current,803361.57,Active
A08814,C01130,Current,242059.90,Active
A08815,C06191,Current,762074.21,Active
A08816,C05008,Current,590717.24,Active
A08817,C04620,Savings,53393.97,Active
A08818,C02322,Current,942678.22,Active
A08819,C04395,Current,801511.59,Active
A08820,C01058,Savings,767679.33,Inactive
A08821,C06537,Investment,645513.10,Inactive
A08822,C00055,Investment,980110.81,Active
A08823,C00943,Current,439296.43,Active
A08824,C07010,Current,28437.01,Active
A08825,C01248,Current,932669.09,Active
A08826,C06241,Savings,866038.34,Active
A08827,C07719,Savings,18031.27,Active
A08828,C08868,Investment,29455.65,Active
A08829,C08160,Investment,712920.51,Active
A08830,C08131,Savings,13516.29,Active
A08831,C07002,Investment,790219.83,Active
A08832,C06477,Current,795318.65,Active
A08833,C01732,Current,292863.08,Active
A08834,C06416,Current,556332.72,Inactive
A08835,C08948,Investment,267137.94,Active
A08836,C06943,Investment,296541.99,Active
A08837,C03709,Investment,557891.57,Active
A08838,C08561,Current,107243.96,Active
A08839,C07640,Investment,354332.21,Active
A08840,C07447,Savings,553366.64,Active
A08841,C06950,Investment,452536.39,Inactive
A08842,C07682,Investment,131906.77,Active
A08843,C06954,Savings,188920.62,Active
A08844,C03714,Savings,783415.12,Inactive
A08845,C06598,Savings,595236.82,Active
A08846,C04655,Investment,499854.13,Closed
A08847,C09468,Current,393874.84,Active
A08848,C06282,Current,583744.10,Active
A08849,C08185,Savings,533684.80,Active
A08850,C07903,Current,970654.06,Active
A08851,C09519,Current,108609.05,Active
A08852,C07229,Investment,838329.95,Active
A08853,C07954,Current,419752.78,Active
A08854,C04640,Current,59397.49,Active
A08855,C01932,Savings,588737.82,Inactive
A08856,C02992,Current,615307.05,Active
A08857,C06877,Current,163396.23,Active
A08858,C08263,Investment,834385.32,Closed
A08859,C03518,Savings,809828.98,Active
A08860,C03408,Current,200250.80,Active
A08861,C08465,Savings,305277.17,Active
A08862,C08195,Savings,754620.00,Inactive
A08863,C00733,Current,473253.09,Active
A08864,C07353,Savings,422680.98,Active
A08865,C06070,Current,585290.20,Active
A08866,C07679,Savings,73831.31,Active
A08867,C08897,Savings,952085.24,Active
A08868,C04187,Investment,357412.54,Active
A08869,C06257,Current,387235.92,Active
A08870,C01762,Current,43130.77,Active
A08871,C06445,Current,913587.78,Active
A08872,C03281,Savings,32526.31,Active
A08873,C07692,Investment,653929.26,Inactive
A08874,C08749,Current,618940.53,Active
A08875,C02065,Investment,976436.84,Active
A08876,C06306,Current,721325.96,Active
A08877,C07837,Investment,452329.99,Active
A08878,C04865,Current,136392.52,Active
A08879,C08317,Investment,940546.64,Active
A08880,C04674,Savings,2274.18,Active
A08881,C09003,Current,848129.99,Active
A08882,C08186,Savings,281299.49,Active
A08883,C06845,Investment,994342.92,Active
A08884,C00451,Investment,803817.36,Inactive
A08885,C09143,Savings,799623.54,Active
A08886,C02321,Savings,81489.70,Active
A08887,C01781,Savings,235976.69,Active
A08888,C05620,Investment,226734.80,Inactive
A08889,C05977,Investment,609601.21,Active
A08890,C01574,Current,670463.20,Active
A08891,C01668,Savings,422500.33,Active
A08892,C02682,Savings,761717.80,Active
A08893,C00632,Investment,376777.41,Active
A08894,C00452,Savings,101374.08,Inactive
A08895,C05956,Savings,873638.11,Inactive
A08896,C03871,Investment,574049.83,Active
A08897,C03182,Current,530137.22,Active
A08898,C04360,Current,7298.31,Active
A08899,C09151,Savings,260809.48,Active
A08900,C00254,Investment,468948.21,Active
A08901,C04957,Savings,311440.61,Active
A08902,C01850,Investment,971069.18,Active
A08903,C06171,Current,847939.28,Active
A08904,C09838,Current,186640.85,Active
A08905,C03864,Investment,936049.72,Active
A08906,C00163,Savings,917066.05,Closed
A08907,C09622,Current,810154.63,Active
A08908,C03184,Savings,803130.06,Active
A08909,C08230,Investment,5588.28,Active
A08910,C02459,Current,669247.24,Active
A08911,C05440,Investment,76618.90,Active
A08912,C03677,Investment,535622.00,Inactive
A08913,C01013,Investment,19511.45,Active
A08914,C08366,Savings,395260.23,Inactive
A08915,C03058,Investment,860032.80,Active
A08916,C03983,Savings,271798.42,Active
A08917,C00543,Savings,958871.40,Active
A08918,C01007,Current,160917.94,Active
A08919,C01282,Investment,439074.21,Active
A08920,C06736,Current,922755.65,Active
A08921,C01761,Savings,511115.35,Inactive
A08922,C00388,Investment,249128.69,Active
A08923,C05116,Savings,55556.04,Inactive
A08924,C09290,Current,805274.51,Active
A08925,C09904,Investment,711715.38,Active
A08926,C04336,Investment,178981.72,Inactive
A08927,C04175,Current,28349.94,Active
A08928,C07080,Savings,852216.31,Active
A08929,C02897,Investment,128830.93,Active
A08930,C09682,Current,827117.47,Active
A08931,C04546,Investment,387268.87,Active
A08932,C09189,Savings,349124.85,Inactive
A08933,C09634,Savings,295332.72,Active
A08934,C01219,Savings,708643.93,Active
A08935,C05736,Current,736244.19,Active
A08936,C01263,Investment,175705.62,Active
A08937,C00627,Investment,414497.06,Active
A08938,C07404,Investment,3099.48,Active
A08939,C01819,Savings,340797.15,Closed
A08940,C05029,Current,862227.20,Active
A08941,C04345,Savings,906303.94,Inactive
A08942,C05866,Current,60119.17,Active
A08943,C05961,Investment,766665.79,Active
A08944,C05177,Current,26709.97,Active
A08945,C07856,Investment,742898.16,Active
A08946,C00031,Investment,262520.45,Active
A08947,C09439,Investment,615709.99,Active
A08948,C01179,Savings,728770.82,Active
A08949,C01408,Investment,988587.61,Active
A08950,C02967,Investment,431694.25,Active
A08951,C08015,Savings,386849.77,Active
A08952,C02964,Current,54430.26,Active
A08953,C04792,Savings,38820.78,Active
A08954,C02655,Savings,17538.65,Active
A08955,C09005,Savings,834558.26,Active
A08956,C09482,Savings,304533.44,Active
A08957,C02001,Investment,238537.83,Active
A08958,C04182,Savings,782268.50,Active
A08959,C04062,Savings,677642.15,Active
A08960,C08457,Investment,168340.05,Active
A08961,C03789,Savings,231131.25,Active
A08962,C09304,Investment,519962.39,Active
A08963,C08670,Current,929869.67,Active
A08964,C00670,Current,141563.68,Active
A08965,C07685,Investment,399718.71,Inactive
A08966,C09626,Savings,15034.79,Inactive
A08967,C07519,Investment,427475.15,Active
A08968,C07547,Current,737395.66,Active
A08969,C07578,Investment,783154.32,Active
A08970,C04029,Investment,618118.10,Active
A08971,C08577,Current,851715.18,Inactive
A08972,C03700,Savings,861760.58,Active
A08973,C04279,Current,537630.33,Active
A08974,C01990,Investment,359283.34,Active
A08975,C02793,Investment,223692.97,Active
A08976,C00680,Savings,373631.92,Active
A08977,C08295,Current,793070.56,Inactive
A08978,C00153,Investment,525459.63,Active
A08979,C01695,Current,96908.50,Active
A08980,C08574,Investment,453665.17,Active
A08981,C03988,Savings,340209.88,Active
A08982,C09755,Current,288130.74,Active
A08983,C00183,Investment,745710.60,Active
A08984,C05550,Current,499919.00,Active
A08985,C08167,Current,236943.75,Active
A08986,C08963,Savings,744928.29,Active
A08987,C08797,Savings,369207.17,Active
A08988,C07727,Investment,80613.56,Active
A08989,C01835,Savings,847294.67,Active
A08990,C01940,Current,152002.29,Closed
A08991,C08524,Investment,870441.71,Active
A08992,C04669,Current,581062.42,Closed
A08993,C01475,Current,560237.36,Active
A08994,C05652,Investment,675193.24,Active
A08995,C01883,Investment,614949.81,Active
A08996,C04439,Current,341851.66,Active
A08997,C06173,Current,831994.56,Inactive
A08998,C03912,Investment,25951.91,Active
A08999,C06976,Savings,850295.33,Inactive
A09000,C00225,Savings,479313.00,Active
A09001,C08481,Current,164784.13,Active
A09002,C04404,Current,843456.68,Inactive
A09003,C01956,Investment,218791.53,Active
A09004,C04857,Current,912455.05,Active
A09005,C00401,Investment,479816.76,Active
A09006,C08741,Investment,564533.62,Active
A09007,C04477,Savings,330091.91,Active
A09008,C05920,Savings,236484.57,Active
A09009,C06693,Investment,598007.95,Inactive
A09010,C03218,Savings,245454.39,Active
A09011,C09290,Savings,351393.19,Active
A09012,C08132,Investment,516976.80,Active
A09013,C08140,Current,482428.81,Active
A09014,C00878,Current,230756.44,Active
A09015,C08155,Savings,502537.26,Active
A09016,C04473,Savings,465911.85,Active
A09017,C06160,Investment,624929.88,Active
A09018,C04618,Current,360016.37,Active
A09019,C09816,Savings,521431.86,Active
A09020,C03329,Current,487455.59,Inactive
A09021,C06578,Current,741436.68,Active
A09022,C05018,Savings,418404.25,Active
A09023,C09733,Investment,727926.65,Active
A09024,C03552,Savings,515687.26,Active
A09025,C03805,Savings,868479.64,Inactive
A09026,C00494,Savings,98944.26,Active
A09027,C08863,Current,175681.34,Active
A09028,C09302,Investment,727199.26,Active
A09029,C02694,Savings,695066.02,Active
A09030,C07014,Investment,647111.04,Active
A09031,C02694,Investment,203741.26,Active
A09032,C02017,Current,733925.00,Active
A09033,C07039,Savings,581992.81,Inactive
A09034,C03997,Investment,926866.71,Active
A09035,C07065,Investment,271430.80,Active
A09036,C06769,Investment,333294.57,Active
A09037,C05919,Investment,911540.79,Active
A09038,C05086,Savings,297001.39,Active
A09039,C07993,Savings,354827.75,Active
A09040,C01982,Investment,785332.60,Active
A09041,C07537,Current,64887.05,Active
A09042,C02704,Investment,313443.23,Active
A09043,C03663,Savings,422957.47,Active
A09044,C00081,Savings,223843.88,Active
A09045,C01520,Current,631009.10,Active
A09046,C01731,Savings,853276.72,Active
A09047,C08759,Investment,70327.72,Active
A09048,C05285,Savings,21255.91,Active
A09049,C00290,Current,900480.24,Active
A09050,C04346,Current,998336.80,Active
A09051,C06876,Investment,52229.57,Active
A09052,C02304,Savings,976959.35,Active
A09053,C09679,Current,459241.60,Active
A09054,C07379,Current,949234.22,Active
A09055,C04357,Savings,261843.63,Active
A09056,C04487,Current,506490.89,Active
A09057,C04239,Current,839665.68,Closed
A09058,C07813,Savings,249046.83,Inactive
A09059,C00686,Savings,728794.52,Active
A09060,C01624,Current,667948.18,Active
A09061,C02484,Savings,285140.66,Active
A09062,C05997,Savings,745129.96,Active
A09063,C01981,Savings,633785.04,Active
A09064,C01461,Investment,288837.34,Active
A09065,C01780,Savings,136921.27,Active
A09066,C00845,Current,664119.56,Active
A09067,C08772,Current,734050.31,Active
A09068,C04971,Current,348597.33,Active
A09069,C03874,Current,45383.08,Active
A09070,C04272,Investment,236464.57,Active
A09071,C03198,Current,704162.83,Active
A09072,C03867,Current,960587.50,Inactive
A09073,C05760,Investment,263478.72,Active
A09074,C02065,Savings,681356.87,Inactive
A09075,C04924,Current,763191.69,Active
A09076,C00583,Savings,611706.84,Active
A09077,C09457,Savings,575972.85,Inactive
A09078,C01495,Investment,154979.32,Active
A09079,C03710,Current,555328.18,Active
A09080,C04875,Savings,544524.27,Inactive
A09081,C04871,Savings,58640.04,Closed
A09082,C09920,Current,335819.15,Active
A09083,C04097,Current,563617.20,Active
A09084,C04459,Investment,858778.80,Inactive
A09085,C09275,Current,957590.31,Active
A09086,C07020,Savings,161279.48,Active
A09087,C00744,Savings,755040.62,Active
A09088,C02929,Investment,27270.39,Active
A09089,C01467,Current,26599.84,Active
A09090,C09726,Investment,810539.44,Active
A09091,C01610,Savings,745708.85,Active
A09092,C03039,Savings,592506.79,Active
A09093,C02852,Savings,25420.77,Inactive
A09094,C04868,Savings,673542.07,Active
A09095,C05890,Current,456106.12,Active
A09096,C03458,Current,111273.79,Active
A09097,C07306,Savings,208716.14,Active
A09098,C07487,Savings,316066.86,Active
A09099,C03473,Current,735778.39,Active
A09100,C07641,Current,578299.62,Active
A09101,C09705,Current,209655.00,Inactive
A09102,C05956,Savings,321616.62,Active
A09103,C04045,Current,324293.64,Active
A09104,C09348,Current,120803.56,Active
A09105,C04777,Savings,421583.08,Active
A09106,C03931,Investment,493582.36,Inactive
A09107,C03855,Savings,984731.92,Active
A09108,C09149,Current,730884.72,Active
A09109,C04312,Investment,119717.37,Inactive
A09110,C04920,Investment,155053.87,Active
A09111,C00817,Investment,866813.16,Active
A09112,C03148,Savings,781416.88,Active
A09113,C07960,Investment,683221.16,Active
A09114,C05825,Savings,529651.89,Active
A09115,C07013,Savings,573239.08,Active
A09116,C05445,Current,347861.14,Active
A09117,C02964,Investment,389580.89,Active
A09118,C00753,Current,474638.01,Active
A09119,C01009,Investment,553223.66,Inactive
A09120,C06495,Investment,236178.26,Active
A09121,C05824,Savings,824287.31,Active
A09122,C05046,Savings,183074.92,Active
A09123,C04290,Investment,490885.57,Active
A09124,C04521,Savings,885469.18,Active
A09125,C00337,Savings,630062.88,Active
A09126,C04009,Current,544389.55,Active
A09127,C02533,Savings,124099.65,Active
A09128,C04884,Investment,520032.95,Active
A09129,C04714,Current,27280.29,Active
A09130,C05020,Investment,580031.38,Active
A09131,C06931,Current,867032.09,Inactive
A09132,C03234,Current,603823.06,Active
A09133,C00883,Current,742693.71,Active
A09134,C03116,Investment,575416.41,Active
A09135,C05513,Investment,296478.76,Active
A09136,C03051,Savings,193751.15,Active
A09137,C03468,Savings,698360.00,Active
A09138,C00768,Investment,125235.39,Active
A09139,C00667,Savings,543162.10,Active
A09140,C08981,Savings,888302.09,Inactive
A09141,C08184,Investment,601792.04,Active
A09142,C01542,Investment,691620.83,Active
A09143,C07421,Savings,693889.55,Active
A09144,C06318,Current,509829.99,Active
A09145,C03276,Savings,938198.37,Active
A09146,C00533,Investment,543385.07,Active
A09147,C08724,Savings,664169.24,Active
A09148,C04808,Investment,746385.50,Active
A09149,C04415,Savings,360574.20,Active
A09150,C09764,Savings,280125.26,Closed
A09151,C08466,Investment,521644.54,Active
A09152,C04018,Investment,875825.71,Active
A09153,C05187,Savings,857504.39,Active
A09154,C06022,Investment,517725.86,Active
A09155,C05510,Savings,666486.57,Active
A09156,C04610,Investment,413796.56,Inactive
A09157,C00578,Savings,183308.45,Active
A09158,C02661,Savings,112539.87,Active
A09159,C02224,Current,656738.96,Closed
A09160,C06532,Savings,845311.66,Active
A09161,C08315,Current,323961.37,Active
A09162,C05799,Savings,346267.01,Active
A09163,C01507,Investment,932446.78,Active
A09164,C06176,Savings,301565.77,Active
A09165,C06870,Savings,296553.60,Active
A09166,C08102,Current,762419.52,Active
A09167,C04214,Investment,767573.18,Active
A09168,C00261,Investment,41229.48,Active
A09169,C02928,Investment,867105.42,Inactive
A09170,C01690,Savings,927125.93,Active
A09171,C07809,Current,844935.89,Closed
A09172,C09710,Current,944020.09,Active
A09173,C06093,Savings,492165.14,Active
A09174,C01479,Current,488846.60,Active
A09175,C01150,Savings,363378.99,Active
A09176,C02866,Current,410676.63,Active
A09177,C03414,Current,198711.92,Active
A09178,C05037,Investment,553747.14,Active
A09179,C00992,Savings,760205.69,Active
A09180,C00508,Savings,169328.14,Active
A09181,C01184,Savings,449794.01,Active
A09182,C00461,Current,961550.41,Closed
A09183,C02177,Current,670132.94,Active
A09184,C07715,Investment,472873.19,Active
A09185,C01592,Savings,732153.90,Active
A09186,C04703,Savings,94371.79,Closed
A09187,C02875,Current,254247.95,Inactive
A09188,C02434,Savings,981560.69,Active
A09189,C00901,Investment,741860.83,Active
A09190,C07748,Investment,723921.72,Active
A09191,C01414,Savings,433110.81,Active
A09192,C01149,Investment,418129.92,Closed
A09193,C09637,Investment,849278.28,Active
A09194,C09285,Investment,643717.79,Active
A09195,C06289,Savings,690261.79,Active
A09196,C02080,Current,879941.78,Active
A09197,C05022,Current,645683.59,Active
A09198,C00053,Investment,466140.47,Inactive
A09199,C03458,Savings,892118.06,Active
A09200,C08543,Current,47393.78,Inactive
A09201,C08421,Savings,704658.81,Active
A09202,C09707,Investment,360921.54,Active
A09203,C00975,Current,615415.34,Active
A09204,C03791,Current,306787.81,Active
A09205,C06388,Savings,806138.04,Active
A09206,C04275,Current,258236.73,Active
A09207,C05542,Investment,122111.24,Active
A09208,C00237,Savings,949013.98,Active
A09209,C02711,Investment,74944.65,Inactive
A09210,C08703,Savings,351767.74,Active
A09211,C05823,Investment,533010.43,Active
A09212,C06974,Investment,561335.36,Active
A09213,C00543,Investment,657517.77,Closed
A09214,C03805,Savings,237932.94,Active
A09215,C01172,Savings,656937.55,Active
A09216,C02705,Savings,323363.63,Active
A09217,C04689,Current,450138.49,Active
A09218,C07695,Current,546306.77,Active
A09219,C01420,Investment,215378.12,Active
A09220,C07698,Savings,849664.77,Active
A09221,C08375,Savings,293242.77,Active
A09222,C03651,Current,358737.90,Inactive
A09223,C05626,Investment,274609.19,Active
A09224,C06130,Investment,123329.47,Inactive
A09225,C03798,Investment,194588.56,Active
A09226,C05550,Investment,984199.85,Active
A09227,C07464,Current,369501.04,Active
A09228,C06088,Investment,563868.94,Active
A09229,C05787,Current,636351.31,Inactive
A09230,C07186,Savings,783352.66,Active
A09231,C02526,Savings,768587.19,Active
A09232,C01864,Current,868385.69,Active
A09233,C07926,Savings,880061.37,Active
A09234,C02057,Investment,962828.50,Active
A09235,C04654,Current,201237.80,Active
A09236,C06643,Investment,806040.74,Active
A09237,C04622,Current,878900.75,Active
A09238,C00256,Current,268815.87,Active
A09239,C08504,Current,726615.45,Active
A09240,C00223,Investment,663443.18,Active
A09241,C02614,Savings,781414.01,Inactive
A09242,C06519,Investment,107904.27,Active
A09243,C00612,Investment,615954.67,Active
A09244,C09693,Current,329812.58,Active
A09245,C01307,Savings,101602.40,Active
A09246,C08186,Savings,976498.29,Active
A09247,C08576,Current,519802.36,Active
A09248,C07335,Current,694390.99,Inactive
A09249,C01973,Current,847741.36,Active
A09250,C05252,Current,472649.88,Active
A09251,C08618,Current,430981.85,Active
A09252,C08960,Investment,330528.16,Active
A09253,C09019,Savings,24097.22,Closed
A09254,C06024,Savings,655090.17,Active
A09255,C04898,Savings,66921.53,Inactive
A09256,C04726,Investment,84304.39,Active
A09257,C00297,Current,514680.84,Active
A09258,C05570,Savings,106580.19,Active
A09259,C01494,Savings,381139.81,Active
A09260,C08032,Investment,490437.43,Active
A09261,C00912,Investment,774898.21,Active
A09262,C04136,Investment,895493.55,Inactive
A09263,C07419,Current,458566.31,Active
A09264,C06237,Investment,317146.15,Active
A09265,C03146,Savings,987749.84,Closed
A09266,C04706,Savings,686674.88,Active
A09267,C06269,Investment,619012.66,Active
A09268,C03603,Investment,634619.77,Active
A09269,C07602,Savings,46391.17,Active
A09270,C04789,Current,66658.24,Active
A09271,C04439,Investment,941988.77,Active
A09272,C08507,Current,808744.31,Active
A09273,C03099,Savings,203800.54,Active
A09274,C04842,Investment,465945.49,Inactive
A09275,C00842,Current,3612.46,Active
A09276,C03015,Investment,913667.25,Active
A09277,C09229,Savings,151470.70,Active
A09278,C09304,Investment,357594.56,Active
A09279,C02755,Savings,857437.19,Active
A09280,C09008,Current,200080.67,Active
A09281,C02121,Current,802131.06,Active
A09282,C00659,Current,397503.91,Active
A09283,C04493,Investment,647852.17,Active
A09284,C09460,Current,214677.40,Active
A09285,C07485,Current,666472.96,Active
A09286,C04185,Current,982760.82,Active
A09287,C00996,Investment,768212.19,Active
A09288,C00066,Investment,401266.90,Active
A09289,C09236,Current,516797.81,Inactive
A09290,C00846,Current,943206.80,Active
A09291,C07998,Savings,584250.21,Active
A09292,C01382,Investment,937024.47,Active
A09293,C03478,Current,694087.73,Active
A09294,C00480,Savings,270131.16,Inactive
A09295,C02395,Savings,167434.24,Active
A09296,C08809,Investment,710703.24,Closed
A09297,C09475,Current,562939.75,Inactive
A09298,C07999,Savings,767304.42,Inactive
A09299,C07215,Current,39981.90,Active
A09300,C02756,Investment,300866.22,Active
A09301,C04383,Current,249467.05,Active
A09302,C02070,Investment,573943.57,Active
A09303,C01551,Savings,895429.55,Closed
A09304,C07730,Investment,853541.58,Active
A09305,C00583,Investment,185199.72,Active
A09306,C04318,Savings,497413.35,Active
A09307,C08437,Savings,108752.87,Inactive
A09308,C01999,Investment,61580.29,Active
A09309,C03082,Savings,914753.19,Active
A09310,C08868,Investment,642540.30,Inactive
A09311,C05416,Investment,990754.35,Active
A09312,C09001,Savings,924532.65,Active
A09313,C09815,Investment,809479.53,Active
A09314,C06042,Investment,97719.43,Closed
A09315,C04590,Investment,552081.16,Active
A09316,C04897,Current,655831.12,Active
A09317,C02560,Savings,190768.17,Active
A09318,C06531,Current,165917.62,Active
A09319,C04961,Current,279381.20,Active
A09320,C07953,Current,139554.19,Active
A09321,C08917,Investment,897972.09,Active
A09322,C00876,Current,436039.71,Active
A09323,C02460,Current,345611.37,Active
A09324,C07094,Investment,38758.95,Active
A09325,C04432,Investment,850065.46,Active
A09326,C09086,Savings,102128.61,Active
A09327,C07477,Current,179421.13,Active
A09328,C09576,Current,610807.46,Inactive
A09329,C02671,Current,734072.47,Active
A09330,C09192,Current,469503.53,Active
A09331,C02564,Savings,380300.06,Active
A09332,C05112,Savings,805481.91,Inactive
A09333,C02143,Current,257607.99,Active
A09334,C05854,Investment,903239.44,Active
A09335,C05637,Current,858659.26,Active
A09336,C04676,Savings,949395.24,Active
A09337,C02022,Investment,924979.59,Active
A09338,C04540,Current,907536.31,Active
A09339,C08063,Investment,209448.58,Active
A09340,C09104,Investment,491322.37,Active
A09341,C00780,Current,267950.69,Active
A09342,C03454,Current,282372.36,Active
A09343,C05798,Current,74226.95,Active
A09344,C07150,Investment,477404.90,Active
A09345,C02428,Investment,74957.53,Active
A09346,C01500,Savings,279154.58,Active
A09347,C09148,Savings,863590.84,Closed
A09348,C06233,Current,597935.82,Active
A09349,C00164,Current,58247.98,Active
A09350,C03633,Investment,292687.82,Active
A09351,C03608,Investment,265733.85,Active
A09352,C00930,Current,667773.74,Active
A09353,C09321,Savings,129073.06,Active
A09354,C07293,Savings,421741.30,Inactive
A09355,C00813,Savings,280891.01,Active
A09356,C09362,Current,822611.41,Active
A09357,C04360,Savings,637530.77,Active
A09358,C05960,Current,308438.10,Inactive
A09359,C03576,Investment,481607.83,Active
A09360,C00689,Savings,140319.95,Inactive
A09361,C06319,Savings,241764.48,Inactive
A09362,C08096,Current,637021.35,Active
A09363,C07820,Investment,273911.97,Active
A09364,C06632,Current,356632.53,Active
A09365,C06916,Current,377753.50,Inactive
A09366,C04188,Investment,714709.47,Active
A09367,C08363,Savings,393607.78,Active
A09368,C04561,Savings,213293.04,Active
A09369,C02324,Savings,111496.50,Closed
A09370,C04192,Investment,353789.84,Active
A09371,C04649,Investment,997992.02,Active
A09372,C02183,Savings,306858.10,Active
A09373,C00268,Current,572621.95,Active
A09374,C00703,Savings,335017.26,Active
A09375,C09185,Savings,423045.96,Active
A09376,C04798,Current,581675.05,Active
A09377,C01403,Investment,906761.17,Active
A09378,C05791,Savings,619825.00,Active
A09379,C00544,Savings,321486.35,Closed
A09380,C03550,Current,92146.88,Active
A09381,C08159,Current,36846.42,Inactive
A09382,C05438,Savings,658216.88,Closed
A09383,C05300,Current,902983.12,Active
A09384,C03433,Current,977138.17,Active
A09385,C09956,Current,176083.28,Active
A09386,C00715,Investment,677976.95,Active
A09387,C05265,Savings,943103.74,Closed
A09388,C01633,Savings,792290.90,Active
A09389,C01586,Current,337564.26,Active
A09390,C09416,Investment,845263.79,Active
A09391,C09348,Savings,913097.34,Active
A09392,C07200,Savings,433941.67,Active
A09393,C03551,Current,810310.05,Active
A09394,C01414,Savings,646245.01,Active
A09395,C03353,Savings,548387.53,Active
A09396,C02477,Investment,355780.26,Active
A09397,C06504,Savings,876537.99,Active
A09398,C01985,Current,579965.10,Active
A09399,C06856,Current,74185.19,Active
A09400,C08937,Savings,874829.34,Active
A09401,C04822,Current,553484.13,Closed
A09402,C06216,Savings,119098.11,Active
A09403,C00238,Savings,122992.81,Active
A09404,C04218,Current,42537.67,Active
A09405,C05338,Investment,584455.18,Active
A09406,C07560,Savings,88918.75,Active
A09407,C02488,Savings,203703.34,Inactive
A09408,C01221,Investment,897650.11,Active
A09409,C03242,Current,708714.81,Active
A09410,C06361,Savings,828333.89,Active
A09411,C03299,Investment,805646.51,Closed
A09412,C01283,Current,227764.93,Active
A09413,C04225,Savings,763298.41,Active
A09414,C04775,Current,728109.44,Active
A09415,C00154,Current,718930.69,Active
A09416,C09765,Investment,282101.31,Inactive
A09417,C06100,Savings,619461.14,Active
A09418,C01011,Savings,480053.31,Active
A09419,C03311,Investment,189664.70,Active
A09420,C04007,Current,908594.41,Active
A09421,C07260,Current,111944.59,Active
A09422,C00053,Current,663528.38,Active
A09423,C08771,Savings,336768.91,Active
A09424,C08367,Investment,239520.28,Active
A09425,C06156,Savings,141753.87,Inactive
A09426,C05577,Investment,486997.60,Active
A09427,C05539,Savings,479812.40,Active
A09428,C09772,Savings,481755.89,Active
A09429,C04099,Investment,673157.49,Active
A09430,C04069,Current,426653.01,Active
A09431,C01603,Savings,756622.89,Active
A09432,C02925,Investment,519547.02,Active
A09433,C08927,Investment,459427.44,Active
A09434,C00379,Savings,668938.12,Active
A09435,C04708,Savings,847853.63,Active
A09436,C03127,Investment,228112.52,Active
A09437,C07290,Savings,512229.80,Active
A09438,C02443,Investment,886999.33,Active
A09439,C05755,Current,368583.00,Active
A09440,C06258,Savings,294580.72,Active
A09441,C07613,Current,305724.03,Active
A09442,C00306,Current,281300.36,Active
A09443,C03928,Current,500064.10,Closed
A09444,C02597,Investment,846805.90,Active
A09445,C04394,Investment,284689.06,Active
A09446,C05327,Savings,406532.31,Active
A09447,C03528,Investment,248532.52,Active
A09448,C06380,Savings,392631.13,Active
A09449,C06919,Savings,543248.33,Active
A09450,C01797,Investment,138180.79,Active
A09451,C08230,Investment,657584.26,Active
A09452,C04202,Current,420208.80,Active
A09453,C00244,Savings,664099.03,Active
A09454,C08889,Current,504885.44,Active
A09455,C05908,Investment,183790.50,Active
A09456,C09784,Current,926203.95,Active
A09457,C02894,Investment,641102.25,Active
A09458,C04664,Investment,834376.74,Inactive
A09459,C07547,Current,125810.52,Active
A09460,,Investment,81577.78,Active
A09461,C09624,Current,111543.67,Active
A09462,C06542,Current,310904.97,Active
A09463,C02635,Investment,97369.06,Active
A09464,C04643,Current,44326.72,Active
A09465,C04191,Current,779595.90,Active
A09466,C02898,Savings,88939.95,Active
A09467,C06177,Savings,472309.00,Active
A09468,C08389,Investment,134408.74,Active
A09469,C04235,Investment,263110.21,Active
A09470,C07245,Savings,639486.59,Active
A09471,C00478,Current,361726.70,Active
A09472,C01500,Savings,926342.90,Inactive
A09473,C09960,Investment,373200.13,Active
A09474,C07822,Current,752032.28,Active
A09475,C05052,Current,929799.15,Closed
A09476,C03755,Current,342552.23,Inactive
A09477,C03567,Current,24575.13,Active
A09478,C02688,Savings,863522.34,Active
A09479,C02672,Current,23599.05,Active
A09480,C03035,Savings,732990.74,Active
A09481,C03589,Current,514867.83,Active
A09482,C07284,Investment,661030.56,Active
A09483,C07087,Investment,182844.96,Active
A09484,C02455,Current,32265.77,Active
A09485,C09280,Current,174578.57,Active
A09486,C05952,Investment,64333.81,Inactive
A09487,C08403,Investment,967387.91,Active
A09488,C05867,Savings,849193.41,Active
A09489,C07191,Current,786922.22,Active
A09490,C09590,Investment,284189.18,Active
A09491,C05238,Current,842210.01,Active
A09492,C00624,Current,295135.08,Closed
A09493,C07409,Savings,840286.71,Inactive
A09494,C09468,Savings,186628.47,Active
A09495,C09228,Current,448484.50,Active
A09496,C05998,Investment,865323.58,Active
A09497,C00469,Investment,429027.81,Active
A09498,C03377,Savings,4522.80,Active
A09499,C01402,Investment,975101.90,Active
A09500,C05834,Current,795109.99,Active
A09501,C09756,Current,649481.50,Active
A09502,C06783,Savings,71496.72,Active
A09503,C06933,Investment,847527.72,Active
A09504,C09135,Investment,377061.25,Active
A09505,C08051,Savings,237529.22,Active
A09506,C06781,Current,244098.31,Inactive
A09507,C07004,Investment,706003.24,Active
A09508,C08379,Current,827980.19,Active
A09509,C05466,Investment,258586.54,Closed
A09510,C05467,Savings,967305.86,Active
A09511,C09039,Current,332668.47,Active
A09512,C03054,Investment,514723.89,Active
A09513,C02018,Current,157731.47,Active
A09514,C06838,Savings,11435.14,Inactive
A09515,C01473,Savings,762792.06,Inactive
A09516,C09126,Savings,804427.08,Active
A09517,C03861,Current,89656.27,Active
A09518,C09639,Current,671854.54,Active
A09519,C07290,Current,339356.72,Active
A09520,C00333,Investment,477264.28,Active
A09521,C04226,Savings,802045.48,Active
A09522,C01177,Investment,174456.84,Active
A09523,C04717,Current,107270.75,Active
A09524,C05384,Investment,335049.68,Active
A09525,C04264,Investment,31071.65,Active
A09526,C07197,Investment,807937.34,Active
A09527,C00882,Savings,362544.84,Active
A09528,C03754,Savings,893903.09,Closed
A09529,C03742,Investment,351398.92,Active
A09530,C07105,Investment,620888.73,Active
A09531,C02022,Current,804017.71,Active
A09532,C03361,Current,328089.40,Active
A09533,C09020,Investment,423200.40,Active
A09534,C07869,Savings,904258.06,Inactive
A09535,C08000,Current,383755.40,Active
A09536,C09187,Savings,384658.26,Active
A09537,C00869,Current,717185.72,Active
A09538,C06878,Current,28949.07,Active
A09539,C08854,Savings,178817.53,Active
A09540,C00361,Investment,745581.39,Active
A09541,C04595,Savings,454882.42,Active
A09542,C03312,Investment,992650.95,Inactive
A09543,C03144,Current,225896.23,Active
A09544,C02400,Current,433813.90,Active
A09545,C05871,Savings,155932.88,Active
A09546,C01315,Savings,248908.09,Active
A09547,C04810,Investment,823815.88,Active
A09548,C06797,Investment,549615.21,Active
A09549,C06303,Current,539988.91,Active
A09550,C02859,Current,240625.02,Active
A09551,C06718,Investment,546627.97,Active
A09552,C06706,Investment,269108.27,Active
A09553,C08368,Investment,848017.24,Active
A09554,C09947,Savings,878281.33,Active
A09555,C08056,Investment,666221.11,Active
A09556,C09261,Savings,181246.93,Active
A09557,C09739,Investment,253642.12,Active
A09558,C09960,Current,617174.02,Active
A09559,C09061,Current,329551.15,Inactive
A09560,C08229,Current,251196.91,Active
A09561,C01016,Investment,805847.68,Active
A09562,C03832,Savings,480833.60,Inactive
A09563,C01877,Current,655967.69,Active
A09564,C00519,Investment,998870.17,Inactive
A09565,C09113,Current,14080.32,Active
A09566,C01250,Investment,250678.13,Active
A09567,C01104,Savings,511172.73,Active
A09568,C08960,Investment,600887.46,Active
A09569,C03589,Current,528507.61,Active
A09570,C00721,Current,459582.38,Active
A09571,C04386,Current,698277.86,Active
A09572,C05177,Savings,774906.08,Active
A09573,C02198,Current,406534.30,Active
A09574,C01054,Investment,680610.93,Active
A09575,C01418,Savings,568696.94,Active
A09576,C02161,Current,354245.98,Active
A09577,C02176,Savings,407192.66,Active
A09578,C04916,Current,173450.65,Inactive
A09579,C00180,Savings,7872.82,Closed
A09580,C08883,Investment,521551.39,Closed
A09581,C07725,Investment,421932.90,Active
A09582,C01750,Current,240721.47,Inactive
A09583,C02713,Savings,179573.26,Active
A09584,C07039,Investment,964649.63,Active
A09585,C01281,Current,564126.50,Active
A09586,C08787,Investment,72777.87,Active
A09587,C08066,Savings,143980.63,Active
A09588,C01182,Investment,675590.75,Active
A09589,C00669,Savings,448093.78,Active
A09590,C04048,Savings,98311.69,Active
A09591,C05227,Investment,810834.55,Active
A09592,C05217,Investment,220065.78,Active
A09593,C08910,Current,115199.15,Closed
A09594,C01115,Investment,296352.13,Active
A09595,C00328,Current,265539.45,Active
A09596,C07750,Savings,228085.66,Active
A09597,C08549,Investment,972823.54,Active
A09598,C08272,Savings,97161.03,Inactive
A09599,C00770,Current,378403.57,Active
A09600,C00527,Current,666451.27,Active
A09601,C05956,Current,535863.93,Active
A09602,C07589,Savings,252500.26,Active
A09603,C07177,Current,406882.55,Active
A09604,C06660,Current,715548.95,Active
A09605,C06116,Current,587982.11,Active
A09606,C07961,Savings,176839.10,Active
A09607,C03518,Current,839302.37,Active
A09608,C00467,Current,456272.03,Closed
A09609,C01899,Current,852526.81,Active
A09610,C07142,Savings,603398.25,Active
A09611,C06326,Investment,631002.79,Active
A09612,C07825,Savings,265846.25,Active
A09613,C00963,Investment,808209.40,Active
A09614,C08883,Current,738562.30,Active
A09615,C06458,Savings,630853.42,Active
A09616,C06607,Investment,527568.39,Active
A09617,C08297,Investment,608836.14,Inactive
A09618,C02385,Savings,623868.96,Active
A09619,C03760,Savings,734030.10,Inactive
A09620,C04872,Savings,95856.32,Active
A09621,C03445,Current,957589.40,Active
A09622,C05675,Current,252508.70,Active
A09623,C00232,Current,312880.21,Active
A09624,C00407,Current,685306.85,Active
A09625,C04771,Savings,405320.42,Active
A09626,C06960,Investment,660491.81,Active
A09627,C06334,Current,843484.02,Active
A09628,C00871,Savings,221533.33,Active
A09629,C00261,Current,976481.96,Inactive
A09630,C04355,Savings,117648.95,Active
A09631,C00641,Current,803769.26,Active
A09632,C00352,Current,872257.76,Active
A09633,C00429,Investment,831859.76,Active
A09634,C06862,Investment,924971.17,Active
A09635,C09162,Investment,581920.68,Active
A09636,C00855,Investment,880347.27,Active
A09637,C07192,Savings,276232.63,Closed
A09638,C07822,Current,235746.45,Closed
A09639,C09200,Investment,445231.37,Active
A09640,C02483,Current,834758.31,Active
A09641,C06415,Current,226470.17,Active
A09642,C08554,Investment,960597.77,Active
A09643,C01017,Savings,737068.47,Active
A09644,C00735,Investment,372222.25,Active
A09645,C04441,Investment,68339.96,Active
A09646,C06372,Current,68459.83,Inactive
A09647,C09578,Savings,959173.77,Active
A09648,C01068,Investment,603221.89,Inactive
A09649,C02323,Current,93647.97,Active
A09650,C06865,Current,61066.53,Active
A09651,C08277,Savings,858230.37,Active
A09652,C07776,Savings,882144.28,Closed
A09653,C07161,Current,541734.44,Inactive
A09654,C04254,Current,79151.13,Active
A09655,C05344,Investment,92508.23,Active
A09656,C06686,Savings,254402.89,Inactive
A09657,C03738,Savings,843262.55,Active
A09658,C03962,Current,878692.54,Closed
A09659,C06406,Investment,115959.10,Active
A09660,C09870,Investment,240330.27,Active
A09661,C01316,Investment,500134.30,Active
A09662,C04623,Savings,281469.55,Active
A09663,C01514,Savings,839491.26,Active
A09664,C01067,Investment,348210.26,Active
A09665,C01116,Current,92473.37,Active
A09666,C02434,Investment,696500.69,Active
A09667,C03162,Current,990897.52,Active
A09668,C04898,Current,18314.25,Active
A09669,C01176,Investment,480101.35,Active
A09670,C00933,Savings,814682.55,Active
A09671,C03323,Current,646503.37,Active
A09672,C01075,Current,166893.53,Active
A09673,C06344,Savings,964179.68,Inactive
A09674,C09880,Investment,80458.05,Active
A09675,C05372,Investment,160772.09,Active
A09676,C03935,Savings,546769.32,Active
A09677,C00740,Investment,386921.71,Active
A09678,C02617,Investment,589794.61,Active
A09679,C05877,Current,227954.87,Active
A09680,C07564,Current,436229.12,Active
A09681,C04863,Investment,103760.30,Active
A09682,C05047,Current,138761.62,Active
A09683,C05530,Investment,990446.08,Active
A09684,C03163,Current,385875.60,Active
A09685,C01305,Savings,979945.17,Inactive
A09686,C09720,Investment,864624.55,Closed
A09687,C05233,Current,156629.42,Inactive
A09688,C06136,Current,291062.30,Inactive
A09689,C04189,Savings,169900.27,Active
A09690,C01165,Current,92042.00,Active
A09691,C06424,Investment,203444.88,Active
A09692,C05166,Investment,774422.18,Inactive
A09693,C03854,Savings,734790.67,Inactive
A09694,C03499,Savings,348438.97,Active
A09695,C03724,Savings,78823.88,Active
A09696,C04000,Current,140539.65,Active
A09697,C06889,Current,717262.63,Active
A09698,C08383,Savings,742722.55,Active
A09699,C03462,Investment,868994.02,Active
A09700,C02883,Investment,924363.98,Active
A09701,C01921,Savings,104738.32,Active
A09702,C09379,Investment,216825.16,Active
A09703,C08313,Current,585166.05,Active
A09704,C03588,Savings,47662.13,Active
A09705,C01036,Savings,516756.42,Active
A09706,C01351,Investment,645189.46,Active
A09707,C06927,Savings,162560.75,Inactive
A09708,C08359,Savings,562327.61,Active
A09709,C08298,Investment,119114.33,Active
A09710,C03871,Savings,764663.95,Inactive
A09711,C08509,Current,180057.51,Active
A09712,C06050,Investment,718112.91,Active
A09713,C08893,Investment,991017.06,Active
A09714,C09716,Current,500745.10,Active
A09715,C09118,Current,569298.67,Active
A09716,C04649,Current,262006.00,Active
A09717,C03271,Investment,345033.67,Active
A09718,C06252,Current,514760.12,Active
A09719,C09565,Savings,686704.73,Active
A09720,C02380,Investment,41372.03,Active
A09721,C06106,Current,983714.13,Active
A09722,C02506,Investment,264350.69,Active
A09723,C00606,Savings,301872.29,Active
A09724,C09447,Investment,775694.45,Active
A09725,C06581,Savings,647799.28,Active
A09726,C01766,Current,895663.51,Active
A09727,C08348,Current,417163.42,Active
A09728,C01748,Current,55009.92,Active
A09729,C04443,Investment,850455.27,Inactive
A09730,C04542,Current,242430.08,Active
A09731,C03085,Investment,755764.97,Inactive
A09732,C03114,Savings,261316.85,Active
A09733,C00954,Investment,669875.90,Active
A09734,C07766,Current,980477.41,Inactive
A09735,C06190,Current,805395.45,Closed
A09736,C04774,Current,660276.07,Active
A09737,C08511,Investment,268855.34,Active
A09738,C08596,Investment,606993.32,Inactive
A09739,C05741,Current,123768.75,Active
A09740,C06294,Savings,96816.98,Inactive
A09741,C02882,Savings,659045.70,Active
A09742,C05561,Investment,418376.47,Active
A09743,C05747,Investment,335404.94,Active
A09744,C02913,Investment,781857.27,Closed
A09745,C00376,Investment,672028.73,Active
A09746,C07126,Savings,802090.40,Active
A09747,C08424,Current,534285.82,Active
A09748,C06471,Investment,762625.54,Active
A09749,C08123,Current,323803.91,Active
A09750,C07229,Current,523738.51,Active
A09751,C03500,Current,598808.48,Active
A09752,C00595,Investment,581364.45,Active
A09753,C03835,Investment,786565.93,Active
A09754,C05820,Investment,700168.66,Active
A09755,C07622,Current,275694.16,Active
A09756,C04109,Savings,195978.18,Inactive
A09757,C09284,Investment,682380.46,Active
A09758,C05538,Current,789654.77,Active
A09759,C03269,Savings,195493.32,Closed
A09760,C04768,Savings,746591.08,Closed
A09761,C07700,Investment,134951.34,Active
A09762,C04731,Investment,941680.91,Active
A09763,C01583,Investment,979507.70,Active
A09764,C04217,Savings,763428.61,Active
A09765,C02036,Investment,49538.06,Active
A09766,C08532,Current,967241.63,Active
A09767,C03401,Savings,208823.45,Active
A09768,C07290,Investment,956876.13,Active
A09769,C05513,Current,474272.31,Active
A09770,C04610,Current,141893.90,Active
A09771,C04758,Savings,19490.92,Active
A09772,C01480,Investment,420092.91,Inactive
A09773,C02835,Current,165542.93,Active
A09774,C04972,Savings,80499.93,Active
A09775,C01506,Current,565659.30,Active
A09776,C07207,Investment,256872.06,Active
A09777,C01222,Investment,688977.71,Active
A09778,C01304,Investment,356465.67,Inactive
A09779,C01692,Savings,750322.33,Active
A09780,C08614,Savings,740341.82,Active
A09781,C02298,Current,415538.02,Active
A09782,C03440,Investment,263881.38,Active
A09783,C07319,Investment,105320.15,Active
A09784,C08662,Current,637155.82,Active
A09785,C05200,Current,473042.21,Active
A09786,C07646,Current,333549.73,Active
A09787,C07327,Savings,448852.30,Inactive
A09788,C07460,Investment,923456.98,Active
A09789,C09832,Investment,26833.22,Active
A09790,C04060,Savings,424533.71,Active
A09791,C02376,Investment,108356.43,Active
A09792,C02617,Savings,439495.97,Active
A09793,C09693,Current,452631.79,Active
A09794,C00332,Current,678325.27,Active
A09795,C05509,Investment,533830.05,Active
A09796,C03549,Current,270749.48,Active
A09797,C06028,Investment,752293.58,Inactive
A09798,C00536,Current,243071.92,Inactive
A09799,C07499,Current,321336.42,Active
A09800,C04261,Investment,993598.50,Active
A09801,C00256,Current,150799.21,Active
A09802,C09780,Investment,486804.95,Active
A09803,C08488,Current,459651.34,Active
A09804,C01132,Investment,571748.53,Active
A09805,C06397,Investment,442789.63,Active
A09806,C09527,Investment,740933.15,Active
A09807,C08807,Investment,936653.54,Active
A09808,C00526,Investment,852012.88,Active
A09809,C08505,Investment,42495.43,Inactive
A09810,C07978,Investment,680396.25,Active
A09811,C09818,Investment,183757.06,Active
A09812,C09445,Investment,988014.32,Inactive
A09813,C03987,Investment,71261.35,Active
A09814,C03101,Current,879440.38,Active
A09815,C08309,Investment,191734.20,Active
A09816,C02456,Investment,966880.67,Active
A09817,C06476,Current,286622.48,Active
A09818,C05267,Current,691405.51,Active
A09819,C02918,Savings,935720.20,Inactive
A09820,C05390,Savings,366101.47,Active
A09821,C07636,Investment,522854.00,Active
A09822,C04718,Investment,872814.57,Active
A09823,C00189,Current,578543.99,Active
A09824,C04700,Savings,8371.97,Active
A09825,C09344,Investment,150063.13,Active
A09826,C03619,Investment,453309.10,Closed
A09827,C04853,Savings,850941.62,Active
A09828,C08247,Investment,514233.33,Active
A09829,C04030,Investment,461808.73,Inactive
A09830,C04466,Investment,157755.43,Active
A09831,C04855,Savings,782669.78,Active
A09832,C06604,Investment,770197.09,Active
A09833,C03652,Investment,687419.42,Active
A09834,C07626,Current,841715.89,Active
A09835,C02475,Savings,485291.94,Active
A09836,C05205,Investment,679913.50,Active
A09837,C00782,Current,384834.35,Active
A09838,C03013,Savings,269805.76,Active
A09839,C03784,Savings,641247.36,Closed
A09840,C01378,Savings,781934.74,Active
A09841,C03126,Current,534939.31,Inactive
A09842,C00976,Current,537893.78,Active
A09843,C06701,Current,985550.71,Active
A09844,C03782,Investment,954956.00,Active
A09845,C06001,Savings,439375.39,Active
A09846,C02872,Savings,38900.62,Active
A09847,C08688,Savings,658414.59,Active
A09848,C04912,Current,681728.19,Active
A09849,C01986,Savings,40475.49,Active
A09850,C01656,Savings,512260.23,Active
A09851,C07961,Savings,280120.85,Active
A09852,C06678,Current,2815.91,Active
A09853,C06261,Current,976999.66,Active
A09854,C01788,Savings,509754.25,Active
A09855,C04711,Savings,225124.69,Active
A09856,C02705,Investment,733531.25,Active
A09857,C01277,Savings,128020.32,Active
A09858,C02590,Investment,971657.00,Active
A09859,C03561,Investment,578083.53,Active
A09860,C08852,Current,926531.35,Active
A09861,C01973,Current,981069.06,Active
A09862,C05193,Savings,172892.58,Active
A09863,C04404,Investment,85733.21,Active
A09864,C00859,Investment,760447.83,Active
A09865,C09515,Current,224440.69,Active
A09866,C01505,Savings,329296.26,Active
A09867,C04869,Investment,790657.69,Active
A09868,C08851,Savings,798617.25,Inactive
A09869,C04044,Investment,324345.97,Active
A09870,C04992,Investment,706656.80,Active
A09871,C09356,Current,943950.69,Active
A09872,C01421,Current,407160.88,Active
A09873,C01739,Investment,815210.48,Active
A09874,C01681,Savings,348445.37,Active
A09875,C03425,Investment,114855.98,Active
A09876,C07306,Savings,79276.27,Active
A09877,C00021,Current,674590.69,Inactive
A09878,C09173,Investment,138039.02,Active
A09879,C04299,Investment,348588.59,Closed
A09880,C00487,Investment,26606.33,Active
A09881,C02891,Investment,495289.94,Active
A09882,C06031,Savings,648471.95,Active
A09883,C03352,Investment,456155.84,Active
A09884,C02069,Savings,743533.20,Active
A09885,C06206,Current,412606.40,Active
A09886,C01550,Current,445232.50,Active
A09887,C02333,Current,817740.02,Closed
A09888,C05091,Current,705401.71,Active
A09889,C00357,Current,977261.67,Active
A09890,C05263,Savings,248823.09,Active
A09891,C05071,Investment,583723.59,Active
A09892,C07507,Investment,198435.57,Active
A09893,C06969,Investment,510061.48,Closed
A09894,C07159,Savings,574788.94,Inactive
A09895,C00996,Investment,672533.00,Inactive
A09896,C02310,Investment,701911.88,Active
A09897,C04393,Savings,142383.09,Active
A09898,C07022,Current,785843.84,Active
A09899,C04190,Current,686319.10,Active
A09900,C07075,Investment,652825.15,Active
A09901,C08859,Current,518842.58,Active
A09902,C00293,Current,14132.62,Active
A09903,C09992,Investment,186645.72,Active
A09904,C01065,Current,900418.27,Closed
A09905,C05596,Investment,742607.37,Active
A09906,C07554,Investment,96992.95,Active
A09907,C09530,Savings,171083.04,Active
A09908,C01561,Current,823763.06,Active
A09909,C05888,Savings,192736.31,Active
A09910,C03415,Savings,611846.25,Active
A09911,C09853,Current,505575.79,Active
A09912,C03431,Savings,51337.89,Active
A09913,C00819,Investment,341504.34,Active
A09914,C05952,Current,259515.16,Active
A09915,C00160,Savings,258961.64,Active
A09916,C08801,Current,437677.67,Active
A09917,C05974,Savings,584345.32,Active
A09918,C04212,Investment,244451.90,Active
A09919,C05664,Savings,251841.40,Inactive
A09920,C04929,Investment,981858.11,Active
A09921,C02296,Investment,18476.44,Active
A09922,C05246,Current,271105.69,Active
A09923,C02992,Investment,211546.03,Active
A09924,C07418,Investment,570755.64,Active
A09925,C09563,Current,903784.31,Inactive
A09926,C03011,Investment,237355.05,Active
A09927,C09394,Current,667532.16,Inactive
A09928,C04849,Savings,438866.98,Closed
A09929,C09825,Current,741680.88,Active
A09930,C04559,Investment,858147.86,Active
A09931,C05589,Savings,568008.74,Active
A09932,C04984,Current,531928.61,Active
A09933,C04671,Savings,881709.39,Active
A09934,C09061,Savings,506735.31,Inactive
A09935,C00220,Investment,989067.12,Active
A09936,C09236,Savings,348392.05,Active
A09937,C01970,Investment,591480.15,Inactive
A09938,C06245,Savings,245386.53,Active
A09939,C01369,Current,978445.96,Active
A09940,C06044,Current,223534.75,Active
A09941,C03647,Savings,49314.35,Active
A09942,C03168,Savings,320426.12,Inactive
A09943,C00665,Savings,349059.18,Active
A09944,C00209,Current,666638.31,Active
A09945,C05399,Investment,403923.35,Active
A09946,C01504,Current,931781.60,Closed
A09947,C07259,Savings,340865.39,Closed
A09948,C02385,Investment,504934.43,Active
A09949,C06277,Savings,369178.82,Active
A09950,C07492,Current,700407.24,Active
A09951,C02008,Current,920415.54,Active
A09952,C06444,Current,902082.43,Active
A09953,C00224,Current,213414.14,Active
A09954,C05576,Investment,392638.28,Active
A09955,C01381,Savings,423005.89,Active
A09956,C07530,Investment,390753.78,Active
A09957,C03010,Current,891654.63,Active
A09958,C02529,Savings,311886.18,Active
A09959,C09841,Savings,503740.50,Active
A09960,C05647,Current,186447.01,Active
A09961,C08137,Investment,770219.89,Active
A09962,C04747,Savings,500246.00,Active
A09963,C04052,Current,739696.29,Active
A09964,C00872,Current,948776.91,Inactive
A09965,C07830,Current,772731.83,Active
A09966,C03518,Current,746764.60,Active
A09967,C03358,Current,930955.20,Active
A09968,C01636,Current,672796.85,Active
A09969,C05940,Current,611355.16,Inactive
A09970,C00908,Investment,678151.91,Active
A09971,C05108,Current,302214.52,Active
A09972,C08094,Current,7213.09,Active
A09973,C06078,Current,901777.10,Active
A09974,C00421,Savings,852101.58,Inactive
A09975,C03322,Investment,169776.66,Active
A09976,C08805,Current,405335.06,Active
A09977,C01614,Investment,967984.82,Active
A09978,C07484,Savings,410691.86,Active
A09979,C05516,Current,419357.63,Active
A09980,C09952,Savings,378484.24,Active
A09981,C00726,Current,903301.81,Active
A09982,C08108,Savings,927144.43,Active
A09983,C06776,Current,712778.52,Active
A09984,C04241,Current,698610.45,Active
A09985,C07694,Investment,119085.34,Active
A09986,C02563,Savings,395560.14,Inactive
A09987,C02084,Savings,256143.45,Inactive
A09988,C04181,Current,727275.20,Active
A09989,C04302,Investment,985000.72,Active
A09990,C04439,Investment,718074.51,Active
A09991,C01579,Current,800081.18,Active
A09992,C00423,Investment,595853.16,Inactive
A09993,C07837,Investment,806875.20,Closed
A09994,C04002,Savings,519856.89,Active
A09995,C08047,Savings,221870.47,Active
A09996,C01899,Current,394356.39,Active
A09997,C07919,Savings,340842.49,Active
A09998,C00660,Investment,781294.96,Active
A09999,C08775,Savings,543545.19,Active
A10000,C06510,Investment,403194.12,Active
A10001,C08971,Investment,364704.45,Active
A10002,C01417,Savings,43868.53,Active
A10003,C08889,Investment,441447.58,Active
A10004,C06307,Savings,555747.89,Active
A10005,C00464,Current,55937.05,Active
A10006,C04390,Savings,931821.88,Active
A10007,C06649,Investment,642671.84,Active
A10008,C03297,Savings,397974.90,Active
A10009,C08621,Current,194626.39,Inactive
A10010,C01445,Investment,809142.13,Active
A10011,C00211,Current,785288.32,Active
A10012,C08438,Investment,917979.44,Active
A10013,C07840,Current,995481.99,Active
A10014,C08566,Investment,711858.36,Active
A10015,C04147,Investment,849744.68,Active
A10016,C09665,Savings,502193.99,Active
A10017,C03531,Investment,600363.13,Active
A10018,C07512,Investment,688760.06,Active
A10019,C04609,Current,686587.16,Active
A10020,C08871,Investment,878937.44,Active
A10021,C05603,Investment,438215.24,Active
A10022,C01019,Savings,591857.76,Active
A10023,C02167,Current,75867.19,Active
A10024,C05777,Investment,445766.12,Active
A10025,C04835,Current,733663.86,Active
A10026,C03741,Current,215047.20,Active
A10027,C02266,Investment,916691.20,Active
A10028,C07174,Investment,585798.25,Active
A10029,C01463,Current,243107.81,Active
A10030,C03255,Investment,834711.40,Active
A10031,C04095,Current,571539.27,Active
A10032,C07331,Savings,731907.10,Active
A10033,C00983,Savings,329921.81,Active
A10034,C03972,Current,205049.91,Closed
A10035,C07020,Savings,609803.47,Active
A10036,C05272,Current,185004.03,Inactive
A10037,C04291,Savings,240059.39,Closed
A10038,C01449,Savings,17567.53,Closed
A10039,C07986,Current,617331.19,Active
A10040,C03592,Investment,535268.69,Active
A10041,C08262,Savings,531227.49,Active
A10042,C02181,Investment,664035.69,Active
A10043,C02327,Current,370677.00,Active
A10044,C05364,Savings,890762.29,Active
A10045,C00821,Current,398901.48,Active
A10046,C00912,Current,30676.21,Active
A10047,C09457,Current,41641.09,Active
A10048,C07617,Current,264624.33,Active
A10049,C05291,Investment,768718.83,Active
A10050,C08075,Savings,407085.87,Active
A10051,C05943,Investment,643478.97,Active
A10052,C04029,Current,19869.32,Active
A10053,C01329,Savings,750600.12,Active
A10054,C03975,Investment,164468.05,Active
A10055,C03112,Savings,228777.05,Active
A10056,C02614,Current,504239.43,Active
A10057,C00644,Investment,87267.29,Active
A10058,C00693,Savings,343300.95,Active
A10059,C04454,Savings,44833.86,Active
A10060,C09998,Current,730647.76,Active
A10061,C04499,Savings,292561.89,Inactive
A10062,C05409,Savings,628853.35,Active
A10063,C08609,Investment,558741.89,Active
A10064,C02622,Savings,813507.06,Inactive
A10065,C04037,Investment,378091.28,Active
A10066,C08653,Current,234476.68,Closed
A10067,C04332,Current,379150.47,Inactive
A10068,C07905,Current,932232.00,Active
A10069,C02109,Investment,208529.17,Closed
A10070,C08000,Savings,472374.77,Active
A10071,C08276,Current,795219.78,Active
A10072,C07087,Current,232975.53,Active
A10073,C00277,Investment,518695.59,Active
A10074,C07389,Savings,283194.95,Inactive
A10075,C05523,Current,254464.85,Active
A10076,C06017,Investment,512363.02,Closed
A10077,C04162,Savings,98379.47,Active
A10078,C03825,Investment,45752.83,Active
A10079,C07459,Investment,648988.25,Active
A10080,C08371,Investment,511536.62,Active
A10081,C01966,Investment,760945.17,Active
A10082,C00812,Investment,29628.24,Active
A10083,C06023,Investment,939678.65,Closed
A10084,C03758,Investment,703451.73,Active
A10085,C05910,Current,451984.32,Active
A10086,C06942,Savings,956911.49,Inactive
A10087,C04131,Savings,479602.76,Active
A10088,C03927,Investment,980365.51,Active
A10089,C05498,Current,736865.80,Inactive
A10090,C09582,Current,632288.95,Active
A10091,C03543,Investment,645704.60,Active
A10092,C06016,Savings,929900.18,Active
A10093,C04126,Current,790307.67,Active
A10094,C06345,Current,503294.48,Active
A10095,C07276,Investment,665587.64,Closed
A10096,C01013,Current,630561.62,Active
A10097,C05080,Current,348678.36,Active
A10098,C02811,Current,515154.37,Inactive
A10099,C09509,Savings,287716.76,Active
A10100,C07343,Current,327025.36,Active
A10101,C08302,Investment,203239.74,Active
A10102,C00651,Current,521737.79,Active
A10103,C08529,Current,807758.83,Active
A10104,C06225,Savings,550233.13,Active
A10105,C01357,Current,322979.17,Active
A10106,C04262,Savings,662247.22,Inactive
A10107,C07415,Current,964881.19,Active
A10108,C01940,Savings,327573.23,Active
A10109,C02126,Current,904448.83,Active
A10110,C06929,Savings,931961.76,Active
A10111,C05573,Investment,683573.05,Inactive
A10112,C08894,Investment,415128.58,Active
A10113,C05493,Current,552091.54,Active
A10114,C07541,Savings,427095.77,Active
A10115,C03587,Savings,865537.15,Active
A10116,C02727,Current,322219.85,Active
A10117,C05865,Current,483010.99,Active
A10118,C08310,Current,899051.93,Active
A10119,C01660,Investment,678706.58,Active
A10120,C09738,Current,513183.38,Active
A10121,C07879,Investment,419553.39,Active
A10122,C08736,Investment,631711.93,Active
A10123,C03596,Current,110492.05,Active
A10124,C06862,Savings,974585.10,Active
A10125,C09947,Investment,21297.73,Active
A10126,C04023,Savings,924052.62,Active
A10127,C03006,Savings,273391.06,Active
A10128,C08019,Current,960100.28,Active
A10129,C01604,Savings,426587.64,Active
A10130,C06399,Investment,614720.13,Active
A10131,C07311,Savings,504027.68,Active
A10132,C04398,Investment,907242.64,Active
A10133,C07631,Savings,384451.27,Active
A10134,,Investment,971262.14,Active
A10135,C09731,Current,143185.29,Active
A10136,C07613,Investment,751244.35,Inactive
A10137,C01824,Savings,518949.67,Active
A10138,C09274,Savings,558991.18,Active
A10139,C04596,Investment,684585.02,Active
A10140,C02140,Current,641481.66,Active
A10141,C08403,Savings,333547.05,Active
A10142,C08884,Investment,567004.55,Active
A10143,C03479,Current,645921.42,Active
A10144,C08341,Current,775188.00,Active
A10145,C02608,Savings,300244.94,Active
A10146,C04114,Investment,180008.58,Active
A10147,C07662,Investment,339689.01,Active
A10148,C03728,Investment,409920.20,Active
A10149,C01249,Current,969459.64,Closed
A10150,C03483,Investment,825898.89,Active
A10151,C01428,Savings,743106.77,Active
A10152,C03338,Savings,803170.31,Closed
A10153,C04965,Savings,520929.67,Active
A10154,C04903,Current,287263.26,Active
A10155,C00986,Savings,24872.76,Active
A10156,C07661,Savings,357179.09,Active
A10157,C09367,Savings,93978.28,Active
A10158,C08305,Current,817307.15,Active
A10159,C04524,Investment,531247.39,Active
A10160,C09235,Current,80211.31,Active
A10161,C05131,Savings,675315.47,Active
A10162,C00449,Savings,121084.56,Active
A10163,C02586,Current,427270.33,Active
A10164,C02494,Savings,628687.08,Active
A10165,C02481,Current,406090.31,Active
A10166,C03587,Current,415430.28,Active
A10167,C09987,Savings,723442.60,Inactive
A10168,C06945,Current,923571.20,Active
A10169,C06793,Investment,930015.80,Active
A10170,C08117,Savings,922406.17,Active
A10171,C00787,Current,47953.16,Active
A10172,C09273,Current,971676.26,Inactive
A10173,C07923,Current,234408.06,Active
A10174,C08659,Investment,130007.98,Active
A10175,C07424,Investment,255651.65,Active
A10176,C01524,Savings,476097.76,Active
A10177,C09115,Current,853865.88,Active
A10178,C06611,Investment,107792.00,Active
A10179,C07741,Investment,81798.55,Active
A10180,C05391,Investment,761542.00,Active
A10181,C09660,Savings,528954.66,Inactive
A10182,C02278,Savings,602421.53,Active
A10183,C04380,Savings,503953.21,Active
A10184,C09422,Current,477343.94,Active
A10185,C06592,Savings,761809.58,Active
A10186,C00801,Savings,259100.44,Active
A10187,C01147,Investment,755232.43,Active
A10188,C05383,Current,516393.04,Active
A10189,C00630,Savings,194496.13,Active
A10190,C00068,Investment,933609.05,Closed
A10191,C01037,Current,423597.95,Active
A10192,C01349,Savings,142587.84,Inactive
A10193,C04808,Savings,218017.17,Active
A10194,C08296,Savings,446680.18,Active
A10195,C02259,Savings,111552.15,Inactive
A10196,C04507,Current,5123.78,Active
A10197,C02386,Current,685723.97,Active
A10198,C06667,Investment,701961.81,Closed
A10199,C02111,Current,388316.43,Active
A10200,C03831,Current,134891.86,Closed
A10201,C03803,Current,142326.24,Active
A10202,C08347,Current,437703.07,Active
A10203,C09702,Investment,394593.76,Active
A10204,C08230,Savings,81982.58,Active
A10205,C01961,Investment,391234.86,Active
A10206,C05404,Savings,365352.09,Active
A10207,C05721,Investment,187497.93,Active
A10208,C08158,Investment,282579.22,Active
A10209,C08574,Investment,529935.32,Active
A10210,C05428,Investment,620036.39,Active
A10211,C08532,Current,534247.02,Active
A10212,C03496,Investment,121324.29,Active
A10213,C03239,Savings,554079.45,Active
A10214,C03688,Investment,183906.17,Active
A10215,C07495,Current,306882.05,Active
A10216,C08682,Current,50499.44,Inactive
A10217,C04680,Current,27856.35,Inactive
A10218,C04872,Current,323638.09,Active
A10219,C04833,Savings,921045.54,Active
A10220,C00665,Current,35177.64,Active
A10221,C04905,Investment,614445.13,Active
A10222,C01723,Savings,690368.54,Inactive
A10223,C07733,Investment,459664.11,Active
A10224,C08123,Current,739905.25,Active
A10225,C00169,Savings,276678.64,Active
A10226,C05135,Current,342494.94,Active
A10227,C02289,Current,861678.58,Active
A10228,C03517,Current,208431.04,Inactive
A10229,C09429,Current,201918.00,Active
A10230,C05118,Current,569842.08,Active
A10231,C01973,Savings,917504.58,Active
A10232,C09693,Current,935765.74,Active
A10233,C03968,Current,597865.88,Inactive
A10234,C00763,Savings,580211.64,Active
A10235,C05668,Investment,806766.14,Active
A10236,C05112,Investment,935063.11,Active
A10237,C07938,Savings,508495.40,Active
A10238,C03868,Investment,995407.53,Active
A10239,C07736,Savings,939010.42,Active
A10240,C00576,Savings,206116.39,Inactive
A10241,C04416,Investment,575157.98,Active
A10242,C09122,Savings,429033.21,Active
A10243,C08033,Current,608989.40,Active
A10244,C01135,Savings,331599.58,Inactive
A10245,C09827,Investment,244410.84,Active
A10246,C00377,Current,667547.52,Active
A10247,C09980,Current,986563.95,Active
A10248,C05376,Savings,334110.46,Active
A10249,C00210,Current,761589.81,Active
A10250,C05409,Current,633894.84,Closed
A10251,C07558,Savings,891118.31,Active
A10252,C05931,Savings,59139.12,Active
A10253,C01623,Current,806322.92,Closed
A10254,C05953,Savings,441393.89,Active
A10255,C01575,Current,483444.56,Active
A10256,C00100,Investment,615584.26,Active
A10257,C07757,Investment,441974.87,Active
A10258,C01228,Investment,719571.72,Active
A10259,C04759,Current,944529.88,Active
A10260,C06899,Current,215345.25,Active
A10261,C09657,Investment,131275.02,Active
A10262,C06321,Current,966817.98,Active
A10263,C07457,Current,848605.25,Inactive
A10264,C09047,Investment,415699.49,Active
A10265,C09048,Investment,887890.49,Closed
A10266,C08048,Investment,353222.32,Inactive
A10267,C09628,Investment,998679.26,Active
A10268,C03066,Investment,774211.05,Active
A10269,C07195,Current,693950.40,Active
A10270,C07756,Investment,407445.82,Active
A10271,C06219,Current,859884.41,Active
A10272,C03221,Savings,37977.68,Active
A10273,C03348,Savings,164933.77,Active
A10274,C06584,Savings,22496.20,Active
A10275,C07998,Savings,616477.17,Active
A10276,C06828,Savings,592613.58,Active
A10277,C01350,Investment,860592.25,Active
A10278,C08244,Investment,667448.81,Inactive
A10279,C09777,Current,202045.36,Active
A10280,C00075,Savings,436148.49,Active
A10281,C02518,Investment,55486.43,Active
A10282,C01759,Investment,890236.34,Active
A10283,C07059,Current,642703.24,Active
A10284,C07237,Current,175430.66,Closed
A10285,C03024,Current,468762.02,Active
A10286,C03836,Current,531684.41,Active
A10287,C00285,Current,690923.98,Active
A10288,C05363,Savings,426187.79,Active
A10289,C01453,Investment,639048.00,Inactive
A10290,C04005,Savings,480681.29,Active
A10291,C09200,Investment,62126.20,Active
A10292,C02323,Savings,88218.91,Active
A10293,C03258,Investment,775059.69,Active
A10294,C06805,Current,944279.27,Inactive
A10295,C01559,Savings,78355.92,Active
A10296,C04469,Current,179295.82,Inactive
A10297,C05702,Investment,52177.72,Active
A10298,C09448,Savings,67769.27,Active
A10299,C07562,Savings,322237.17,Active
A10300,,Investment,124259.02,Closed
A10301,C01036,Current,24226.57,Active
A10302,C01758,Savings,826454.60,Active
A10303,C05630,Savings,839321.89,Active
A10304,C02729,Investment,456163.20,Active
A10305,C05432,Savings,988562.34,Active
A10306,C07660,Savings,195922.53,Active
A10307,C07947,Savings,558158.09,Active
A10308,C09657,Savings,284965.40,Closed
A10309,C08075,Savings,600717.58,Active
A10310,C06061,Savings,303688.47,Active
A10311,C08816,Investment,793674.43,Active
A10312,C08108,Current,752100.15,Active
A10313,C09274,Current,555985.95,Active
A10314,C04848,Investment,723069.41,Active
A10315,C09768,Savings,816729.22,Active
A10316,C03733,Current,745299.27,Active
A10317,C07750,Investment,980569.65,Active
A10318,C05800,Savings,765266.11,Active
A10319,C05045,Current,338257.82,Active
A10320,C09457,Savings,893828.02,Active
A10321,C05834,Investment,422291.83,Inactive
A10322,C06180,Current,843709.41,Closed
A10323,C06048,Investment,939733.12,Active
A10324,C01198,Savings,545794.98,Active
A10325,C07785,Savings,471426.64,Active
A10326,C07395,Current,472884.72,Closed
A10327,C07101,Savings,986437.70,Active
A10328,C00956,Investment,390552.20,Inactive
A10329,C04671,Savings,778342.69,Active
A10330,C00344,Current,207547.62,Active
A10331,C05717,Savings,562278.41,Active
A10332,C08202,Savings,322558.26,Active
A10333,C07650,Investment,22136.23,Active
A10334,C09197,Current,890068.35,Inactive
A10335,C07027,Investment,1672.35,Active
A10336,C05204,Savings,261354.02,Active
A10337,C05156,Savings,746715.42,Active
A10338,C08600,Savings,259260.44,Inactive
A10339,C03883,Investment,262895.14,Active
A10340,C09866,Savings,400486.29,Active
A10341,C03550,Investment,893931.32,Active
A10342,C08558,Savings,714863.38,Active
A10343,C03822,Savings,280019.51,Active
A10344,C04985,Savings,319529.07,Active
A10345,C02954,Investment,741152.05,Inactive
A10346,C02609,Current,461690.49,Closed
A10347,C07437,Savings,191022.38,Active
A10348,C09909,Investment,412180.28,Inactive
A10349,C06428,Savings,59385.41,Active
A10350,C01910,Savings,822192.49,Closed
A10351,C08071,Investment,445435.98,Active
A10352,C08864,Current,658780.04,Active
A10353,C08594,Investment,847467.20,Active
A10354,C03957,Savings,574684.26,Inactive
A10355,C07385,Current,141632.95,Active
A10356,C04896,Savings,815841.66,Active
A10357,C00088,Current,944263.58,Active
A10358,C00426,Investment,997119.70,Active
A10359,C06295,Investment,395434.68,Active
A10360,C00031,Current,517383.45,Active
A10361,C02992,Current,741221.75,Active
A10362,C08283,Investment,768541.20,Active
A10363,C03238,Current,638569.11,Active
A10364,C07241,Investment,12044.25,Inactive
A10365,C09528,Savings,174184.37,Active
A10366,C01977,Current,967979.03,Active
A10367,C01707,Current,448341.40,Active
A10368,C08166,Investment,633473.68,Active
A10369,C00528,Investment,846018.45,Active
A10370,C03676,Savings,760376.19,Active
A10371,C09682,Savings,330380.83,Active
A10372,C08633,Current,282937.23,Active
A10373,C08655,Current,741112.79,Active
A10374,C02795,Savings,83298.46,Active
A10375,C04813,Investment,271420.91,Active
A10376,C05645,Current,358805.67,Active
A10377,C07757,Savings,324148.09,Active
A10378,C00509,Savings,484725.87,Active
A10379,C03631,Investment,149814.10,Active
A10380,C00905,Savings,143936.19,Active
A10381,C01762,Current,807303.71,Active
A10382,C02844,Savings,484280.27,Inactive
A10383,C06973,Investment,472349.64,Active
A10384,C08068,Current,679614.81,Active
A10385,C08284,Current,885232.19,Active
A10386,C07349,Savings,368015.35,Active
A10387,C07148,Investment,466775.89,Active
A10388,C08433,Current,802907.12,Active
A10389,C09549,Current,589850.81,Active
A10390,C03450,Savings,632979.89,Active
A10391,C00131,Investment,558185.63,Active
A10392,C08398,Savings,79252.03,Active
A10393,C07513,Savings,906504.52,Active
A10394,C03230,Investment,771112.49,Active
A10395,C01810,Current,984918.10,Active
A10396,C08311,Savings,526297.75,Active
A10397,C03932,Current,834218.70,Closed
A10398,C06897,Savings,650419.88,Active
A10399,C02167,Current,341966.25,Active
A10400,C07386,Current,541298.51,Active
A10401,C09985,Savings,802983.58,Active
A10402,C08776,Savings,836161.41,Inactive
A10403,C04359,Savings,784329.16,Closed
A10404,C04420,Investment,273927.08,Active
A10405,C01007,Savings,886564.56,Active
A10406,C05125,Investment,594767.87,Active
A10407,C08376,Current,453087.98,Active
A10408,C07156,Current,728036.94,Active
A10409,C08026,Investment,1998.55,Active
A10410,C08316,Savings,539427.78,Active
A10411,C03308,Savings,61937.12,Active
A10412,C03341,Investment,734252.35,Active
A10413,C04750,Savings,445474.49,Active
A10414,C02166,Current,812631.45,Active
A10415,C08603,Investment,459567.11,Active
A10416,C04296,Investment,-100000.00,Active
A10417,C03590,Current,816043.66,Active
A10418,C06252,Savings,97560.71,Active
A10419,C08737,Current,132501.46,Active
A10420,C01300,Savings,914060.45,Active
A10421,C01741,Investment,944757.87,Active
A10422,C05499,Savings,181169.44,Active
A10423,C00153,Current,530584.99,Active
A10424,C07148,Current,859052.61,Active
A10425,C04100,Savings,284178.51,Active
A10426,C09491,Savings,644892.00,Active
A10427,C07251,Current,583516.84,Active
A10428,C06952,Current,363758.43,Active
A10429,C01208,Savings,823587.56,Active
A10430,C04906,Investment,552725.69,Inactive
A10431,C07088,Investment,891836.37,Active
A10432,C05764,Current,829260.97,Inactive
A10433,C02232,Savings,678771.59,Closed
A10434,C01071,Investment,978206.35,Active
A10435,C09547,Current,525945.93,Active
A10436,C09682,Investment,886469.31,Active
A10437,C08220,Savings,577181.76,Active
A10438,C02891,Savings,774519.40,Active
A10439,C01381,Investment,77675.23,Inactive
A10440,C00455,Investment,712074.66,Active
A10441,C06762,Investment,751607.79,Active
A10442,C09967,Current,605164.86,Active
A10443,C03369,Current,476155.98,Active
A10444,C08034,Savings,170040.96,Active
A10445,C07399,Savings,950799.53,Active
A10446,C05411,Current,272020.72,Active
A10447,C07130,Investment,253791.45,Active
A10448,C07482,Investment,402466.43,Active
A10449,C02852,Investment,93677.30,Active
A10450,C07964,Savings,385830.24,Active
A10451,C04697,Current,310663.21,Active
A10452,C09192,Savings,582982.52,Active
A10453,C02845,Current,493536.73,Inactive
A10454,C05084,Savings,585339.70,Active
A10455,C06087,Current,939641.32,Active
A10456,C04443,Current,950000.51,Active
A10457,C00597,Current,232720.49,Closed
A10458,C06273,Investment,43571.37,Active
A10459,C09186,Savings,270691.17,Active
A10460,C09836,Current,638921.20,Active
A10461,C07896,Current,198837.91,Inactive
A10462,C09304,Investment,536867.58,Active
A10463,C09028,Current,701554.80,Active
A10464,C09399,Savings,363190.04,Active
A10465,C01919,Investment,761800.86,Active
A10466,C05077,Investment,184215.29,Active
A10467,C04843,Investment,914686.87,Active
A10468,C01094,Investment,522374.81,Active
A10469,C04418,Current,452376.78,Active
A10470,C06925,Savings,751388.92,Active
A10471,C08846,Current,490919.79,Active
A10472,C00481,Investment,396923.15,Active
A10473,C00074,Investment,439789.65,Active
A10474,C06097,Savings,561450.85,Active
A10475,C01063,Current,248917.63,Active
A10476,C04619,Current,286386.64,Active
A10477,C05354,Investment,21262.39,Active
A10478,C05689,Savings,820723.72,Active
A10479,C00129,Savings,454838.84,Active
A10480,C04799,Investment,665573.48,Active
A10481,C08982,Savings,289231.66,Active
A10482,C07730,Current,24875.78,Active
A10483,C05911,Savings,194370.48,Inactive
A10484,C08109,Investment,926499.38,Active
A10485,C03912,Investment,169254.60,Active
A10486,C02525,Savings,502713.99,Active
A10487,C01317,Investment,553786.31,Active
A10488,C00742,Savings,782975.06,Active
A10489,C02350,Current,165367.98,Inactive
A10490,C04137,Savings,168010.13,Active
A10491,C07969,Current,42432.92,Active
A10492,C03490,Current,377640.09,Closed
A10493,C09713,Current,274165.02,Active
A10494,C07885,Savings,857947.90,Active
A10495,C06944,Current,932282.10,Active
A10496,C04054,Investment,245725.82,Active
A10497,C03868,Savings,633123.91,Active
A10498,C03553,Savings,137002.84,Active
A10499,C05412,Current,101202.08,Active
A10500,C05799,Investment,214900.32,Active
A10501,C01174,Current,219747.32,Active
A10502,C08311,Investment,84644.72,Active
A10503,C01367,Investment,744025.49,Active
A10504,C02349,Current,731836.63,Inactive
A10505,C02331,Current,110326.65,Active
A10506,C09824,Current,981192.67,Active
A10507,C09872,Current,371131.57,Active
A10508,C08328,Savings,149804.75,Active
A10509,C03611,Investment,490586.06,Active
A10510,C08966,Savings,817828.48,Active
A10511,C09931,Savings,611395.63,Active
A10512,C07190,Investment,368379.15,Active
A10513,C05727,Current,270364.69,Active
A10514,C05107,Current,274095.03,Active
A10515,C09838,Investment,463803.52,Active
A10516,C02406,Current,562591.98,Active
A10517,C03787,Savings,974891.11,Active
A10518,C03494,Savings,485700.21,Active
A10519,C07331,Investment,632971.39,Active
A10520,C03587,Current,541832.21,Active
A10521,C09736,Savings,978339.23,Active
A10522,C06380,Current,216368.14,Active
A10523,C06884,Current,346999.80,Active
A10524,C06197,Current,910483.79,Active
A10525,C00573,Current,478209.16,Active
A10526,C07846,Savings,362332.49,Active
A10527,C08846,Savings,908357.62,Active
A10528,C03712,Savings,366688.71,Active
A10529,C06094,Current,18096.13,Active
A10530,C09029,Current,114130.29,Active
A10531,C03978,Investment,261118.21,Active
A10532,C03818,Current,193369.48,Active
A10533,C00388,Investment,635397.18,Active
A10534,C00526,Savings,976251.61,Active
A10535,C08849,Savings,850160.59,Active
A10536,C00645,Current,539406.96,Active
A10537,C09115,Investment,745828.71,Active
A10538,C03775,Savings,750299.87,Active
A10539,C06770,Current,544392.59,Active
A10540,C03742,Investment,749329.10,Active
A10541,C07423,Current,954162.37,Active
A10542,C01616,Investment,169885.21,Active
A10543,C05440,Investment,781562.77,Active
A10544,C00295,Savings,618697.66,Active
A10545,C09534,Investment,208382.75,Inactive
A10546,C05241,Savings,815714.16,Active
A10547,C07263,Current,191195.76,Active
A10548,C06367,Investment,290591.32,Active
A10549,C06494,Savings,872706.84,Active
A10550,C00905,Investment,925996.57,Active
A10551,C00215,Current,837052.36,Active
A10552,C03303,Savings,237913.82,Active
A10553,C06423,Investment,71709.91,Active
A10554,C09144,Current,380782.85,Inactive
A10555,C01817,Savings,339615.77,Closed
A10556,C06314,Current,829069.99,Active
A10557,C04131,Current,797190.08,Active
A10558,C02413,Savings,622207.36,Active
A10559,C09748,Current,561893.04,Active
A10560,C00308,Savings,527518.44,Active
A10561,C07461,Savings,199910.08,Active
A10562,C00657,Investment,13807.53,Active
A10563,C08706,Current,858969.03,Active
A10564,C09228,Savings,202008.98,Closed
A10565,C07529,Savings,118578.80,Inactive
A10566,C00352,Current,213454.10,Active
A10567,C09838,Savings,101741.43,Active
A10568,C00134,Current,873514.19,Active
A10569,C02643,Investment,877336.52,Active
A10570,C03903,Investment,421504.41,Active
A10571,C01400,Savings,664144.25,Active
A10572,C08062,Savings,746352.73,Active
A10573,C03389,Investment,532107.13,Active
A10574,C01549,Savings,98273.51,Active
A10575,C01632,Savings,914864.66,Closed
A10576,C09823,Current,808038.32,Active
A10577,C07900,Investment,27114.10,Inactive
A10578,C02531,Investment,34546.88,Active
A10579,C07502,Investment,405968.19,Inactive
A10580,C03950,Savings,971735.76,Active
A10581,C05079,Current,201938.29,Active
A10582,C04563,Savings,135328.87,Active
A10583,C05359,Investment,808599.33,Active
A10584,C01303,Current,888797.49,Active
A10585,C02927,Investment,678775.09,Active
A10586,C06194,Savings,196852.62,Active
A10587,C07510,Current,40490.22,Active
A10588,C05057,Current,515076.81,Active
A10589,C04694,Investment,581516.91,Inactive
A10590,C06803,Savings,798764.73,Active
A10591,C01339,Current,715119.87,Active
A10592,C06283,Savings,736185.50,Inactive
A10593,C03279,Current,163471.37,Active
A10594,C05180,Current,372810.77,Active
A10595,C03949,Current,209331.96,Active
A10596,C00535,Savings,822551.91,Active
A10597,C09132,Investment,102771.94,Active
A10598,C05265,Current,555632.25,Active
A10599,C03419,Savings,677898.82,Inactive
A10600,C05517,Investment,429944.66,Active
A10601,C02321,Investment,132118.46,Active
A10602,C02149,Savings,418370.76,Active
A10603,C01993,Current,636265.89,Closed
A10604,C02313,Savings,894169.07,Active
A10605,C06398,Current,755169.94,Active
A10606,C00206,Investment,765162.89,Active
A10607,C02480,Current,983520.20,Active
A10608,C03902,Current,173303.68,Active
A10609,C05099,Savings,994906.28,Active
A10610,C08388,Investment,883572.19,Active
A10611,C09292,Savings,249682.21,Active
A10612,C09907,Current,262024.27,Active
A10613,C08472,Savings,765870.46,Active
A10614,C06430,Investment,864909.99,Active
A10615,C04784,Investment,559817.47,Active
A10616,C01684,Current,827064.13,Active
A10617,C06997,Savings,148220.44,Active
A10618,C06155,Investment,985004.18,Active
A10619,C09597,Current,378672.25,Active
A10620,C07010,Investment,158444.94,Active
A10621,C09799,Investment,891586.37,Closed
A10622,C02998,Investment,953959.80,Active
A10623,C07454,Investment,298122.70,Active
A10624,C04551,Investment,545231.81,Active
A10625,C04767,Current,468344.99,Active
A10626,C04832,Current,668351.96,Closed
A10627,C00670,Savings,109976.58,Active
A10628,C06331,Investment,247913.81,Inactive
A10629,C02609,Investment,741384.60,Active
A10630,C03843,Current,129946.75,Active
A10631,C00758,Current,420114.64,Active
A10632,C05130,Savings,67435.28,Active
A10633,C01013,Current,810004.63,Active
A10634,C02204,Current,795466.04,Active
A10635,C09022,Savings,887429.25,Active
A10636,C00778,Savings,721740.92,Active
A10637,C00631,Current,191680.89,Active
A10638,C07960,Current,564988.64,Active
A10639,C00458,Investment,92975.15,Inactive
A10640,C05905,Savings,181309.86,Active
A10641,C05061,Savings,855966.86,Active
A10642,C06071,Current,10793.52,Active
A10643,C02644,Current,123620.62,Active
A10644,C06296,Savings,71762.33,Active
A10645,C04668,Current,746083.27,Active
A10646,C06374,Current,892551.94,Active
A10647,C07093,Savings,636740.98,Active
A10648,C00540,Investment,870079.29,Active
A10649,C06912,Current,63742.14,Active
A10650,C02169,Current,319896.09,Inactive
A10651,C07807,Savings,482994.77,Active
A10652,C01060,Current,120187.82,Active
A10653,C09092,Current,439067.78,Active
A10654,C08661,Current,797841.02,Active
A10655,C00103,Investment,530186.76,Active
A10656,C05668,Savings,407435.88,Active
A10657,C05579,Investment,475339.29,Active
A10658,C03391,Investment,862547.27,Active
A10659,C03182,Current,831511.09,Inactive
A10660,C03172,Investment,214951.30,Active
A10661,C06436,Savings,6702.41,Active
A10662,C06765,Savings,130315.72,Active
A10663,C08161,Savings,446233.02,Active
A10664,C06482,Current,827470.15,Active
A10665,C01484,Current,834646.28,Active
A10666,C07134,Savings,449390.77,Active
A10667,C04401,Current,644352.68,Active
A10668,C05516,Current,592137.78,Active
A10669,C01062,Investment,579723.59,Active
A10670,C03083,Current,269024.50,Active
A10671,C01107,Investment,651215.30,Active
A10672,C00716,Savings,790545.21,Active
A10673,C09198,Savings,417091.87,Active
A10674,C05316,Current,918820.58,Active
A10675,C04992,Savings,620350.25,Active
A10676,C05650,Investment,957387.15,Active
A10677,C00626,Current,384451.46,Active
A10678,C03817,Current,14190.42,Active
A10679,C06238,Savings,910842.10,Active
A10680,C02021,Savings,929010.70,Inactive
A10681,C04071,Current,201529.09,Active
A10682,C02828,Investment,32024.28,Active
A10683,C03095,Savings,740949.71,Active
A10684,C04545,Current,814668.92,Active
A10685,C01562,Current,302677.89,Closed
A10686,C06813,Savings,790872.40,Inactive
A10687,C08264,Current,552024.45,Active
A10688,C01791,Current,413268.92,Active
A10689,C00299,Investment,487233.34,Active
A10690,C04134,Investment,96399.93,Active
A10691,C00479,Current,17399.42,Active
A10692,C08892,Savings,140032.63,Active
A10693,C01017,Current,31618.69,Active
A10694,C08700,Investment,166507.80,Active
A10695,C09012,Investment,892302.50,Active
A10696,C05114,Current,52373.00,Active
A10697,C05725,Investment,393163.48,Active
A10698,C00300,Investment,658959.16,Active
A10699,C01855,Investment,569629.74,Active
A10700,C07304,Investment,422007.06,Active
A10701,C07290,Savings,651769.47,Active
A10702,C06712,Investment,29685.69,Active
A10703,C06527,Savings,142565.60,Active
A10704,C02204,Current,412808.93,Active
A10705,C01053,Savings,846143.23,Active
A10706,C02220,Investment,725138.00,Active
A10707,C06259,Savings,786952.97,Active
A10708,C04503,Savings,918334.28,Active
A10709,C04791,Current,287719.32,Active
A10710,C08544,Current,886213.87,Active
A10711,C08644,Savings,607412.68,Inactive
A10712,C08842,Savings,641723.17,Active
A10713,C06164,Savings,908266.26,Active
A10714,C00640,Savings,745405.02,Active
A10715,C07376,Savings,610818.48,Active
A10716,C04369,Savings,106505.86,Active
A10717,C02959,Investment,41632.08,Closed
A10718,C08554,Investment,936166.40,Active
A10719,C01106,Investment,998140.71,Closed
A10720,C02760,Current,630538.54,Active
A10721,C03448,Savings,774105.40,Closed
A10722,C04939,Investment,255980.71,Active
A10723,C08391,Savings,719884.30,Active
A10724,C05532,Savings,109366.52,Active
A10725,C03870,Investment,955050.22,Active
A10726,C02722,Investment,219020.15,Closed
A10727,C05098,Savings,848640.50,Active
A10728,C05939,Current,483649.23,Inactive
A10729,C07408,Investment,729325.62,Active
A10730,C04221,Investment,732461.30,Active
A10731,C08740,Investment,510627.35,Active
A10732,C03731,Savings,790713.37,Active
A10733,C02850,Savings,379382.59,Active
A10734,C03769,Investment,342723.60,Active
A10735,C04006,Investment,167756.99,Active
A10736,C05683,Investment,77464.93,Active
A10737,C09788,Investment,758673.54,Active
A10738,C07506,Investment,522330.80,Active
A10739,C03308,Savings,4352.27,Active
A10740,C01314,Current,962966.63,Active
A10741,C06793,Current,179412.44,Active
A10742,C00101,Investment,167694.97,Active
A10743,C01661,Investment,561914.89,Active
A10744,C06853,Investment,835608.21,Active
A10745,C08915,Savings,148623.69,Active
A10746,C04451,Savings,80546.17,Active
A10747,C08353,Savings,88717.69,Active
A10748,C00565,Current,242663.78,Active
A10749,C08497,Savings,815305.75,Active
A10750,C06010,Investment,646012.59,Active
A10751,C07449,Current,151160.09,Active
A10752,C09119,Investment,988021.40,Active
A10753,C05738,Investment,56845.62,Active
A10754,C05926,Current,234105.80,Closed
A10755,C00377,Savings,798247.08,Active
A10756,C08079,Savings,412632.03,Active
A10757,C07494,Current,318193.28,Active
A10758,C09278,Current,259818.43,Active
A10759,C01534,Investment,627789.49,Active
A10760,C01540,Savings,540335.09,Active
A10761,C01818,Current,777200.66,Inactive
A10762,C01893,Investment,370738.25,Active
A10763,C03957,Savings,934916.54,Inactive
A10764,C04498,Investment,145643.28,Inactive
A10765,C04367,Current,797481.21,Active
A10766,C07671,Current,629551.03,Active
A10767,C06736,Savings,117370.53,Active
A10768,C00595,Investment,50402.76,Active
A10769,C09397,Savings,60816.09,Active
A10770,C07786,Savings,443665.16,Inactive
A10771,C07155,Current,322288.20,Active
A10772,C07756,Savings,608816.65,Closed
A10773,C05429,Current,165965.41,Active
A10774,C04348,Savings,653497.13,Active
A10775,C05138,Savings,464496.58,Closed
A10776,C03770,Investment,477995.30,Active
A10777,C02791,Current,836860.99,Active
A10778,C00466,Current,942444.67,Active
A10779,C03589,Savings,157285.96,Active
A10780,C05896,Savings,662998.06,Active
A10781,C09925,Investment,971380.68,Active
A10782,C09663,Investment,182556.01,Active
A10783,C04479,Investment,926755.05,Active
A10784,C03572,Investment,84254.36,Active
A10785,C05347,Investment,27233.20,Active
A10786,C01402,Savings,893815.53,Active
A10787,C00949,Investment,254506.79,Active
A10788,C09509,Savings,511872.77,Active
A10789,C09984,Current,226548.26,Active
A10790,C05280,Savings,326400.71,Active
A10791,C06406,Investment,928541.64,Active
A10792,C06296,Savings,827318.02,Inactive
A10793,C00775,Savings,191287.68,Active
A10794,C06406,Savings,466086.22,Inactive
A10795,C05638,Current,932321.39,Active
A10796,C08490,Savings,331890.46,Active
A10797,C00202,Investment,789007.94,Active
A10798,C08862,Savings,215010.77,Active
A10799,C03033,Current,64740.58,Active
A10800,C04962,Current,265004.51,Active
A10801,C05823,Current,448771.99,Inactive
A10802,C01091,Savings,890496.82,Inactive
A10803,C06721,Current,954908.26,Active
A10804,C07266,Current,848419.23,Active
A10805,C05229,Current,934932.55,Active
A10806,C09755,Savings,176751.62,Active
A10807,C02154,Investment,98608.21,Active
A10808,C03322,Investment,819521.55,Active
A10809,C04516,Current,252253.76,Active
A10810,C05469,Investment,646980.47,Active
A10811,C06834,Investment,862023.05,Active
A10812,C09465,Savings,445172.15,Active
A10813,C04197,Current,847913.83,Active
A10814,C08680,Savings,839882.95,Active
A10815,C02442,Current,30178.92,Inactive
A10816,C03086,Savings,976125.41,Active
A10817,C01197,Savings,162934.66,Closed
A10818,C09512,Current,195368.00,Active
A10819,C05128,Savings,107948.48,Active
A10820,C04045,Investment,299182.25,Active
A10821,C02137,Investment,690685.14,Active
A10822,C09314,Current,41428.11,Active
A10823,C07912,Investment,260962.61,Active
A10824,C01600,Investment,175757.17,Active
A10825,C02302,Current,566689.77,Active
A10826,C01833,Savings,590982.45,Active
A10827,C07397,Savings,683303.64,Active
A10828,C04852,Investment,64845.82,Active
A10829,C09466,Investment,224038.15,Active
A10830,C07492,Investment,557740.41,Active
A10831,C06787,Savings,608444.94,Active
A10832,C06378,Current,607190.21,Inactive
A10833,C07567,Savings,118807.08,Active
A10834,C07957,Investment,176424.27,Active
A10835,,Current,604103.26,Active
A10836,C00911,Current,740936.83,Active
A10837,C06448,Current,178524.51,Active
A10838,C04064,Current,366384.57,Active
A10839,C06342,Savings,676238.51,Active
A10840,C07521,Savings,98037.51,Active
A10841,C03525,Current,289042.82,Active
A10842,C05137,Investment,383242.85,Active
A10843,C06681,Current,312982.73,Active
A10844,C03368,Savings,909087.56,Active
A10845,C06121,Current,78689.84,Active
A10846,C03042,Savings,878534.77,Closed
A10847,C02381,Investment,710949.92,Active
A10848,C07055,Savings,855013.55,Closed
A10849,C06328,Investment,923296.91,Active
A10850,C04873,Savings,470719.25,Active
A10851,C08661,Savings,758275.81,Active
A10852,C07827,Investment,621760.72,Active
A10853,C07998,Investment,918951.35,Active
A10854,C04163,Investment,82225.28,Inactive
A10855,C02617,Current,452211.44,Active
A10856,C05881,Investment,907985.47,Active
A10857,C00231,Current,634616.14,Closed
A10858,C06974,Savings,851440.68,Active
A10859,C03070,Savings,304471.30,Active
A10860,C06517,Savings,774957.01,Active
A10861,C03178,Current,172726.33,Active
A10862,C01566,Investment,842300.83,Active
A10863,C09527,Current,563433.12,Inactive
A10864,C01304,Savings,789521.15,Active
A10865,C07780,Savings,990728.60,Active
A10866,C09824,Investment,405517.35,Inactive
A10867,C09477,Current,590251.63,Closed
A10868,C09732,Current,524751.36,Active
A10869,C06573,Current,490177.61,Active
A10870,C01051,Current,795213.51,Active
A10871,C05957,Investment,493492.78,Active
A10872,C03526,Savings,989539.54,Inactive
A10873,C02262,Current,74115.69,Active
A10874,C02304,Savings,811777.29,Active
A10875,C07278,Investment,957937.61,Active
A10876,C06605,Savings,459239.94,Active
A10877,C07026,Current,204144.11,Active
A10878,C09298,Investment,150600.81,Active
A10879,C02368,Current,488723.62,Active
A10880,C01512,Current,500717.23,Active
A10881,C05310,Current,542346.40,Inactive
A10882,C01851,Savings,18257.55,Active
A10883,C06186,Investment,817015.92,Inactive
A10884,C07699,Savings,107282.90,Active
A10885,C08229,Current,484555.63,Inactive
A10886,C06014,Investment,648449.97,Closed
A10887,C02057,Current,555213.78,Active
A10888,C02381,Investment,358085.95,Active
A10889,C03521,Investment,983852.51,Active
A10890,C01257,Investment,492004.30,Active
A10891,C09473,Savings,420341.51,Active
A10892,C04358,Savings,118466.50,Active
A10893,C02190,Investment,806189.48,Active
A10894,C00113,Investment,732404.95,Active
A10895,C08642,Investment,151733.66,Active
A10896,C06186,Investment,911632.64,Active
A10897,C09287,Investment,703143.30,Closed
A10898,C07011,Investment,626845.16,Active
A10899,C02570,Current,754577.70,Active
A10900,C02654,Current,660804.72,Active
A10901,C07252,Savings,28699.65,Active
A10902,C02179,Savings,340957.15,Active
A10903,C04387,Savings,283351.56,Closed
A10904,C07500,Savings,700333.96,Inactive
A10905,C06654,Savings,767616.18,Active
A10906,C07144,Current,481345.85,Active
A10907,C05040,Investment,434818.29,Active
A10908,C06290,Current,989669.43,Active
A10909,C01305,Investment,24301.12,Active
A10910,C00727,Investment,154325.66,Active
A10911,C08127,Savings,615720.35,Active
A10912,C03315,Investment,355366.26,Active
A10913,C09847,Investment,53053.02,Active
A10914,C08526,Savings,402850.34,Active
A10915,C07031,Investment,339382.43,Active
A10916,C05972,Investment,2267.82,Active
A10917,C06542,Savings,682493.56,Active
A10918,C02812,Savings,475353.89,Active
A10919,C04816,Savings,154876.40,Active
A10920,C06871,Savings,973131.11,Active
A10921,C04491,Current,944201.48,Inactive
A10922,C04641,Savings,376161.04,Active
A10923,C03353,Current,814182.05,Active
A10924,C04242,Investment,357164.22,Active
A10925,C00892,Savings,214435.74,Active
A10926,C01068,Savings,749935.23,Active
A10927,C00680,Investment,23368.01,Active
A10928,C05006,Savings,373375.09,Active
A10929,C05214,Investment,131973.29,Active
A10930,C08796,Current,702136.63,Active
A10931,C05179,Investment,970095.56,Active
A10932,C00278,Current,332655.17,Closed
A10933,C04239,Current,578422.70,Active
A10934,C09377,Savings,96758.07,Active
A10935,C01967,Investment,394870.64,Active
A10936,C04514,Investment,891100.13,Inactive
A10937,C03204,Current,366478.22,Active
A10938,C01299,Investment,999114.97,Active
A10939,C06984,Savings,51392.38,Active
A10940,C02261,Savings,427589.48,Closed
A10941,C05422,Investment,422562.55,Inactive
A10942,C02570,Current,376056.99,Active
A10943,C04556,Investment,729079.18,Active
A10944,C07596,Investment,990350.31,Active
A10945,C04949,Investment,677649.21,Active
A10946,C10000,Investment,946729.56,Active
A10947,C09150,Current,104240.30,Active
A10948,C02491,Investment,961627.94,Active
A10949,C01909,Investment,77868.88,Active
A10950,C06250,Investment,464865.83,Active
A10951,C04510,Savings,171248.66,Active
A10952,C08328,Current,429234.58,Active
A10953,C04107,Current,309000.70,Active
A10954,C01164,Investment,387657.47,Active
A10955,C01043,Savings,895439.14,Active
A10956,C00603,Investment,53230.17,Inactive
A10957,C02303,Investment,732444.14,Active
A10958,C03793,Current,728244.14,Active
A10959,C07891,Savings,282410.24,Active
A10960,C09613,Savings,924040.74,Active
A10961,C02994,Investment,64797.39,Active
A10962,C09550,Current,229937.66,Active
A10963,C02208,Investment,981934.21,Active
A10964,C06948,Current,403748.09,Active
A10965,C00743,Current,562077.58,Active
A10966,C06758,Savings,842761.96,Active
A10967,C00058,Investment,153103.76,Active
A10968,C04977,Savings,70796.53,Active
A10969,C01950,Investment,132491.55,Active
A10970,C00553,Savings,781879.65,Inactive
A10971,C05494,Current,872696.92,Active
A10972,C02479,Current,983116.09,Active
A10973,C01494,Investment,273688.14,Inactive
A10974,C05106,Current,137258.62,Active
A10975,C07729,Current,290943.41,Active
A10976,C08371,Savings,806395.50,Inactive
A10977,C00415,Investment,682793.61,Inactive
A10978,C05249,Savings,381280.91,Active
A10979,C01791,Investment,741453.68,Closed
A10980,C04805,Investment,739723.73,Active
A10981,C01537,Savings,486772.76,Active
A10982,C09164,Savings,106388.79,Active
A10983,C01273,Current,262870.35,Active
A10984,C03752,Current,423829.03,Active
A10985,C09967,Current,368211.72,Inactive
A10986,C05627,Investment,704148.14,Active
A10987,C09772,Current,329915.90,Active
A10988,C03019,Current,347327.87,Active
A10989,C08013,Savings,823442.82,Active
A10990,C02286,Investment,700006.09,Active
A10991,C03160,Savings,622101.05,Active
A10992,C08867,Savings,706478.29,Active
A10993,C09755,Current,178827.90,Active
A10994,C09264,Investment,327201.62,Active
A10995,C07105,Savings,195561.43,Active
A10996,C01676,Savings,902793.73,Active
A10997,C08122,Current,627985.34,Inactive
A10998,C02431,Savings,798475.93,Closed
A10999,C06872,Investment,925354.89,Active
A11000,C00597,Savings,693911.30,Active
A11001,C05373,Current,925682.48,Active
A11002,C05416,Current,139114.13,Active
A11003,C09425,Investment,284676.78,Active
A11004,C06694,Investment,617057.16,Active
A11005,C05525,Current,510718.97,Active
A11006,C00113,Investment,336939.94,Active
A11007,C09024,Savings,586849.27,Active
A11008,C01002,Current,376723.77,Inactive
A11009,C02100,Current,839967.55,Active
A11010,C02196,Investment,694708.80,Active
A11011,C00897,Savings,97903.21,Inactive
A11012,C00413,Investment,468663.99,Active
A11013,C03718,Savings,848416.27,Active
A11014,C06723,Current,924886.65,Active
A11015,C06881,Investment,652956.07,Inactive
A11016,C07304,Investment,6293.92,Inactive
A11017,C01471,Savings,508451.92,Closed
A11018,C01088,Savings,470377.72,Active
A11019,C09230,Investment,733993.42,Active
A11020,C02884,Current,770122.49,Active
A11021,C05756,Savings,341925.92,Active
A11022,C00589,Savings,258968.13,Closed
A11023,C09395,Savings,439646.86,Inactive
A11024,C00820,Savings,234010.82,Active
A11025,C05616,Current,964706.44,Active
A11026,C08749,Savings,652834.49,Closed
A11027,C05048,Investment,976890.86,Active
A11028,C07992,Current,491192.34,Active
A11029,C03410,Current,899879.68,Closed
A11030,C03419,Investment,623906.63,Inactive
A11031,C03016,Investment,399581.22,Active
A11032,C09542,Investment,685153.47,Inactive
A11033,C04126,Investment,80910.55,Active
A11034,C05962,Savings,356706.21,Active
A11035,C01661,Investment,399898.69,Inactive
A11036,C07070,Current,212275.74,Active
A11037,C00423,Current,295660.97,Active
A11038,C06621,Investment,426308.50,Active
A11039,C08377,Savings,385798.57,Inactive
A11040,C02891,Current,142106.91,Active
A11041,C04039,Investment,248468.32,Active
A11042,C02424,Investment,155972.12,Inactive
A11043,C01190,Savings,474676.53,Active
A11044,C05767,Investment,192820.37,Inactive
A11045,C03968,Savings,707990.62,Active
A11046,C02569,Savings,105089.38,Active
A11047,C09508,Investment,159831.61,Active
A11048,C09856,Savings,420408.16,Active
A11049,C08115,Savings,470595.76,Inactive
A11050,C06077,Current,101062.90,Active
A11051,C03942,Investment,849507.96,Active
A11052,C08868,Investment,938482.23,Active
A11053,C05455,Investment,295641.42,Active
A11054,C00157,Investment,796258.57,Inactive
A11055,C06207,Current,302418.75,Active
A11056,C08020,Savings,607845.56,Active
A11057,C02550,Savings,367786.30,Active
A11058,C05962,Savings,435249.85,Closed
A11059,C01794,Savings,64563.01,Active
A11060,C01331,Current,265535.39,Active
A11061,C08865,Savings,312344.72,Active
A11062,C00930,Savings,138868.95,Active
A11063,C01682,Current,255620.56,Active
A11064,C02544,Current,370422.10,Active
A11065,C02236,Current,74927.31,Active
A11066,C00155,Current,303332.11,Active
A11067,C01730,Current,674417.16,Active
A11068,C09965,Investment,716251.77,Active
A11069,C03099,Savings,637941.65,Inactive
A11070,C05295,Savings,521253.12,Active
A11071,C09375,Investment,125690.12,Active
A11072,C07109,Savings,858211.78,Active
A11073,C00449,Investment,579998.64,Active
A11074,C03689,Investment,423534.73,Active
A11075,C00687,Savings,470600.20,Active
A11076,C06023,Investment,87724.65,Inactive
A11077,C07637,Current,259729.99,Active
A11078,C00990,Current,254301.35,Closed
A11079,C01477,Investment,162615.96,Active
A11080,C06840,Current,583525.87,Active
A11081,C02549,Current,166089.03,Active
A11082,C05882,Savings,879256.15,Active
A11083,C09471,Savings,305315.51,Active
A11084,C04588,Investment,585077.11,Active
A11085,C03074,Savings,848630.27,Active
A11086,C07749,Current,645968.68,Active
A11087,C02584,Investment,411816.67,Active
A11088,C06232,Current,548851.82,Active
A11089,C05636,Savings,287384.36,Inactive
A11090,C06629,Savings,390396.22,Active
A11091,C03749,Investment,950210.33,Inactive
A11092,C05732,Investment,500668.84,Closed
A11093,C09660,Savings,734399.36,Active
A11094,C08674,Investment,758578.10,Active
A11095,C04388,Current,459762.52,Inactive
A11096,C04482,Investment,617190.78,Active
A11097,C09091,Current,212365.45,Active
A11098,C01719,Savings,753661.33,Active
A11099,C01152,Savings,876694.34,Active
A11100,C03403,Savings,736771.66,Inactive
A11101,C03054,Savings,855242.04,Active
A11102,C01659,Investment,891800.66,Active
A11103,C05841,Savings,759984.91,Active
A11104,C03391,Investment,100804.15,Active
A11105,C09849,Investment,636354.72,Active
A11106,C01544,Savings,437631.47,Inactive
A11107,C02315,Investment,501100.92,Active
A11108,C00906,Current,284149.23,Inactive
A11109,C08954,Investment,661328.79,Active
A11110,C01238,Savings,356902.92,Active
A11111,C00608,Current,783509.12,Inactive
A11112,C09112,Savings,58202.62,Inactive
A11113,C06703,Current,331419.61,Closed
A11114,C01266,Current,848462.61,Active
A11115,C06194,Savings,146856.83,Inactive
A11116,C03947,Investment,975836.37,Active
A11117,C07036,Investment,350146.63,Active
A11118,C05094,Current,926807.86,Active
A11119,C09226,Savings,16100.26,Active
A11120,C09135,Investment,362835.30,Active
A11121,C03480,Savings,368848.15,Active
A11122,C06697,Savings,661532.21,Active
A11123,C00933,Current,899705.81,Active
A11124,C09929,Savings,365086.12,Active
A11125,C02120,Savings,602421.51,Active
A11126,C06847,Savings,452658.01,Inactive
A11127,C02185,Current,789408.17,Active
A11128,C01137,Savings,773032.33,Active
A11129,C09009,Current,46696.56,Active
A11130,C08502,Investment,161700.29,Active
A11131,C02082,Investment,313075.76,Active
A11132,C03668,Savings,495455.35,Inactive
A11133,C08275,Current,505611.42,Active
A11134,C07921,Savings,273838.05,Closed
A11135,C03816,Investment,396540.37,Active
A11136,C06624,Current,456165.45,Active
A11137,C03088,Current,889474.20,Active
A11138,C07247,Investment,817120.75,Inactive
A11139,C02320,Investment,830496.53,Active
A11140,C07264,Savings,709521.99,Active
A11141,C09450,Investment,251605.58,Active
A11142,C06049,Savings,89122.78,Active
A11143,C05514,Current,526765.33,Closed
A11144,C03228,Investment,616588.91,Closed
A11145,C07553,Savings,924793.27,Active
A11146,C00799,Current,152594.48,Active
A11147,C06039,Investment,232340.90,Active
A11148,C01200,Current,539256.48,Active
A11149,C08029,Current,932499.41,Active
A11150,C09341,Investment,566635.64,Active
A11151,C08786,Savings,379694.51,Active
A11152,C00087,Investment,580535.36,Active
A11153,C08586,Investment,748599.90,Active
A11154,C03163,Savings,20692.87,Active
A11155,C04672,Current,724865.10,Active
A11156,C01066,Current,831594.07,Closed
A11157,C05816,Savings,814918.12,Active
A11158,C03771,Investment,965399.99,Active
A11159,C05756,Current,139451.22,Active
A11160,C00452,Savings,51735.33,Active
A11161,C07636,Savings,967644.18,Active
A11162,C06712,Savings,662481.10,Active
A11163,C08493,Current,57048.77,Active
A11164,C04095,Savings,883470.06,Active
A11165,C05550,Investment,773337.56,Active
A11166,C03412,Savings,197905.22,Inactive
A11167,C02058,Investment,824482.28,Active
A11168,C07032,Current,977834.14,Active
A11169,C06302,Savings,292693.97,Active
A11170,C08699,Investment,235457.63,Active
A11171,C08988,Investment,649189.59,Inactive
A11172,C07189,Investment,911472.80,Active
A11173,C00652,Investment,590820.12,Active
A11174,C07615,Savings,534851.26,Active
A11175,C00209,Investment,668951.78,Active
A11176,C05659,Savings,846342.35,Active
A11177,C09592,Savings,885970.17,Active
A11178,C09256,Current,448596.63,Active
A11179,C00256,Current,253638.81,Active
A11180,C08984,Investment,389667.72,Active
A11181,C06185,Current,389441.17,Active
A11182,C07467,Investment,690320.79,Active
A11183,C07397,Current,849878.90,Active
A11184,C02006,Current,425134.66,Inactive
A11185,C05242,Investment,892006.19,Active
A11186,C02139,Savings,891804.34,Active
A11187,C02376,Current,35344.75,Active
A11188,C04665,Investment,119841.33,Inactive
A11189,C05950,Current,846925.94,Active
A11190,C03381,Investment,841809.50,Active
A11191,C01801,Current,499264.43,Active
A11192,C00571,Savings,452842.88,Inactive
A11193,C05027,Investment,491839.35,Active
A11194,C09579,Investment,254897.66,Active
A11195,C05862,Savings,196405.75,Active
A11196,C05361,Current,148008.34,Active
A11197,C00132,Savings,351357.86,Inactive
A11198,C00331,Current,908770.62,Active
A11199,C00559,Investment,197216.82,Active
A11200,C02544,Current,242877.09,Active
A11201,C03372,Savings,497186.57,Inactive
A11202,C03836,Investment,497481.94,Active
A11203,C06709,Current,148418.07,Active
A11204,C06599,Savings,147359.79,Inactive
A11205,C08003,Investment,878188.87,Active
A11206,C02013,Investment,166752.66,Active
A11207,C01924,Investment,422295.45,Active
A11208,C03264,Savings,539810.35,Active
A11209,C03031,Investment,754507.84,Active
A11210,C03942,Investment,80743.86,Active
A11211,C00353,Savings,727182.33,Active
A11212,C00818,Investment,806288.83,Active
A11213,C00907,Savings,459529.86,Active
A11214,C07648,Current,546292.24,Active
A11215,C08402,Investment,250640.12,Active
A11216,C04517,Current,257317.84,Active
A11217,C99999_ORPHAN,Investment,660492.33,Active
A11218,C08182,Investment,110691.37,Active
A11219,C01832,Investment,274993.35,Active
A11220,C06802,Current,651788.83,Active
A11221,C00353,Current,424695.95,Active
A11222,C04170,Savings,409252.03,Inactive
A11223,C00902,Investment,140020.11,Active
A11224,C01351,Savings,377874.10,Active
A11225,C04318,Savings,981117.83,Active
A11226,C06386,Current,322291.61,Inactive
A11227,C03052,Savings,25787.78,Active
A11228,C01054,Investment,127967.75,Active
A11229,C05888,Savings,375947.94,Closed
A11230,C05035,Current,333288.63,Active
A11231,C00041,Investment,153047.76,Active
A11232,C07717,Investment,810097.21,Active
A11233,C02999,Investment,223794.04,Active
A11234,C03996,Investment,381171.22,Active
A11235,C00402,Investment,551709.36,Active
A11236,C03338,Current,985972.99,Active
A11237,C01088,Current,60949.05,Active
A11238,C05191,Investment,533995.01,Active
A11239,C02574,Savings,374024.92,Inactive
A11240,C05737,Savings,264829.45,Active
A11241,C04092,Savings,875246.86,Active
A11242,C02019,Savings,14117.99,Active
A11243,C01503,Investment,523258.77,Active
A11244,C01127,Savings,703188.26,Active
A11245,C01074,Investment,131377.30,Active
A11246,C09671,Investment,698785.20,Active
A11247,C01940,Savings,707572.15,Active
A11248,C09364,Current,472151.75,Inactive
A11249,C09736,Current,439485.17,Active
A11250,C04657,Investment,782705.27,Active
A11251,C03816,Investment,594376.71,Active
A11252,C04980,Investment,236162.23,Active
A11253,C05112,Investment,30494.69,Active
A11254,C04912,Current,84294.31,Active
A11255,C05240,Current,410538.85,Active
A11256,C06166,Current,236451.15,Active
A11257,C04290,Current,587652.93,Active
A11258,C08752,Investment,101583.73,Inactive
A11259,C09754,Investment,421041.95,Active
A11260,C03225,Investment,973880.23,Active
A11261,C06357,Savings,252274.27,Active
A11262,C02453,Current,158316.77,Active
A11263,C08396,Savings,252393.04,Active
A11264,C05691,Savings,71212.95,Active
A11265,C08843,Savings,51675.64,Active
A11266,C07286,Savings,742181.46,Active
A11267,C02995,Current,789357.20,Active
A11268,C02661,Current,557507.25,Inactive
A11269,C09592,Investment,990528.36,Active
A11270,C06530,Current,879817.57,Active
A11271,C00990,Savings,104044.36,Active
A11272,C07301,Savings,839063.02,Active
A11273,C08839,Investment,370322.84,Inactive
A11274,C04103,Savings,457582.12,Active
A11275,C04737,Savings,83846.44,Active
A11276,C08995,Current,628097.42,Active
A11277,C04525,Current,619062.63,Closed
A11278,C08449,Investment,435920.83,Active
A11279,C09011,Investment,474278.76,Active
A11280,C05403,Investment,693267.40,Active
A11281,C02489,Investment,134079.73,Active
A11282,C08080,Savings,620811.01,Inactive
A11283,C06026,Current,476145.04,Inactive
A11284,C02567,Savings,886764.68,Inactive
A11285,C05262,Investment,235097.58,Active
A11286,C08599,Investment,777866.95,Active
A11287,C09442,Current,274121.51,Active
A11288,C04032,Investment,177062.56,Active
A11289,C07684,Current,413664.12,Active
A11290,C02683,Investment,269591.18,Active
A11291,C04134,Investment,77962.98,Active
A11292,C03617,Investment,3084.13,Active
A11293,C02453,Investment,494173.18,Active
A11294,C07285,Savings,895378.09,Active
A11295,C00847,Current,645931.63,Active
A11296,C02480,Current,125878.28,Closed
A11297,C04564,Current,931303.36,Active
A11298,C09528,Current,471109.23,Active
A11299,C07431,Savings,432322.90,Active
A11300,C02542,Current,133953.31,Active
A11301,C05973,Current,691973.17,Active
A11302,C05552,Current,408351.53,Active
A11303,C02010,Savings,163529.91,Inactive
A11304,C00128,Savings,870260.75,Active
A11305,C05254,Investment,317213.87,Inactive
A11306,C00797,Investment,664427.40,Active
A11307,C04558,Savings,627524.58,Active
A11308,C08697,Current,158710.04,Active
A11309,C00159,Current,653796.49,Active
A11310,C03517,Savings,352634.13,Active
A11311,C02886,Current,168055.97,Active
A11312,C04107,Investment,901971.46,Active
A11313,C02465,Investment,590110.80,Active
A11314,C07725,Savings,37649.57,Active
A11315,C08604,Savings,689638.56,Closed
A11316,C08938,Current,522636.72,Active
A11317,C03978,Investment,211739.71,Active
A11318,C05629,Current,191755.91,Active
A11319,C08179,Investment,690398.97,Active
A11320,C09154,Current,56354.42,Active
A11321,C08311,Current,754435.90,Inactive
A11322,C09055,Investment,464454.95,Active
A11323,C01518,Investment,199315.35,Active
A11324,C07559,Savings,130697.26,Active
A11325,C05353,Savings,567419.51,Active
A11326,C06788,Savings,189815.48,Active
A11327,C04479,Savings,675376.49,Closed
A11328,C09282,Investment,749676.90,Active
A11329,C09060,Investment,615883.74,Active
A11330,C03221,Savings,446309.31,Active
A11331,C03351,Investment,658641.23,Active
A11332,C08592,Savings,326971.83,Inactive
A11333,C02648,Investment,629379.16,Active
A11334,C08699,Investment,691067.90,Active
A11335,C08254,Savings,283848.14,Active
A11336,C00198,Current,944819.71,Active
A11337,C05735,Current,411124.57,Active
A11338,C04932,Savings,845806.33,Inactive
A11339,C07580,Savings,53262.31,Active
A11340,C06414,Current,463746.16,Active
A11341,C08585,Current,60836.40,Active
A11342,C08691,Investment,45807.93,Active
A11343,C08862,Investment,109646.37,Active
A11344,C04777,Investment,270838.47,Active
A11345,C03205,Investment,658969.68,Active
A11346,C09871,Investment,883031.04,Active
A11347,C04165,Current,784544.62,Active
A11348,C00145,Savings,990137.83,Active
A11349,C00180,Current,592530.09,Active
A11350,C01608,Investment,493647.86,Active
A11351,C00350,Current,455751.74,Inactive
A11352,C07337,Savings,100593.92,Active
A11353,C02840,Current,743794.92,Closed
A11354,C06917,Savings,820665.91,Active
A11355,C05204,Current,486679.88,Active
A11356,C09239,Savings,249960.11,Active
A11357,C01215,Savings,221225.21,Active
A11358,C08326,Current,616615.37,Inactive
A11359,C01115,Investment,405413.41,Inactive
A11360,C07738,Savings,616129.66,Active
A11361,C09531,Current,984111.17,Active
A11362,C04142,Savings,924091.07,Active
A11363,C08317,Investment,637241.37,Active
A11364,C03419,Investment,390598.29,Closed
A11365,C01213,Investment,39736.97,Inactive
A11366,C03271,Investment,872426.96,Active
A11367,C03638,Current,497399.64,Active
A11368,C02994,Investment,825491.33,Inactive
A11369,C00682,Investment,540183.01,Active
A11370,C07719,Investment,622575.32,Inactive
A11371,C03807,Current,354733.11,Active
A11372,C03677,Investment,666634.12,Active
A11373,C02761,Current,455268.58,Active
A11374,C05282,Savings,732403.82,Active
A11375,C02160,Current,727679.60,Active
A11376,C01282,Current,871322.90,Active
A11377,C02987,Current,99328.36,Active
A11378,C02279,Current,235501.64,Inactive
A11379,C02643,Investment,140243.86,Active
A11380,C08651,Current,112536.02,Closed
A11381,C01806,Current,562499.58,Active
A11382,C08987,Savings,339879.40,Active
A11383,C08065,Investment,95645.84,Active
A11384,C02513,Current,644195.18,Active
A11385,C03080,Current,454191.75,Active
A11386,C03468,Current,311364.13,Active
A11387,C01909,Investment,874716.07,Inactive
A11388,C05540,Current,618671.23,Active
A11389,C05079,Current,297460.78,Active
A11390,C07500,Investment,569424.02,Active
A11391,C04963,Savings,83704.93,Active
A11392,C02666,Current,711141.38,Active
A11393,C01806,Savings,678941.76,Active
A11394,C05751,Current,937558.34,Active
A11395,C03878,Savings,180318.73,Inactive
A11396,C00111,Savings,424109.17,Active
A11397,C05686,Investment,163540.51,Active
A11398,C04969,Savings,833667.39,Active
A11399,C02617,Savings,885762.59,Active
A11400,C00158,Current,157362.54,Inactive
A11401,C04852,Investment,981694.58,Active
A11402,C01234,Savings,404071.22,Active
A11403,C05509,Savings,561056.19,Active
A11404,C00876,Savings,528358.49,Inactive
A11405,C09013,Investment,823661.97,Active
A11406,C02373,Savings,880658.40,Active
A11407,C06279,Investment,298314.40,Active
A11408,C05021,Savings,99920.46,Active
A11409,C01902,Investment,882591.00,Active
A11410,C09242,Current,436255.42,Active
A11411,C08514,Savings,630707.16,Active
A11412,C07704,Investment,763324.68,Active
A11413,C08535,Investment,595139.26,Active
A11414,C09452,Current,616421.62,Active
A11415,C03492,Savings,570708.09,Active
A11416,C08068,Current,141514.57,Active
A11417,C00145,Savings,447926.85,Active
A11418,C07637,Current,348806.20,Active
A11419,C05699,Savings,221212.75,Active
A11420,C06852,Investment,805279.66,Active
A11421,C08440,Savings,358324.24,Active
A11422,C07019,Current,726729.68,Active
A11423,C09979,Investment,417883.49,Active
A11424,C02877,Savings,19891.60,Active
A11425,C08686,Investment,937999.23,Active
A11426,C07547,Investment,58504.50,Active
A11427,C06651,Current,961899.40,Active
A11428,C04733,Savings,559083.04,Active
A11429,C05494,Savings,197974.03,Active
A11430,C01106,Investment,205755.69,Active
A11431,C01506,Investment,788171.99,Active
A11432,C04890,Investment,133388.90,Active
A11433,C00281,Investment,711660.74,Active
A11434,C00914,Investment,499832.92,Inactive
A11435,C04996,Savings,139694.26,Active
A11436,C06411,Savings,789428.67,Active
A11437,C03263,Investment,881407.45,Active
A11438,C08255,Savings,628798.27,Active
A11439,C03998,Investment,96400.40,Active
A11440,C07755,Current,915120.81,Active
A11441,C09941,Investment,356941.42,Active
A11442,C07336,Current,313612.57,Active
A11443,C08671,Savings,362966.90,Active
A11444,C05644,Investment,930014.35,Active
A11445,C09418,Savings,996934.51,Active
A11446,C04492,Current,249114.28,Active
A11447,C09318,Savings,690411.30,Active
A11448,C02241,Savings,124316.98,Active
A11449,C07420,Investment,9237.24,Active
A11450,C02261,Investment,502024.86,Active
A11451,C07765,Savings,678428.49,Closed
A11452,C07108,Savings,58834.39,Active
A11453,C01002,Current,846759.21,Active
A11454,C08590,Current,110134.86,Active
A11455,C06322,Investment,909891.92,Active
A11456,C07765,Investment,643120.46,Active
A11457,C02286,Savings,549785.98,Active
A11458,C07936,Current,206337.90,Active
A11459,C04842,Savings,117205.53,Active
A11460,C07722,Savings,858542.73,Active
A11461,C00317,Investment,267644.24,Active
A11462,C06489,Investment,90679.04,Closed
A11463,C04830,Savings,738255.07,Active
A11464,C00869,Investment,535654.38,Active
A11465,C01456,Investment,989321.48,Active
A11466,C09395,Investment,104856.95,Active
A11467,C05229,Current,702077.88,Active
A11468,C05244,Investment,199735.73,Inactive
A11469,C00396,Current,929390.55,Inactive
A11470,C02840,Investment,201298.88,Active
A11471,C02624,Investment,378835.47,Inactive
A11472,C01126,Current,881177.65,Active
A11473,C07725,Investment,50395.77,Inactive
A11474,C09742,Savings,678142.52,Active
A11475,C03670,Investment,660611.05,Closed
A11476,C04230,Investment,21646.72,Active
A11477,C05364,Current,76306.95,Active
A11478,C09786,Current,148549.23,Active
A11479,C01181,Investment,31010.78,Active
A11480,C01365,Investment,349317.47,Active
A11481,C00185,Current,757919.78,Active
A11482,C04694,Investment,486564.75,Active
A11483,C03614,Investment,86750.75,Inactive
A11484,C01598,Current,816285.14,Active
A11485,C09848,Savings,796330.42,Active
A11486,C02992,Savings,143414.01,Active
A11487,C03846,Current,249189.77,Active
A11488,C00405,Investment,331466.05,Active
A11489,C02473,Investment,51119.97,Active
A11490,C02730,Current,914969.90,Active
A11491,C09886,Savings,123045.50,Active
A11492,C05989,Investment,774119.76,Active
A11493,C01660,Investment,435959.79,Active
A11494,C09856,Current,928162.85,Active
A11495,C04323,Investment,537825.80,Active
A11496,C02192,Current,204645.37,Active
A11497,C00940,Investment,832822.49,Inactive
A11498,C04161,Savings,386775.21,Active
A11499,C02561,Current,222419.09,Inactive
A11500,C04173,Current,561444.56,Active
A11501,C01827,Savings,847109.21,Closed
A11502,C05527,Investment,866023.26,Inactive
A11503,C06388,Savings,71097.72,Active
A11504,C07430,Current,784957.66,Active
A11505,C06382,Current,317646.56,Active
A11506,C06622,Investment,537772.40,Active
A11507,C08051,Savings,310284.10,Active
A11508,C07525,Savings,24288.62,Active
A11509,C08402,Savings,408844.80,Active
A11510,C00614,Savings,427974.94,Active
A11511,C02188,Savings,77710.63,Inactive
A11512,C04805,Savings,47078.88,Active
A11513,C07308,Current,358959.96,Active
A11514,C07055,Current,756158.09,Active
A11515,C01322,Investment,207433.77,Active
A11516,C04855,Investment,271738.61,Inactive
A11517,C07240,Investment,380771.82,Active
A11518,C06501,Investment,698060.82,Active
A11519,C04060,Current,550060.80,Closed
A11520,C01962,Savings,964590.46,Active
A11521,C04276,Current,984892.84,Active
A11522,C06719,Current,848386.54,Active
A11523,C04139,Savings,253309.15,Active
A11524,C00500,Current,788595.15,Inactive
A11525,C09803,Savings,349606.99,Active
A11526,C09893,Investment,931926.61,Active
A11527,C06113,Current,344030.54,Active
A11528,C02908,Investment,860135.66,Active
A11529,C09096,Savings,630593.43,Active
A11530,C04234,Investment,549349.28,Active
A11531,C04363,Current,481842.51,Inactive
A11532,C03585,Savings,556595.12,Active
A11533,C00882,Savings,625664.91,Active
A11534,C06331,Investment,953381.24,Active
A11535,C06313,Savings,846229.76,Inactive
A11536,C04330,Savings,229283.57,Active
A11537,C00558,Savings,689551.22,Active
A11538,C08584,Current,82299.76,Active
A11539,C02894,Savings,842748.78,Active
A11540,C09533,Savings,385452.84,Inactive
A11541,C03771,Current,544972.59,Active
A11542,C03859,Current,932066.27,Active
A11543,C05081,Current,416235.25,Active
A11544,,Investment,734507.83,Active
A11545,C07827,Savings,507746.16,Active
A11546,C00053,Investment,112040.46,Active
A11547,C05841,Savings,91984.20,Active
A11548,C07841,Current,723789.59,Active
A11549,C06197,Investment,788025.40,Active
A11550,C06372,Current,290356.97,Active
A11551,C08469,Savings,456326.63,Active
A11552,C00749,Current,822900.26,Active
A11553,C07176,Current,26104.78,Active
A11554,C00656,Current,444124.55,Active
A11555,C06021,Savings,236587.55,Active
A11556,C01298,Current,903845.61,Active
A11557,C07879,Current,480378.61,Active
A11558,C08781,Investment,14840.54,Active
A11559,C02289,Savings,614632.94,Active
A11560,C03232,Current,164779.71,Active
A11561,C02532,Savings,954379.01,Active
A11562,C05871,Current,312897.88,Active
A11563,C08169,Investment,57249.38,Active
A11564,C05797,Investment,548104.68,Active
A11565,C01625,Savings,787697.50,Active
A11566,C09205,Current,33488.39,Active
A11567,C01973,Current,196957.93,Active
A11568,C00577,Savings,9882.25,Active
A11569,C01693,Current,194719.49,Active
A11570,C02262,Current,974714.66,Active
A11571,C05355,Current,893208.85,Active
A11572,C06683,Savings,786567.32,Closed
A11573,C04727,Savings,601526.47,Active
A11574,C08921,Current,811293.05,Active
A11575,C04286,Current,439120.51,Active
A11576,C00475,Investment,360349.59,Active
A11577,C04074,Savings,662950.55,Active
A11578,C08886,Savings,571740.75,Active
A11579,C08833,Current,197202.79,Active
A11580,C03107,Current,375792.25,Active
A11581,C01845,Investment,347502.36,Active
A11582,C09093,Current,235514.84,Active
A11583,C09543,Savings,463431.85,Active
A11584,C09164,Investment,366547.28,Active
A11585,C09320,Current,886771.59,Active
A11586,C03315,Current,688476.92,Active
A11587,C05939,Current,534906.01,Active
A11588,C08484,Current,739184.18,Active
A11589,C06686,Current,349524.53,Active
A11590,C06241,Savings,986157.81,Active
A11591,C04983,Investment,476512.92,Closed
A11592,C06204,Investment,269678.10,Inactive
A11593,C08542,Savings,125847.19,Active
A11594,C01906,Investment,93714.76,Active
A11595,C02273,Investment,745172.71,Active
A11596,C04988,Savings,741203.26,Active
A11597,C00828,Current,534939.94,Active
A11598,C05294,Investment,477037.73,Active
A11599,C00352,Investment,533369.26,Active
A11600,C06167,Savings,726592.86,Active
A11601,C08830,Savings,442450.52,Closed
A11602,C00266,Current,710406.04,Active
A11603,C06520,Savings,366794.38,Active
A11604,C01320,Investment,471908.74,Active
A11605,C02749,Current,971780.80,Active
A11606,C08827,Investment,945603.22,Active
A11607,C05340,Current,703308.67,Active
A11608,C09388,Investment,238262.90,Active
A11609,C02269,Investment,194862.38,Active
A11610,C03936,Current,696326.53,Active
A11611,C00782,Savings,751451.20,Closed
A11612,C07809,Savings,120202.24,Active
A11613,C02788,Savings,844844.88,Active
A11614,C07606,Savings,178676.24,Active
A11615,C01102,Current,296070.53,Active
A11616,C01566,Investment,594540.14,Active
A11617,C08974,Investment,129084.80,Active
A11618,C03669,Current,907245.21,Active
A11619,C05497,Investment,395632.08,Active
A11620,C07153,Investment,186004.93,Active
A11621,C06281,Current,139946.07,Active
A11622,C09716,Investment,425256.94,Inactive
A11623,C06168,Savings,591341.88,Inactive
A11624,C07348,Current,132464.74,Active
A11625,C03337,Savings,502284.33,Active
A11626,C01379,Savings,148972.18,Inactive
A11627,C00443,Savings,186043.62,Active
A11628,C07741,Savings,632719.70,Active
A11629,C06719,Savings,624506.89,Closed
A11630,C03203,Savings,286535.24,Active
A11631,C04019,Investment,863866.98,Active
A11632,C02622,Savings,589140.50,Active
A11633,C01490,Investment,591442.58,Active
A11634,C04583,Investment,654078.29,Active
A11635,C07238,Current,820035.62,Active
A11636,C05515,Savings,241966.34,Active
A11637,C05593,Investment,575361.11,Active
A11638,C00345,Current,457552.85,Active
A11639,C02322,Savings,867182.08,Active
A11640,C07381,Investment,743252.27,Active
A11641,C00265,Savings,105500.12,Active
A11642,C06415,Current,292309.36,Active
A11643,C00164,Investment,84488.80,Active
A11644,C03717,Savings,578513.99,Active
A11645,C03678,Savings,692495.67,Active
A11646,C06941,Current,40097.81,Active
A11647,C01936,Savings,999650.38,Active
A11648,C05052,Investment,786502.74,Active
A11649,C06349,Current,334171.43,Inactive
A11650,C01022,Savings,873758.36,Active
A11651,C00938,Current,466282.11,Inactive
A11652,C09427,Investment,68885.33,Inactive
A11653,C03325,Current,408939.73,Active
A11654,C06254,Investment,799428.01,Active
A11655,C06481,Savings,145590.27,Active
A11656,C08077,Current,472469.65,Closed
A11657,C07947,Savings,212594.37,Active
A11658,C07113,Investment,546923.19,Active
A11659,C08129,Savings,481922.94,Inactive
A11660,C03252,Investment,418265.06,Active
A11661,C07967,Investment,56263.24,Active
A11662,C04908,Investment,996717.79,Active
A11663,C00266,Investment,757338.85,Active
A11664,C03347,Savings,398009.78,Inactive
A11665,C08276,Savings,883957.32,Inactive
A11666,C03268,Investment,498902.10,Inactive
A11667,C09706,Investment,372342.62,Closed
A11668,C04939,Savings,680193.83,Inactive
A11669,C05398,Current,406768.04,Active
A11670,C07479,Savings,912743.62,Active
A11671,C02816,Current,451004.87,Closed
A11672,C05777,Savings,621661.58,Inactive
A11673,C08833,Savings,374860.54,Active
A11674,C00629,Savings,397861.50,Active
A11675,C00271,Current,627281.68,Inactive
A11676,C00332,Investment,332961.51,Active
A11677,C00377,Savings,898948.27,Active
A11678,C05597,Savings,47432.47,Active
A11679,C09137,Investment,469874.76,Active
A11680,C06857,Savings,450231.00,Active
A11681,C07465,Current,800535.32,Active
A11682,C05920,Investment,245386.62,Active
A11683,C05462,Current,79225.59,Active
A11684,C02581,Savings,579547.07,Active
A11685,C04126,Current,992969.08,Active
A11686,C05331,Investment,588628.04,Active
A11687,C09522,Investment,316595.33,Inactive
A11688,C08057,Current,429157.37,Active
A11689,C09410,Investment,297145.30,Active
A11690,C06134,Current,212040.39,Active
A11691,C06487,Savings,793572.77,Active
A11692,C09185,Investment,554322.37,Active
A11693,C04229,Investment,535313.04,Active
A11694,C09144,Investment,303648.82,Active
A11695,C08092,Savings,431118.97,Active
A11696,C05838,Savings,519571.31,Active
A11697,C08228,Savings,679360.86,Active
A11698,C03518,Savings,312700.70,Closed
A11699,C00625,Investment,965639.34,Active
A11700,C00650,Savings,653545.54,Active
A11701,C09423,Investment,848214.93,Active
A11702,C04750,Savings,670574.88,Active
A11703,C08968,Savings,542721.08,Active
A11704,C05177,Savings,262209.03,Active
A11705,C00008,Investment,586101.52,Active
A11706,C08264,Investment,329827.17,Active
A11707,C07135,Savings,383744.14,Active
A11708,C02480,Savings,459867.34,Active
A11709,C08763,Investment,520780.66,Active
A11710,C01416,Current,645953.45,Active
A11711,C06596,Investment,508497.35,Active
A11712,C02294,Savings,879629.17,Inactive
A11713,C03730,Investment,924654.05,Closed
A11714,C04990,Current,400352.08,Active
A11715,C09305,Investment,758481.97,Active
A11716,C09731,Investment,368643.93,Active
A11717,C01104,Investment,961518.10,Active
A11718,C00172,Current,616524.22,Active
A11719,C05070,Investment,634833.69,Active
A11720,C03153,Current,997896.97,Active
A11721,C01179,Investment,665294.90,Inactive
A11722,C08876,Savings,75014.24,Active
A11723,C02477,Savings,838146.65,Active
A11724,C06177,Current,808167.59,Active
A11725,C09556,Savings,914674.54,Active
A11726,C01777,Savings,989336.78,Inactive
A11727,C02096,Current,62841.99,Inactive
A11728,C08397,Investment,876824.12,Active
A11729,C04770,Investment,886169.82,Active
A11730,C06961,Current,34289.51,Inactive
A11731,C05514,Investment,764830.24,Active
A11732,C04717,Current,347709.12,Active
A11733,C02201,Investment,876973.11,Closed
A11734,C02296,Investment,262308.73,Active
A11735,C08771,Investment,544718.24,Active
A11736,C06927,Current,807727.45,Active
A11737,C09787,Current,163124.76,Active
A11738,C04037,Savings,316286.45,Active
A11739,C08115,Current,699504.78,Active
A11740,C01779,Savings,206912.26,Active
A11741,C09520,Investment,772122.32,Active
A11742,C06016,Investment,187842.61,Closed
A11743,C08984,Investment,89315.15,Active
A11744,C06510,Investment,253528.90,Active
A11745,C05645,Current,562335.36,Active
A11746,C02228,Investment,628655.10,Active
A11747,C07475,Current,519633.59,Active
A11748,C05404,Current,662874.24,Active
A11749,C01193,Savings,93879.89,Active
A11750,C06854,Savings,423777.37,Active
A11751,C02477,Savings,217850.21,Active
A11752,C00202,Current,148399.88,Active
A11753,C09669,Current,935110.83,Active
A11754,C03002,Current,136027.81,Active
A11755,C07970,Current,599906.09,Active
A11756,C08184,Current,68266.86,Active
A11757,C08660,Investment,859296.33,Active
A11758,C03646,Current,752478.08,Inactive
A11759,C09275,Current,997234.86,Closed
A11760,C05111,Current,493136.30,Active
A11761,C09468,Investment,686975.66,Active
A11762,C01233,Investment,259293.41,Active
A11763,C05379,Investment,364465.39,Active
A11764,C06433,Savings,264159.01,Inactive
A11765,C07444,Current,818028.74,Active
A11766,C08328,Current,104007.39,Inactive
A11767,C06234,Current,822655.09,Active
A11768,C04047,Current,136083.77,Active
A11769,C02856,Savings,994138.61,Active
A11770,C07958,Savings,696064.55,Active
A11771,C07454,Savings,120085.25,Active
A11772,C05527,Investment,221970.85,Active
A11773,C01512,Current,618396.51,Active
A11774,C04222,Investment,565327.55,Active
A11775,C09993,Current,345867.56,Active
A11776,C07324,Investment,950478.46,Active
A11777,C08475,Savings,354896.08,Active
A11778,C08051,Savings,56574.20,Inactive
A11779,C09155,Investment,485176.90,Active
A11780,C00075,Investment,141386.03,Active
A11781,C02118,Savings,816576.93,Active
A11782,C04036,Savings,919897.57,Inactive
A11783,C00786,Investment,453004.61,Active
A11784,C08908,Savings,443845.75,Inactive
A11785,C02610,Investment,793284.68,Active
A11786,C06721,Savings,123625.92,Active
A11787,C06651,Investment,456276.67,Active
A11788,C04912,Savings,440546.88,Active
A11789,C04135,Investment,932546.28,Closed
A11790,C01203,Current,864091.39,Active
A11791,C00173,Current,216699.41,Active
A11792,C01502,Savings,999214.67,Active
A11793,C01854,Current,756019.26,Active
A11794,C02758,Investment,481929.34,Active
A11795,C04340,Savings,478712.15,Active
A11796,C07708,Savings,270726.87,Active
A11797,C08211,Savings,273534.49,Active
A11798,C05369,Savings,724368.24,Active
A11799,C09367,Investment,370379.05,Active
A11800,C04879,Current,48411.51,Active
A11801,C04318,Investment,791990.62,Inactive
A11802,C07639,Current,191748.61,Active
A11803,C07913,Investment,632093.93,Inactive
A11804,C02950,Investment,636052.49,Active
A11805,C08897,Investment,674354.60,Active
A11806,C02271,Investment,66166.58,Inactive
A11807,C01428,Savings,549084.07,Active
A11808,C08937,Savings,565871.59,Active
A11809,C03325,Current,569114.99,Active
A11810,C05877,Investment,632356.66,Active
A11811,C04061,Savings,384610.95,Active
A11812,C03794,Current,514610.63,Inactive
A11813,C05590,Current,581576.12,Active
A11814,C06720,Current,633928.54,Active
A11815,C03433,Investment,676085.30,Inactive
A11816,C03808,Investment,690469.96,Inactive
A11817,C01624,Investment,408008.52,Active
A11818,C06512,Investment,281861.74,Active
A11819,C08537,Investment,858715.82,Active
A11820,C03991,Current,378444.19,Active
A11821,C08449,Investment,899588.92,Active
A11822,C08359,Savings,181784.98,Active
A11823,C06539,Investment,884640.49,Active
A11824,C07736,Current,456583.66,Active
A11825,C08725,Current,977668.96,Active
A11826,C08286,Current,907981.57,Active
A11827,C07173,Savings,636713.47,Active
A11828,C08834,Savings,672462.15,Active
A11829,C04248,Current,784523.34,Active
A11830,C04005,Savings,744075.11,Active
A11831,C05644,Current,376254.44,Active
A11832,C04194,Investment,586812.73,Inactive
A11833,C01491,Investment,176547.70,Active
A11834,C06795,Investment,447022.44,Active
A11835,C09666,Current,730007.35,Active
A11836,C09453,Current,814762.28,Closed
A11837,C06805,Investment,673777.24,Active
A11838,C01936,Investment,331803.85,Inactive
A11839,C08257,Savings,840658.43,Active
A11840,C03483,Savings,324791.72,Active
A11841,C02727,Savings,667522.24,Active
A11842,C08945,Savings,569805.74,Active
A11843,C02559,Current,924506.22,Active
A11844,C01839,Investment,720639.40,Inactive
A11845,C03792,Current,734589.06,Active
A11846,C03680,Savings,772340.69,Active
A11847,C06715,Current,471372.99,Active
A11848,C03089,Investment,48700.21,Active
A11849,C05543,Investment,307361.43,Active
A11850,C03183,Savings,683354.94,Active
A11851,C04722,Investment,7892.12,Active
A11852,C07080,Savings,400362.39,Active
A11853,C01643,Current,261567.05,Active
A11854,C09853,Investment,970653.08,Active
A11855,C02583,Savings,450789.55,Active
A11856,C09275,Current,130989.52,Active
A11857,C03044,Savings,722784.10,Active
A11858,C06753,Current,108025.13,Active
A11859,C06831,Savings,658015.79,Active
A11860,C07415,Current,243950.45,Active
A11861,C06462,Investment,671241.48,Active
A11862,C06292,Current,848395.81,Active
A11863,C00087,Savings,100430.35,Active
A11864,C04914,Current,799450.82,Inactive
A11865,C06989,Current,586249.40,Active
A11866,C05992,Savings,345060.65,Active
A11867,C07271,Savings,146613.02,Inactive
A11868,C00876,Investment,991695.62,Active
A11869,C06269,Current,700942.03,Inactive
A11870,C05687,Current,174958.88,Active
A11871,C07440,Savings,533005.49,Active
A11872,C08450,Investment,824418.01,Active
A11873,C04767,Investment,841467.49,Active
A11874,C00986,Current,717161.51,Active
A11875,C08570,Savings,380463.52,Active
A11876,C00587,Savings,727942.56,Active
A11877,C07532,Investment,774951.03,Active
A11878,C02375,Savings,813321.57,Active
A11879,C00147,Current,410047.37,Active
A11880,C04986,Investment,71182.79,Active
A11881,C03278,Savings,707235.50,Active
A11882,C03324,Investment,669295.01,Active
A11883,C07059,Investment,954666.72,Active
A11884,C06954,Savings,927299.85,Active
A11885,C08964,Investment,95564.51,Active
A11886,C05582,Investment,894239.79,Active
A11887,C05961,Current,162981.93,Active
A11888,C08069,Investment,113288.90,Active
A11889,C04189,Investment,115300.90,Active
A11890,C07602,Current,185717.47,Active
A11891,C03887,Investment,37808.04,Active
A11892,C08001,Savings,783434.55,Active
A11893,C06672,Savings,557625.35,Active
A11894,C07928,Savings,878797.53,Active
A11895,C04563,Savings,519448.68,Active
A11896,C06881,Savings,256325.45,Active
A11897,C09438,Investment,87960.83,Active
A11898,C03641,Current,895390.28,Active
A11899,C02411,Investment,30492.64,Active
A11900,C02742,Investment,448478.93,Active
A11901,C00075,Savings,213272.92,Active
A11902,C02473,Investment,826974.54,Inactive
A11903,C07111,Current,908363.64,Active
A11904,C06914,Current,483332.13,Active
A11905,C07064,Current,210596.12,Active
A11906,C07494,Savings,243085.32,Active
A11907,C02836,Current,302394.33,Closed
A11908,C01407,Current,232487.01,Active
A11909,C07249,Investment,319931.14,Active
A11910,C03597,Savings,550875.63,Active
A11911,C03484,Current,761860.99,Inactive
A11912,C00606,Savings,293718.28,Closed
A11913,C08025,Savings,351100.56,Active
A11914,C08845,Investment,561399.38,Active
A11915,C03015,Current,53389.25,Active
A11916,C02781,Current,722307.24,Active
A11917,C03878,Current,39954.91,Inactive
A11918,C07359,Current,344974.28,Active
A11919,C06473,Current,777023.72,Inactive
A11920,C04052,Investment,859649.31,Active
A11921,C01395,Investment,964443.69,Active
A11922,C08306,Current,709178.25,Inactive
A11923,C08007,Current,369521.46,Active
A11924,C07402,Investment,186797.50,Active
A11925,C00855,Savings,964463.14,Active
A11926,C06151,Current,355658.90,Active
A11927,C06274,Savings,246798.36,Active
A11928,C01170,Investment,201643.42,Active
A11929,C07599,Savings,991706.47,Active
A11930,C01816,Current,313996.33,Active
A11931,C01800,Current,50463.15,Active
A11932,C07200,Current,69218.39,Active
A11933,C04717,Savings,551509.62,Active
A11934,C09508,Current,330174.45,Active
A11935,C08911,Current,315339.63,Active
A11936,C07610,Savings,279046.65,Active
A11937,C07175,Current,759975.57,Active
A11938,C09088,Current,630382.44,Active
A11939,C02178,Investment,34690.81,Active
A11940,C08487,Savings,995972.13,Active
A11941,C03259,Current,610752.20,Active
A11942,C02950,Current,677584.48,Active
A11943,C09839,Current,534186.78,Closed
A11944,C05271,Savings,380129.23,Active
A11945,C01404,Current,346029.99,Active
A11946,C06534,Current,95547.30,Active
A11947,C00478,Savings,324644.15,Active
A11948,C01687,Investment,677825.39,Active
A11949,C00840,Current,400485.54,Active
A11950,C06937,Investment,998384.15,Active
A11951,C03044,Investment,105850.28,Closed
A11952,C00291,Savings,538021.06,Active
A11953,C03504,Investment,35371.90,Active
A11954,C06965,Savings,720967.07,Active
A11955,C03834,Current,530086.39,Active
A11956,C03995,Current,585469.57,Closed
A11957,C00220,Investment,679599.22,Active
A11958,C08184,Investment,527789.61,Active
A11959,C01063,Investment,100443.82,Active
A11960,C00109,Investment,660557.59,Active
A11961,C01805,Current,331141.75,Active
A11962,C00688,Savings,270531.89,Active
A11963,C01668,Current,199887.32,Active
A11964,C00523,Savings,613231.94,Active
A11965,C07373,Savings,485323.61,Active
A11966,C03051,Savings,53559.06,Active
A11967,C05368,Investment,365450.92,Active
A11968,C01780,Investment,544024.57,Inactive
A11969,C09486,Savings,907632.10,Active
A11970,C05323,Savings,589814.55,Active
A11971,C02368,Savings,131949.51,Active
A11972,C04339,Savings,646611.13,Active
A11973,C02804,Investment,774076.70,Active
A11974,C01373,Savings,677460.05,Active
A11975,C00120,Savings,331717.78,Active
A11976,C03324,Savings,692689.23,Active
A11977,C01197,Savings,135947.09,Closed
A11978,C06924,Investment,580057.85,Inactive
A11979,C07923,Investment,264381.28,Active
A11980,C03768,Savings,605476.62,Active
A11981,C01670,Savings,838843.69,Active
A11982,C07290,Investment,721441.65,Active
A11983,C09150,Current,419787.56,Active
A11984,C08646,Current,340204.20,Closed
A11985,C03246,Current,638296.17,Active
A11986,C03972,Current,678502.75,Active
A11987,C04869,Savings,456129.23,Active
A11988,C01206,Investment,760086.72,Active
A11989,C03264,Savings,741791.19,Active
A11990,C01369,Savings,392304.24,Active
A11991,C05345,Savings,422161.73,Active
A11992,C03616,Savings,957199.16,Inactive
A11993,C01598,Savings,395695.51,Active
A11994,C07842,Investment,754877.15,Active
A11995,C05798,Investment,919587.50,Active
A11996,C03850,Current,812547.97,Active
A11997,C03951,Savings,245768.26,Active
A11998,C02059,Current,784590.70,Active
A11999,C07218,Savings,187362.30,Active
A12000,C09976,Savings,943063.56,Active
A12001,C08480,Current,27026.15,Active
A12002,C04955,Investment,15075.01,Active
A12003,C08016,Current,82217.09,Inactive
A12004,C00061,Savings,568988.65,Active
A12005,C04334,Savings,575189.71,Active
A12006,C06765,Current,418573.81,Inactive
A12007,C09136,Investment,919077.26,Active
A12008,C04500,Investment,355594.98,Closed
A12009,C08585,Investment,92345.35,Active
A12010,C01050,Savings,876415.33,Active
A12011,C02637,Investment,145922.63,Active
A12012,C04886,Savings,720382.79,Active
A12013,C08927,Current,736686.91,Active
A12014,C01530,Savings,878457.44,Active
A12015,C00612,Savings,646870.34,Active
A12016,C02714,Investment,331517.86,Active
A12017,C00474,Savings,596637.05,Active
A12018,C09525,Current,870950.17,Active
A12019,C02993,Savings,170626.48,Active
A12020,C05826,Savings,51165.79,Active
A12021,C02822,Current,357837.15,Active
A12022,C01374,Investment,987525.94,Active
A12023,C02656,Savings,816207.64,Active
A12024,C04353,Savings,527262.40,Active
A12025,C03785,Current,851528.75,Active
A12026,C03736,Current,616240.86,Active
A12027,C07996,Current,237003.58,Active
A12028,C09613,Current,382571.50,Active
A12029,C03056,Current,138038.37,Active
A12030,C09949,Current,904064.48,Active
A12031,C04240,Investment,548776.70,Active
A12032,C09473,Savings,274990.80,Inactive
A12033,C03785,Current,363066.93,Active
A12034,C05081,Savings,795426.29,Active
A12035,C04871,Savings,102548.24,Active
A12036,C09191,Current,699167.80,Active
A12037,C06029,Savings,710609.63,Active
A12038,C07569,Savings,514920.88,Active
A12039,C03071,Investment,886327.82,Active
A12040,C08796,Investment,628127.33,Active
A12041,C08298,Current,412178.98,Active
A12042,C00133,Savings,659070.72,Active
A12043,C02435,Savings,152820.21,Active
A12044,C04700,Investment,91558.36,Active
A12045,C09081,Investment,360299.54,Active
A12046,C06028,Current,567861.33,Active
A12047,C08854,Current,827602.63,Active
A12048,C02219,Savings,518207.13,Active
A12049,C06015,Investment,41833.18,Active
A12050,C09023,Investment,517248.59,Active
A12051,C03797,Investment,851823.72,Active
A12052,C00144,Savings,733999.37,Active
A12053,C09425,Investment,694510.15,Inactive
A12054,C09041,Savings,228267.11,Active
A12055,C03343,Investment,712160.90,Active
A12056,C02398,Savings,271052.88,Active
A12057,C03009,Current,334225.75,Active
A12058,C05980,Investment,491551.94,Active
A12059,C03753,Current,659598.65,Inactive
A12060,C07861,Savings,461919.14,Closed
A12061,C09003,Current,455909.54,Active
A12062,C03043,Current,43847.98,Active
A12063,C09811,Current,924306.20,Inactive
A12064,C06192,Savings,450330.47,Active
A12065,C06578,Savings,419560.98,Active
A12066,C04763,Current,734062.66,Active
A12067,C08017,Current,5740.12,Active
A12068,C02571,Current,30871.52,Active
A12069,C07459,Investment,55550.63,Active
A12070,C07332,Savings,108511.16,Active
A12071,C04855,Investment,53948.01,Active
A12072,C03185,Savings,946936.19,Active
A12073,C08329,Current,563595.81,Active
A12074,C08355,Savings,62897.85,Active
A12075,C01618,Current,525568.69,Active
A12076,C09898,Current,388011.74,Inactive
A12077,C05390,Current,74629.17,Active
A12078,C04544,Investment,175326.58,Active
A12079,C06737,Savings,425069.00,Active
A12080,C04091,Investment,182017.02,Active
A12081,C07767,Investment,159337.66,Active
A12082,C05126,Savings,687868.50,Active
A12083,C07055,Current,517618.46,Active
A12084,C09512,Current,483516.82,Active
A12085,C07441,Current,708439.63,Active
A12086,C09120,Current,224926.50,Active
A12087,C08674,Current,334764.18,Active
A12088,C01801,Savings,770267.80,Active
A12089,C07888,Investment,131806.97,Active
A12090,C01864,Investment,732093.79,Active
A12091,C07102,Savings,218435.25,Active
A12092,C07468,Current,950756.55,Active
A12093,C06747,Current,721630.94,Active
A12094,C06315,Investment,519376.56,Active
A12095,C01076,Current,955929.91,Active
A12096,C03641,Current,309221.94,Active
A12097,C06420,Savings,46883.19,Closed
A12098,C02886,Investment,539046.49,Inactive
A12099,C00474,Current,308147.00,Closed
A12100,C05275,Investment,617543.85,Active
A12101,C04566,Savings,641148.39,Inactive
A12102,C02344,Current,344211.00,Inactive
A12103,C01779,Investment,129869.21,Active
A12104,C01195,Current,660699.38,Active
A12105,C02776,Savings,811760.02,Active
A12106,C05615,Current,957589.74,Active
A12107,C01921,Current,219892.17,Active
A12108,C02429,Current,61860.55,Active
A12109,C06264,Investment,604546.74,Active
A12110,C02080,Savings,349299.71,Active
A12111,C04116,Investment,776126.67,Active
A12112,C04971,Investment,781217.78,Active
A12113,C02244,Investment,990346.08,Active
A12114,C09501,Current,153185.56,Active
A12115,C02220,Current,61644.68,Active
A12116,C07904,Investment,727641.24,Active
A12117,C09838,Current,396687.82,Active
A12118,C06483,Investment,107716.77,Inactive
A12119,C00763,Savings,781028.00,Active
A12120,C02838,Savings,227467.39,Active
A12121,C07529,Investment,457635.15,Closed
A12122,C02490,Investment,747753.14,Closed
A12123,C01725,Current,60318.00,Active
A12124,C04716,Current,859863.69,Active
A12125,C00394,Savings,160121.69,Active
A12126,C01981,Current,170850.07,Active
A12127,C08816,Current,906958.05,Active
A12128,C00567,Investment,899534.82,Active
A12129,C01490,Current,170878.12,Active
A12130,C09960,Investment,828799.51,Active
A12131,C08568,Current,721395.91,Active
A12132,C06589,Investment,845692.78,Active
A12133,C03945,Current,555820.13,Closed
A12134,C04468,Investment,386484.67,Active
A12135,C00292,Current,759616.28,Active
A12136,C06344,Savings,765915.09,Active
A12137,C02622,Investment,350903.72,Active
A12138,C07993,Current,605117.21,Active
A12139,C01101,Investment,998174.01,Closed
A12140,C01251,Savings,815507.19,Active
A12141,C06732,Savings,351389.64,Active
A12142,C01921,Savings,244386.70,Active
A12143,C02317,Investment,931409.19,Active
A12144,C07157,Investment,790595.84,Active
A12145,C07867,Investment,789493.43,Active
A12146,C09359,Investment,656002.33,Active
A12147,C04573,Investment,474424.27,Active
A12148,C00297,Savings,40922.18,Active
A12149,C07778,Investment,609694.61,Active
A12150,C08412,Current,716363.45,Active
A12151,C07583,Current,439647.12,Active
A12152,C04217,Current,847085.48,Active
A12153,C00488,Investment,754399.18,Active
A12154,C06975,Investment,648951.79,Active
A12155,C00202,Current,586285.27,Active
A12156,C00364,Savings,344893.49,Active
A12157,C06787,Savings,348300.92,Active
A12158,C00628,Investment,504076.79,Active
A12159,C01752,Current,307911.96,Active
A12160,C01225,Savings,984586.92,Active
A12161,C08944,Savings,316674.53,Active
A12162,C04021,Investment,352056.44,Active
A12163,C03737,Current,206417.35,Active
A12164,C00968,Current,764456.73,Active
A12165,C09841,Investment,564319.72,Active
A12166,C03422,Investment,693901.44,Inactive
A12167,C00169,Current,216509.65,Active
A12168,C09768,Investment,737723.20,Active
A12169,C00458,Current,782321.48,Active
A12170,C00078,Investment,263582.18,Active
A12171,C07660,Savings,861809.10,Active
A12172,C00973,Current,939733.20,Active
A12173,C03693,Investment,147090.91,Active
A12174,C09834,Savings,54291.11,Active
A12175,C01910,Current,603320.15,Active
A12176,C02260,Savings,686571.49,Active
A12177,C00372,Investment,968515.36,Closed
A12178,C08383,Investment,280164.18,Active
A12179,C08535,Investment,220537.37,Active
A12180,C04212,Current,602370.91,Active
A12181,C06906,Investment,113862.45,Active
A12182,C00582,Savings,896141.07,Active
A12183,C02544,Savings,683787.12,Active
A12184,C02717,Savings,240453.75,Active
A12185,C05191,Current,679453.38,Closed
A12186,C07620,Investment,38098.97,Active
A12187,C05194,Savings,651032.58,Inactive
A12188,C08770,Current,152484.88,Active
A12189,C06578,Current,865614.29,Active
A12190,C07231,Current,406764.89,Inactive
A12191,C07622,Investment,913576.89,Active
A12192,C02013,Savings,853759.28,Active
A12193,C04165,Investment,211695.80,Active
A12194,C00025,Savings,392425.29,Active
A12195,C02131,Investment,335274.52,Active
A12196,C08862,Current,354429.37,Active
A12197,C09603,Savings,401306.06,Inactive
A12198,C00300,Current,749539.93,Active
A12199,C08099,Current,9212.84,Active
A12200,C01260,Investment,881537.39,Active
A12201,C04217,Savings,875132.66,Active
A12202,C01447,Current,850623.56,Active
A12203,C00104,Savings,752351.49,Active
A12204,C03441,Current,670633.63,Active
A12205,C08878,Current,653006.34,Active
A12206,C03014,Current,329038.76,Active
A12207,C01037,Investment,442048.28,Active
A12208,C03581,Current,390596.03,Active
A12209,C08548,Investment,975578.94,Active
A12210,C05882,Current,679599.25,Active
A12211,C01927,Investment,385016.73,Active
A12212,C03790,Investment,816315.23,Active
A12213,C06669,Investment,190954.73,Active
A12214,C00848,Current,760067.24,Active
A12215,C09384,Investment,22304.55,Active
A12216,C00119,Savings,614766.80,Active
A12217,C09394,Current,727079.86,Active
A12218,C08350,Savings,707145.19,Active
A12219,C04768,Savings,715485.57,Active
A12220,C05039,Current,496812.51,Active
A12221,C03836,Current,649522.12,Active
A12222,C05815,Investment,76386.40,Inactive
A12223,C09126,Current,758912.25,Active
A12224,C09573,Investment,222906.22,Active
A12225,C08213,Savings,103925.89,Active
A12226,C02527,Investment,382443.98,Active
A12227,C02222,Savings,683706.65,Active
A12228,C07490,Savings,336850.58,Active
A12229,C03315,Savings,732964.64,Active
A12230,C07562,Savings,646588.70,Active
A12231,C01386,Current,510251.29,Active
A12232,C03432,Savings,184081.71,Active
A12233,C05313,Investment,522651.73,Active
A12234,C05340,Current,209757.29,Active
A12235,C09922,Current,268302.54,Active
A12236,C06532,Savings,544018.65,Active
A12237,C02221,Investment,393888.23,Active
A12238,C06140,Investment,612130.23,Active
A12239,C03893,Current,218508.00,Active
A12240,C05911,Investment,802989.43,Active
A12241,C01994,Current,976733.89,Inactive
A12242,C07721,Savings,248035.56,Active
A12243,C09130,Investment,600346.42,Active
A12244,C03175,Current,220881.11,Active
A12245,C01577,Current,894452.13,Active
A12246,C07919,Savings,468663.19,Active
A12247,C01525,Savings,532007.52,Active
A12248,C08102,Investment,580245.59,Active
A12249,C02460,Investment,101696.51,Active
A12250,C04742,Savings,569639.84,Active
A12251,C02752,Current,804935.46,Inactive
A12252,C07487,Investment,153378.63,Inactive
A12253,C03262,Savings,985042.06,Active
A12254,C02565,Savings,956574.21,Active
A12255,C04029,Investment,346825.25,Active
A12256,C05988,Investment,233553.28,Active
A12257,C04142,Savings,802567.73,Active
A12258,C04553,Investment,460693.45,Active
A12259,C00997,Investment,416931.94,Active
A12260,C03749,Savings,499990.64,Active
A12261,C06235,Current,506263.72,Active
A12262,C00347,Savings,710323.14,Active
A12263,C01141,Investment,289598.98,Active
A12264,C08809,Savings,564322.17,Active
A12265,C03369,Savings,966707.59,Active
A12266,C00363,Current,934241.04,Active
A12267,C02796,Investment,317184.45,Active
A12268,C09826,Savings,438217.88,Active
A12269,C08360,Investment,442847.73,Active
A12270,C04899,Current,640175.65,Active
A12271,C06560,Savings,141272.87,Active
A12272,C00724,Savings,937256.79,Active
A12273,C05457,Investment,78597.70,Active
A12274,C08953,Investment,593835.31,Closed
A12275,C02915,Savings,847267.91,Active
A12276,C03622,Current,881029.69,Active
A12277,C04597,Current,18908.51,Closed
A12278,C00312,Current,433735.64,Active
A12279,C08078,Investment,380780.72,Active
A12280,C07743,Savings,578055.23,Active
A12281,C09134,Savings,968303.61,Active
A12282,C02616,Investment,846099.10,Active
A12283,C02602,Savings,915604.56,Active
A12284,C09795,Investment,449493.87,Active
A12285,C07076,Savings,683778.43,Active
A12286,C04402,Current,71449.72,Active
A12287,C06741,Savings,215950.44,Active
A12288,C04287,Savings,825577.30,Active
A12289,C09924,Current,521358.45,Active
A12290,C05206,Investment,45333.43,Inactive
A12291,C07462,Investment,292032.36,Active
A12292,C09924,Investment,877946.19,Inactive
A12293,C01659,Investment,740656.66,Active
A12294,C05162,Investment,281760.67,Active
A12295,C06722,Savings,55730.71,Active
A12296,C02149,Investment,754107.48,Active
A12297,C08200,Investment,819192.10,Active
A12298,C02573,Current,61679.17,Inactive
A12299,C09750,Savings,190916.67,Closed
A12300,C03598,Savings,149286.52,Active
A12301,C08961,Savings,798231.47,Active
A12302,C03518,Investment,283280.98,Active
A12303,C09105,Savings,207377.57,Active
A12304,C08430,Current,823246.25,Active
A12305,C05223,Savings,840300.92,Inactive
A12306,C02373,Current,377167.22,Closed
A12307,C03438,Investment,156322.03,Active
A12308,C06765,Savings,8443.82,Active
A12309,C00706,Investment,129075.76,Active
A12310,C05228,Savings,243006.08,Inactive
A12311,C09614,Investment,392778.21,Active
A12312,C04869,Savings,783107.52,Active
A12313,C06675,Current,643254.38,Active
A12314,C08052,Savings,475461.75,Active
A12315,C05535,Current,175384.17,Active
A12316,C05416,Savings,485517.94,Active
A12317,C01804,Current,570108.92,Active
A12318,C05845,Current,355908.77,Active
A12319,C04989,Savings,663239.70,Active
A12320,C04111,Current,264945.72,Active
A12321,C07124,Current,301784.04,Inactive
A12322,C08620,Investment,831512.93,Active
A12323,C04928,Savings,655720.79,Active
A12324,C06343,Current,403773.95,Inactive
A12325,C01770,Investment,868600.85,Active
A12326,C00942,Savings,438873.81,Active
A12327,C09082,Investment,809943.60,Active
A12328,C01498,Investment,40402.95,Inactive
A12329,C03107,Savings,374164.78,Active
A12330,C07613,Current,860466.78,Active
A12331,C01888,Current,196198.99,Active
A12332,C02578,Investment,257356.65,Active
A12333,C05823,Savings,451137.42,Closed
A12334,C05023,Current,528384.23,Inactive
A12335,C09461,Savings,797658.07,Active
A12336,C03951,Investment,535811.14,Active
A12337,C05941,Investment,895728.62,Active
A12338,C05037,Savings,319798.70,Active
A12339,C00345,Current,743931.17,Active
A12340,C01871,Savings,2257.27,Active
A12341,C07685,Investment,214287.27,Active
A12342,C00182,Savings,302675.31,Active
A12343,C03965,Savings,245008.64,Active
A12344,C01789,Current,134606.63,Inactive
A12345,C04327,Savings,487997.99,Active
A12346,C09383,Current,220392.88,Active
A12347,C00245,Current,71701.23,Active
A12348,C06726,Current,12611.56,Active
A12349,C05413,Savings,649502.38,Active
A12350,C03413,Savings,923371.43,Closed
A12351,C04049,Investment,195935.81,Active
A12352,C00584,Current,697941.89,Active
A12353,C00864,Investment,451229.86,Active
A12354,C05919,Investment,762208.23,Active
A12355,C06760,Investment,175932.14,Active
A12356,C07004,Current,532431.02,Active
A12357,C00429,Savings,707944.44,Inactive
A12358,C08256,Savings,189730.07,Closed
A12359,C03526,Investment,438408.68,Active
A12360,C04498,Savings,398463.31,Active
A12361,C04631,Savings,732306.52,Active
A12362,C08079,Current,373110.36,Active
A12363,C06588,Investment,520602.49,Closed
A12364,C02566,Savings,609419.70,Active
A12365,C08970,Savings,163754.51,Inactive
A12366,C00113,Investment,969602.29,Active
A12367,C09234,Savings,468889.06,Active
A12368,C01313,Investment,843537.35,Active
A12369,C07987,Current,646727.10,Active
A12370,C07481,Investment,336712.30,Active
A12371,C05399,Investment,561425.46,Active
A12372,C07158,Savings,155425.04,Active
A12373,C08017,Investment,736452.41,Active
A12374,C04231,Current,109253.16,Active
A12375,C05898,Current,286680.77,Inactive
A12376,C07886,Current,994564.47,Inactive
A12377,C08650,Savings,293700.66,Active
A12378,C03534,Savings,925414.85,Active
A12379,C01908,Investment,963474.48,Active
A12380,C02965,Investment,686761.75,Active
A12381,C04469,Investment,275400.73,Active
A12382,C03101,Current,166853.77,Active
A12383,C07327,Savings,698250.98,Closed
A12384,C09355,Savings,198434.58,Active
A12385,C07068,Investment,372255.85,Active
A12386,C00908,Investment,263033.31,Active
A12387,C05259,Current,794489.44,Active
A12388,C02914,Investment,57096.34,Active
A12389,C02892,Current,319778.62,Active
A12390,C09615,Current,451439.00,Active
A12391,C02153,Current,771046.11,Active
A12392,C00534,Investment,958869.32,Active
A12393,C05715,Savings,70381.33,Active
A12394,C09940,Savings,679475.98,Active
A12395,C02385,Savings,440640.49,Closed
A12396,C07097,Savings,351771.17,Active
A12397,C02479,Current,698349.44,Active
A12398,C08870,Current,693297.83,Inactive
A12399,C02579,Savings,120984.90,Active
A12400,C03537,Savings,945647.18,Active
A12401,C02807,Investment,483093.28,Active
A12402,C03274,Current,920936.45,Active
A12403,C07250,Savings,729587.49,Inactive
A12404,C01532,Current,826864.12,Active
A12405,C03750,Current,146011.98,Active
A12406,C04370,Investment,844632.59,Active
A12407,C09196,Current,190354.20,Active
A12408,C09069,Current,135698.95,Active
A12409,C04762,Savings,816371.98,Active
A12410,C06394,Investment,317878.78,Active
A12411,C06600,Savings,487965.77,Inactive
A12412,C05770,Investment,540334.06,Active
A12413,C09835,Savings,451072.67,Active
A12414,C02634,Investment,612433.10,Active
A12415,C00870,Savings,620328.74,Active
A12416,C01991,Savings,138844.97,Active
A12417,C01739,Savings,490416.76,Active
A12418,C04747,Investment,895287.53,Active
A12419,C07692,Savings,476584.12,Active
A12420,C06122,Savings,118900.12,Active
A12421,C00062,Savings,47446.78,Inactive
A12422,C09259,Current,768251.28,Active
A12423,C01309,Current,679231.17,Closed
A12424,C06930,Savings,579287.95,Active
A12425,C01072,Savings,830776.37,Active
A12426,C01833,Investment,396178.74,Inactive
A12427,C07116,Current,868828.10,Inactive
A12428,C01087,Investment,403005.03,Closed
A12429,C00833,Current,267217.65,Active
A12430,C09002,Investment,819761.99,Active
A12431,C08864,Investment,287681.22,Active
A12432,C05113,Current,666084.87,Active
A12433,C00955,Current,733484.70,Active
A12434,C08375,Current,292125.96,Active
A12435,C08226,Current,559450.46,Closed
A12436,C04800,Current,107422.58,Active
A12437,C02909,Current,891869.42,Active
A12438,C07285,Savings,948326.84,Active
A12439,C02818,Current,838125.09,Active
A12440,C07638,Investment,992430.61,Inactive
A12441,C01452,Savings,152159.79,Closed
A12442,C01791,Investment,412941.78,Active
A12443,C06404,Savings,298920.64,Closed
A12444,C08639,Investment,341551.05,Active
A12445,C09665,Current,918719.30,Active
A12446,C04734,Current,653105.65,Active
A12447,C09087,Savings,434869.06,Active
A12448,C04960,Savings,816979.69,Active
A12449,C05892,Investment,185626.02,Inactive
A12450,C07775,Savings,911146.77,Active
A12451,C05722,Savings,796594.90,Active
A12452,C07801,Savings,328166.54,Inactive
A12453,C06603,Savings,507242.83,Active
A12454,C04211,Savings,709431.45,Active
A12455,C08217,Current,259428.80,Active
A12456,C05685,Investment,783416.82,Active
A12457,C02792,Savings,768124.20,Active
A12458,C02057,Current,374801.06,Active
A12459,C03951,Investment,184885.40,Active
A12460,C06882,Savings,113844.56,Active
A12461,C03657,Current,554148.23,Active
A12462,C02548,Investment,694897.32,Active
A12463,C04648,Investment,10789.63,Inactive
A12464,C03182,Savings,635360.72,Active
A12465,C03931,Current,864277.08,Active
A12466,C06123,Investment,433740.31,Active
A12467,C03515,Investment,655503.40,Active
A12468,C01022,Current,289120.60,Closed
A12469,C06441,Investment,969640.25,Active
A12470,C02030,Current,327564.73,Active
A12471,C03171,Investment,429040.20,Active
A12472,C05093,Current,646410.34,Inactive
A12473,C01908,Investment,7760.59,Active
A12474,C02247,Current,961219.56,Active
A12475,C06133,Investment,947171.78,Active
A12476,C03280,Savings,792300.99,Active
A12477,C01515,Current,925643.60,Active
A12478,C05901,Savings,508281.48,Inactive
A12479,C04442,Investment,616115.00,Active
A12480,C08574,Investment,862312.49,Active
A12481,C07613,Savings,469395.31,Inactive
A12482,C02526,Investment,25260.49,Inactive
A12483,C08152,Current,745360.01,Active
A12484,C00008,Savings,948364.04,Active
A12485,C06176,Current,53485.77,Active
A12486,C08878,Savings,954563.03,Active
A12487,C01801,Investment,977191.79,Active
A12488,C07374,Investment,344217.15,Active
A12489,C05956,Savings,911833.42,Active
A12490,C02702,Investment,35515.24,Closed
A12491,C01529,Savings,735409.79,Active
A12492,C02767,Investment,831894.74,Active
A12493,C04129,Investment,562408.78,Active
A12494,C02190,Savings,732178.69,Inactive
A12495,C02248,Savings,962345.08,Active
A12496,C09447,Current,786825.74,Active
A12497,C04052,Investment,108181.00,Inactive
A12498,C07750,Investment,670613.35,Active
A12499,C07174,Current,907829.50,Inactive
A12500,C01660,Current,467713.94,Inactive
A12501,C00850,Investment,798905.66,Inactive
A12502,C03222,Current,62396.78,Active
A12503,C03871,Current,228087.69,Active
A12504,C10000,Investment,806547.28,Active
A12505,C05558,Savings,892589.26,Active
A12506,C03549,Current,251550.51,Active
A12507,C06243,Investment,699389.30,Active
A12508,C05113,Investment,341276.53,Active
A12509,C00660,Investment,167181.85,Active
A12510,C03060,Current,537515.87,Active
A12511,C04502,Savings,295823.89,Active
A12512,C00955,Investment,972180.07,Active
A12513,C00443,Current,247672.16,Inactive
A12514,C06887,Savings,16372.06,Active
A12515,C07540,Investment,254995.63,Active
A12516,C07721,Current,516564.76,Active
A12517,C04420,Current,836857.46,Active
A12518,C02491,Current,794580.43,Closed
A12519,C03782,Savings,254123.41,Inactive
A12520,C06244,Investment,319871.28,Active
A12521,C00989,Savings,126312.03,Closed
A12522,C07263,Current,275177.24,Active
A12523,C01129,Investment,727136.06,Inactive
A12524,C06125,Investment,889220.59,Active
A12525,C06864,Savings,686757.52,Active
A12526,C04329,Savings,824669.94,Active
A12527,C02002,Savings,546181.39,Active
A12528,C03904,Investment,869446.52,Active
A12529,C07558,Current,187751.28,Inactive
A12530,C06830,Investment,375054.41,Active
A12531,C09784,Savings,383384.37,Active
A12532,C03094,Investment,263624.53,Active
A12533,C09984,Savings,235892.66,Active
A12534,C06501,Savings,376926.94,Active
A12535,C08224,Current,523964.77,Active
A12536,C07513,Savings,772882.16,Active
A12537,C01925,Savings,800524.98,Active
A12538,C08492,Savings,861109.83,Active
A12539,C02943,Current,433527.19,Active
A12540,C06177,Savings,605754.53,Active
A12541,C08592,Savings,527020.87,Active
A12542,C02817,Savings,774189.77,Active
A12543,C09922,Investment,250610.68,Active
A12544,C06469,Savings,56073.58,Active
A12545,C09384,Investment,258766.60,Active
A12546,C03516,Current,768781.18,Active
A12547,C01606,Current,453683.92,Inactive
A12548,C08371,Savings,32658.37,Active
A12549,C01854,Savings,300645.52,Active
A12550,C05563,Current,591509.34,Active
A12551,C09125,Savings,12978.55,Active
A12552,C02251,Savings,259816.02,Active
A12553,C03644,Investment,160996.92,Active
A12554,C05279,Investment,308971.57,Inactive
A12555,C02338,Current,634610.75,Active
A12556,C00155,Investment,5258.91,Active
A12557,C00106,Current,244839.24,Active
A12558,C04665,Savings,117802.75,Active
A12559,C07653,Investment,927067.68,Active
A12560,C00824,Current,698207.10,Closed
A12561,C04332,Savings,371746.65,Active
A12562,C01304,Savings,37387.13,Active
A12563,C03050,Savings,565801.72,Active
A12564,C07409,Investment,114976.23,Active
A12565,C03613,Savings,409528.09,Active
A12566,C02245,Investment,878999.88,Active
A12567,C09020,Savings,659488.42,Active
A12568,C05043,Investment,971250.17,Active
A12569,C02119,Investment,716084.58,Active
A12570,C02549,Investment,99513.41,Active
A12571,C02306,Savings,671680.82,Closed
A12572,C04931,Current,307318.82,Active
A12573,C08634,Current,970523.01,Active
A12574,C08091,Savings,551302.18,Active
A12575,C01169,Savings,467636.04,Active
A12576,C05759,Investment,807550.18,Active
A12577,C09822,Current,867291.70,Active
A12578,C00265,Investment,494745.73,Active
A12579,C04750,Savings,458492.03,Closed
A12580,C07722,Investment,649864.75,Active
A12581,C03533,Current,596500.09,Active
A12582,C09747,Investment,663803.27,Active
A12583,C03034,Savings,132065.15,Active
A12584,C05185,Savings,122214.15,Active
A12585,C01577,Savings,831191.60,Active
A12586,C06839,Investment,632705.81,Active
A12587,C08748,Investment,726780.81,Active
A12588,C01203,Savings,524072.69,Active
A12589,C99999_ORPHAN,Investment,136525.93,Active
A12590,C02202,Investment,279501.16,Active
A12591,C01831,Savings,909554.23,Active
A12592,C06520,Savings,805929.76,Active
A12593,C05448,Investment,890894.11,Closed
A12594,C00106,Savings,650144.55,Inactive
A12595,C01158,Current,275105.50,Active
A12596,C04380,Savings,228581.08,Active
A12597,C07671,Investment,400822.10,Active
A12598,C08656,Investment,21263.37,Active
A12599,C04532,Savings,842912.96,Active
A12600,C01310,Savings,304737.83,Active
A12601,C01146,Investment,903216.29,Active
A12602,C02779,Savings,376383.52,Active
A12603,C04158,Current,64660.31,Active
A12604,C00343,Savings,668634.40,Active
A12605,C06875,Investment,292351.95,Active
A12606,C05570,Savings,605639.45,Active
A12607,C08102,Investment,817008.40,Active
A12608,C08633,Savings,74908.83,Active
A12609,C03640,Savings,338877.85,Active
A12610,C09849,Savings,843634.23,Active
A12611,C03807,Investment,135051.66,Active
A12612,C02535,Savings,208619.12,Active
A12613,C06578,Savings,278048.63,Active
A12614,C02740,Current,167155.15,Active
A12615,C07286,Savings,895618.14,Active
A12616,C03825,Investment,95445.95,Active
A12617,C02727,Current,674307.86,Inactive
A12618,C07245,Investment,929867.06,Active
A12619,C07789,Investment,136082.35,Active
A12620,C00167,Savings,396605.48,Active
A12621,C00662,Savings,885105.59,Active
A12622,C05818,Investment,287991.15,Active
A12623,C04410,Investment,955935.70,Closed
A12624,C06255,Investment,924531.21,Active
A12625,C01059,Current,146831.21,Active
A12626,C05135,Savings,157885.28,Active
A12627,C02160,Savings,636512.78,Active
A12628,C05441,Current,293392.26,Active
A12629,C09611,Savings,5407.32,Active
A12630,C06031,Investment,2154.93,Inactive
A12631,C02989,Current,949199.54,Active
A12632,C09573,Savings,138996.40,Active
A12633,C03669,Current,202159.60,Active
A12634,C04925,Current,384313.45,Active
A12635,C09724,Investment,45424.73,Active
A12636,C05126,Investment,54018.56,Active
A12637,C04437,Savings,923469.41,Closed
A12638,C04939,Current,408623.07,Active
A12639,C05431,Current,94926.36,Active
A12640,C02494,Investment,232612.48,Active
A12641,C02247,Investment,503889.53,Inactive
A12642,C04552,Investment,986186.63,Active
A12643,C08788,Current,806246.66,Active
A12644,C00677,Current,310785.48,Active
A12645,C02809,Investment,678476.30,Active
A12646,C08927,Savings,197039.54,Active
A12647,C09512,Investment,274547.94,Active
A12648,C00858,Savings,65743.99,Inactive
A12649,C05390,Current,530921.39,Inactive
A12650,C07925,Current,597584.95,Active
A12651,C07082,Current,904029.36,Active
A12652,C04979,Current,135210.28,Active
A12653,C01885,Current,582768.99,Active
A12654,C08576,Investment,796080.73,Active
A12655,C07086,Investment,487146.70,Active
A12656,C09515,Savings,841005.70,Active
A12657,C05239,Investment,433037.90,Inactive
A12658,C05913,Current,126117.68,Active
A12659,C03271,Investment,85857.65,Active
A12660,C06598,Savings,360800.33,Closed
A12661,C09726,Current,547392.29,Active
A12662,C05227,Investment,120421.08,Active
A12663,C01268,Investment,369573.84,Active
A12664,C05895,Savings,180423.51,Closed
A12665,C08033,Savings,477268.89,Active
A12666,,Current,511501.78,Active
A12667,C00935,Savings,802774.96,Active
A12668,C03650,Savings,855058.37,Active
A12669,C00845,Current,947324.18,Active
A12670,C06298,Investment,68793.59,Active
A12671,C03844,Savings,663333.63,Active
A12672,C06113,Investment,58971.36,Active
A12673,C06035,Investment,822615.28,Active
A12674,C02602,Savings,941592.19,Active
A12675,C02211,Current,884382.24,Active
A12676,C05881,Current,144770.84,Active
A12677,C08698,Investment,779571.64,Active
A12678,C00989,Investment,574937.34,Active
A12679,C02229,Current,149948.82,Active
A12680,C03087,Investment,621298.04,Active
A12681,C00617,Investment,418761.53,Active
A12682,C04436,Current,406104.30,Active
A12683,C02354,Current,511502.24,Active
A12684,C00380,Savings,707479.66,Active
A12685,C09697,Current,558032.19,Active
A12686,C07241,Savings,269391.14,Active
A12687,C03374,Investment,589497.15,Active
A12688,C02522,Savings,243538.47,Active
A12689,C01844,Investment,213163.84,Active
A12690,C04297,Savings,909816.13,Active
A12691,C01915,Current,590724.36,Active
A12692,C07829,Current,242523.27,Active
A12693,C08696,Savings,959360.51,Active
A12694,C07320,Investment,429377.69,Active
A12695,C06082,Savings,374420.92,Active
A12696,C01586,Investment,401847.82,Active
A12697,C05582,Investment,560611.93,Active
A12698,C04962,Savings,365580.44,Active
A12699,C04032,Investment,409101.59,Active
A12700,C09998,Savings,549109.51,Active
A12701,C00129,Investment,795727.56,Inactive
A12702,C03191,Savings,976835.90,Active
A12703,C05287,Current,590375.93,Active
A12704,C03210,Investment,449644.47,Active
A12705,C05317,Current,16816.89,Active
A12706,C04815,Savings,3234.57,Active
A12707,C02329,Current,568286.12,Active
A12708,C06793,Current,802474.52,Active
A12709,C01418,Savings,389764.41,Active
A12710,C01634,Investment,756121.48,Active
A12711,C00071,Savings,136626.10,Active
A12712,C02614,Savings,355455.42,Active
A12713,C03258,Investment,494483.68,Inactive
A12714,C99999_ORPHAN,Savings,818547.84,Active
A12715,C05489,Current,38580.01,Active
A12716,C07792,Investment,312537.43,Active
A12717,C02822,Savings,848783.40,Active
A12718,C08328,Savings,251648.22,Active
A12719,C06271,Savings,168518.50,Closed
A12720,C07992,Savings,279083.05,Inactive
A12721,C04303,Savings,572574.45,Active
A12722,C00810,Investment,902937.85,Active
A12723,C00889,Current,582795.97,Active
A12724,C01300,Savings,350517.22,Active
A12725,C00506,Investment,460268.74,Active
A12726,C00980,Investment,827965.02,Active
A12727,C06069,Savings,691622.39,Active
A12728,C08729,Current,731257.31,Active
A12729,C05984,Investment,938541.89,Active
A12730,C02538,Savings,714901.11,Active
A12731,C03743,Investment,372705.35,Active
A12732,C04508,Investment,604008.50,Active
A12733,C01312,Current,954157.30,Active
A12734,C08724,Savings,53772.19,Active
A12735,C04310,Investment,921559.03,Active
A12736,C05140,Current,658369.99,Active
A12737,C09535,Savings,905189.50,Active
A12738,C04393,Current,709055.83,Active
A12739,C04357,Investment,862546.12,Inactive
A12740,C09655,Current,201950.13,Active
A12741,C09217,Investment,412222.52,Active
A12742,C03028,Investment,421908.13,Active
A12743,C03157,Savings,34901.38,Active
A12744,C06600,Current,968461.35,Active
A12745,C04717,Investment,272729.98,Active
A12746,C09214,Savings,840506.11,Active
A12747,C08430,Savings,155425.13,Active
A12748,C02594,Current,395890.39,Closed
A12749,C09733,Savings,484869.53,Active
A12750,C07192,Savings,606039.77,Inactive
A12751,C01843,Savings,434316.26,Active
A12752,C09125,Current,428627.07,Active
A12753,C02116,Investment,402911.58,Active
A12754,C05827,Savings,118068.17,Active
A12755,C00977,Current,979559.20,Active
A12756,C03423,Current,981048.89,Active
A12757,C07865,Current,5034.35,Active
A12758,C07998,Savings,201280.58,Active
A12759,C07870,Investment,217344.37,Active
A12760,C00362,Current,466229.84,Active
A12761,C02482,Savings,660638.21,Inactive
A12762,C06944,Current,721298.19,Active
A12763,C08703,Current,189378.00,Active
A12764,C04393,Savings,14689.36,Active
A12765,C02436,Savings,388247.98,Active
A12766,C05315,Savings,658372.18,Active
A12767,C03248,Savings,504920.43,Active
A12768,C00210,Investment,957216.89,Active
A12769,C00660,Investment,550068.94,Active
A12770,C02402,Savings,754308.61,Inactive
A12771,C06141,Investment,866172.71,Active
A12772,C02963,Current,9701.98,Active
A12773,C08529,Current,635126.20,Inactive
A12774,C08159,Current,574623.82,Active
A12775,C04342,Savings,407675.31,Inactive
A12776,C02385,Current,646889.67,Active
A12777,C08187,Current,308926.43,Inactive
A12778,C02298,Investment,113210.98,Active
A12779,C02229,Savings,479063.59,Inactive
A12780,C03392,Investment,957189.98,Active
A12781,C09220,Savings,986897.54,Inactive
A12782,C05356,Investment,753839.87,Active
A12783,C03496,Investment,512431.80,Active
A12784,C01034,Savings,613737.83,Active
A12785,C06612,Investment,236795.17,Active
A12786,C00495,Current,508984.01,Active
A12787,C00138,Investment,452021.17,Active
A12788,C04853,Current,200920.27,Active
A12789,C08159,Current,233382.65,Active
A12790,C08971,Investment,338528.24,Active
A12791,C07666,Current,362420.76,Active
A12792,C09750,Investment,694342.73,Active
A12793,C09340,Current,995863.01,Active
A12794,C03998,Savings,910141.68,Active
A12795,C04060,Savings,851518.17,Active
A12796,C00314,Current,576289.89,Active
A12797,C04756,Current,243995.89,Active
A12798,C00329,Savings,324611.78,Active
A12799,C01466,Investment,912923.03,Active
A12800,C08908,Savings,827587.81,Active
A12801,C04115,Current,552344.18,Closed
A12802,C06663,Current,792132.15,Active
A12803,C06175,Investment,597955.50,Active
A12804,C08197,Current,715562.34,Active
A12805,C07869,Savings,740229.12,Active
A12806,C03339,Current,56930.00,Closed
A12807,C03709,Investment,497303.51,Active
A12808,C05251,Current,308505.06,Active
A12809,C05519,Savings,334972.45,Active
A12810,C04560,Savings,921730.02,Active
A12811,C08817,Current,76910.88,Active
A12812,C00352,Investment,305591.54,Active
A12813,C09094,Savings,156266.98,Active
A12814,C08433,Savings,267998.69,Active
A12815,C00151,Savings,671628.01,Active
A12816,C05642,Savings,664394.47,Active
A12817,C02797,Investment,543227.33,Active
A12818,C05198,Investment,688307.35,Closed
A12819,C08648,Savings,35288.83,Active
A12820,C03711,Current,357170.13,Active
A12821,C02347,Current,191197.68,Active
A12822,C05854,Current,416852.14,Active
A12823,C02599,Current,494599.99,Active
A12824,C05182,Investment,856844.50,Active
A12825,C08173,Savings,149873.61,Active
A12826,C01984,Investment,86735.24,Active
A12827,C02294,Current,518875.32,Active
A12828,C07150,Current,458836.25,Active
A12829,C01989,Investment,177589.26,Active
A12830,C07635,Current,248411.62,Active
A12831,C05689,Current,663806.23,Active
A12832,C04869,Investment,232993.90,Active
A12833,C09773,Savings,851659.14,Closed
A12834,C07285,Savings,92502.05,Active
A12835,C05870,Savings,335951.79,Active
A12836,C09941,Savings,972274.56,Active
A12837,C02735,Investment,650715.24,Active
A12838,C09583,Savings,883443.99,Active
A12839,C07651,Current,606720.63,Active
A12840,C07440,Investment,131982.72,Active
A12841,C01619,Savings,78707.29,Inactive
A12842,C05360,Investment,741085.08,Active
A12843,C00381,Current,73326.78,Active
A12844,C08591,Investment,912223.63,Active
A12845,C07634,Investment,554337.35,Active
A12846,C00849,Current,585775.27,Inactive
A12847,C04033,Investment,212953.70,Active
A12848,C03027,Savings,879757.21,Active
A12849,C06661,Investment,181876.64,Active
A12850,C05312,Savings,375896.18,Active
A12851,C02552,Investment,865245.03,Active
A12852,C04354,Current,308307.37,Active
A12853,C06072,Investment,17122.87,Active
A12854,C00204,Savings,898337.32,Active
A12855,C00002,Current,365045.00,Active
A12856,C04549,Current,508834.64,Active
A12857,C01033,Savings,232934.72,Active
A12858,C02890,Investment,469421.01,Active
A12859,C08012,Current,832674.89,Active
A12860,C07109,Current,152388.04,Active
A12861,C03474,Investment,855064.26,Active
A12862,C01007,Investment,313422.71,Active
A12863,C08138,Investment,439064.32,Active
A12864,C01577,Current,526632.97,Active
A12865,C04551,Investment,565539.21,Active
A12866,C05509,Savings,657603.72,Active
A12867,C00285,Investment,12747.80,Active
A12868,C03337,Current,736681.10,Active
A12869,C05626,Investment,998953.50,Active
A12870,C00774,Current,669579.64,Active
A12871,C07316,Investment,432224.56,Active
A12872,C04348,Current,222877.93,Active
A12873,C07506,Investment,190110.15,Active
A12874,C02540,Current,276973.99,Active
A12875,C01393,Savings,537879.30,Active
A12876,C00970,Investment,960768.66,Active
A12877,C08613,Savings,120646.39,Active
A12878,C00900,Investment,981164.14,Inactive
A12879,C05764,Savings,454483.81,Active
A12880,C02852,Investment,418337.65,Active
A12881,C02645,Current,632942.14,Active
A12882,C04367,Current,683964.23,Active
A12883,C01207,Investment,570229.72,Active
A12884,C04221,Savings,756732.91,Active
A12885,C04824,Investment,535194.72,Active
A12886,C00507,Savings,750725.17,Active
A12887,C03195,Current,348377.58,Active
A12888,C02541,Savings,314315.64,Active
A12889,C04704,Investment,63086.92,Active
A12890,C05781,Savings,344767.25,Active
A12891,C06415,Savings,602773.93,Active
A12892,C06720,Current,152243.30,Active
A12893,C04731,Current,107182.92,Active
A12894,C00611,Current,70939.44,Active
A12895,C03399,Investment,972029.20,Active
A12896,C05650,Savings,260981.21,Active
A12897,C04762,Current,400310.02,Active
A12898,C08795,Investment,725378.18,Active
A12899,C05289,Current,770901.25,Active
A12900,C06703,Savings,2885.16,Closed
A12901,C03790,Investment,647359.09,Active
A12902,C08362,Current,934516.63,Active
A12903,C00279,Investment,185841.67,Active
A12904,C07823,Current,795306.82,Active
A12905,C04256,Savings,139300.27,Active
A12906,C01372,Current,160589.78,Active
A12907,C05900,Current,120816.09,Active
A12908,C08329,Current,23259.19,Active
A12909,C09590,Investment,570661.55,Active
A12910,C01521,Savings,930811.75,Active
A12911,C06201,Savings,869486.95,Active
A12912,C00647,Savings,667613.17,Inactive
A12913,C09862,Investment,31107.35,Active
A12914,C09297,Current,561402.38,Active
A12915,C05002,Savings,862059.64,Active
A12916,C06938,Investment,1862.19,Active
A12917,C01076,Investment,936717.41,Active
A12918,C09748,Current,48637.44,Active
A12919,C00901,Investment,373103.23,Inactive
A12920,C08256,Investment,170262.27,Active
A12921,C04100,Current,906867.63,Active
A12922,C09659,Current,628324.34,Active
A12923,C07720,Current,181468.73,Active
A12924,C08057,Investment,991534.90,Active
A12925,C00157,Current,856817.31,Active
A12926,C04497,Current,205681.94,Active
A12927,C03227,Savings,169370.51,Active
A12928,C00598,Savings,844162.56,Active
A12929,C06291,Investment,514391.13,Active
A12930,C06509,Current,965418.97,Active
A12931,C06883,Savings,64824.76,Inactive
A12932,C03146,Current,99072.54,Active
A12933,C05368,Current,138699.32,Active
A12934,C08899,Savings,247934.96,Active
A12935,C03431,Savings,925739.85,Inactive
A12936,C04213,Current,873891.78,Active
A12937,C06395,Investment,43270.85,Active
A12938,C03291,Current,392542.51,Inactive
A12939,C08007,Savings,813754.32,Active
A12940,C08636,Savings,107311.01,Active
A12941,C07499,Savings,58889.01,Active
A12942,C07078,Investment,393025.98,Active
A12943,C06482,Current,926742.54,Active
A12944,C03233,Current,403357.65,Active
A12945,C01366,Current,763024.21,Active
A12946,C01802,Current,856388.98,Active
A12947,C00371,Current,308168.88,Active
A12948,C01407,Savings,442992.58,Active
A12949,C04276,Investment,629780.27,Active
A12950,C09389,Savings,787864.54,Active
A12951,C00961,Investment,889046.14,Inactive
A12952,C07230,Current,542299.72,Active
A12953,C08310,Current,609990.26,Closed
A12954,C09814,Savings,678772.68,Active
A12955,C09652,Investment,676307.40,Active
A12956,C07571,Current,997123.01,Closed
A12957,C07029,Savings,937384.36,Active
A12958,C08705,Savings,262379.16,Closed
A12959,C08608,Current,149873.66,Active
A12960,C01375,Investment,396825.45,Active
A12961,C00855,Savings,532684.35,Active
A12962,C00212,Savings,327678.51,Active
A12963,C00215,Investment,499330.73,Active
A12964,C01122,Savings,698084.97,Inactive
A12965,C00356,Investment,464430.41,Active
A12966,C03792,Current,959371.06,Active
A12967,C00559,Investment,132084.99,Closed
A12968,C07919,Current,672641.37,Active
A12969,C06147,Savings,136627.22,Closed
A12970,C00709,Investment,448259.38,Active
A12971,C02751,Savings,563943.64,Active
A12972,C03982,Investment,543782.74,Active
A12973,C05230,Investment,230292.67,Active
A12974,C08308,Current,565712.76,Active
A12975,C01083,Investment,587407.34,Active
A12976,C05359,Savings,104255.11,Active
A12977,C04844,Investment,26021.29,Active
A12978,C02916,Investment,814596.67,Active
A12979,C06630,Current,202206.63,Active
A12980,C01744,Savings,125789.56,Active
A12981,C00040,Savings,440632.97,Active
A12982,C02176,Current,76560.45,Active
A12983,C08409,Investment,366968.52,Active
A12984,C01360,Savings,230090.23,Inactive
A12985,C04887,Investment,122784.44,Active
A12986,C03136,Current,639688.74,Active
A12987,C09407,Savings,111546.06,Active
A12988,C02126,Savings,93910.60,Active
A12989,C09545,Investment,97499.52,Active
A12990,C07814,Investment,755808.33,Inactive
A12991,C06341,Investment,444298.62,Closed
A12992,C09809,Current,247946.43,Active
A12993,C07251,Investment,146252.23,Active
A12994,C06393,Savings,618473.69,Active
A12995,C08935,Savings,261808.19,Active
A12996,C03049,Investment,493250.71,Active
A12997,C01514,Investment,328129.54,Active
A12998,C02762,Current,50830.54,Active
A12999,C03488,Current,665629.85,Active
A13000,C01922,Savings,95643.56,Active
A13001,C02998,Investment,525528.57,Active
A13002,C09622,Savings,260093.44,Active
A13003,C07671,Savings,645447.33,Active
A13004,C04627,Savings,210086.72,Active
A13005,C05255,Investment,702679.60,Active
A13006,C04808,Savings,141509.99,Active
A13007,C04785,Investment,216042.57,Active
A13008,C02849,Savings,989317.70,Active
A13009,C01800,Savings,330996.36,Inactive
A13010,C08984,Investment,557714.78,Active
A13011,C04423,Investment,736114.01,Active
A13012,C01354,Current,628397.34,Active
A13013,C03999,Savings,402462.53,Active
A13014,C01637,Investment,941593.92,Active
A13015,C08406,Current,63873.63,Active
A13016,C03577,Current,628846.94,Active
A13017,C07821,Investment,286178.96,Active
A13018,C00100,Investment,302341.94,Active
A13019,C04537,Current,319825.99,Active
A13020,C08007,Investment,763021.72,Active
A13021,C07937,Savings,718760.63,Active
A13022,C00143,Savings,396642.14,Active
A13023,C09701,Current,799745.39,Active
A13024,C09622,Investment,165206.89,Active
A13025,C03734,Current,111028.06,Active
A13026,C05994,Current,594029.44,Active
A13027,C04707,Savings,202318.24,Active
A13028,C08221,Current,37950.22,Inactive
A13029,C00482,Investment,634120.16,Active
A13030,C06129,Current,157399.45,Active
A13031,C00156,Savings,835481.81,Active
A13032,C05126,Investment,879706.24,Active
A13033,C03730,Savings,569524.98,Active
A13034,C01696,Savings,705558.23,Active
A13035,C03864,Current,107079.82,Closed
A13036,C08301,Savings,139920.29,Inactive
A13037,C01374,Current,76955.83,Active
A13038,C08855,Savings,701048.22,Active
A13039,C05629,Savings,388505.28,Active
A13040,C09850,Investment,843090.89,Active
A13041,C01539,Investment,271061.39,Active
A13042,C08987,Investment,98602.47,Active
A13043,C02113,Investment,887743.75,Active
A13044,C06429,Savings,403053.71,Active
A13045,C01437,Current,739083.55,Active
A13046,C00269,Current,252249.27,Active
A13047,C05442,Savings,139702.91,Active
A13048,C04326,Investment,606459.94,Active
A13049,C07256,Current,890436.28,Active
A13050,C06199,Savings,48312.96,Active
A13051,C04735,Savings,693294.36,Active
A13052,C09143,Current,27461.17,Inactive
A13053,C05707,Savings,926134.29,Active
A13054,C06841,Savings,757227.33,Active
A13055,C01806,Investment,972828.73,Inactive
A13056,C07102,Current,526231.99,Active
A13057,C03647,Savings,277457.24,Active
A13058,C07624,Current,644964.79,Active
A13059,C01036,Investment,940830.26,Active
A13060,C03995,Savings,640295.45,Active
A13061,C03427,Savings,319339.08,Closed
A13062,C05778,Savings,869845.42,Active
A13063,C07614,Current,905849.66,Inactive
A13064,C01640,Current,143467.79,Active
A13065,C08686,Current,174346.50,Inactive
A13066,C05567,Current,666233.72,Active
A13067,C09431,Investment,571572.21,Active
A13068,C02397,Investment,65267.47,Active
A13069,C04462,Current,375363.36,Active
A13070,C08698,Savings,372633.94,Active
A13071,C02580,Investment,444396.27,Active
A13072,C07193,Investment,413695.43,Active
A13073,C03625,Investment,564088.33,Inactive
A13074,C01909,Savings,131044.94,Active
A13075,C08183,Investment,312188.48,Active
A13076,C08727,Investment,582484.88,Active
A13077,C05453,Investment,724617.39,Active
A13078,C04082,Savings,610700.96,Active
A13079,C07484,Investment,902779.53,Active
A13080,C05192,Investment,271808.10,Active
A13081,C00309,Investment,922956.43,Active
A13082,C02067,Savings,454615.47,Active
A13083,C08569,Current,49242.89,Active
A13084,C06665,Savings,475599.11,Active
A13085,C01521,Savings,831509.80,Active
A13086,C06358,Investment,54052.87,Active
A13087,C02440,Current,243775.98,Active
A13088,C06076,Current,842622.75,Active
A13089,C07565,Investment,876972.12,Active
A13090,C04169,Investment,856452.87,Active
A13091,C02702,Savings,524487.38,Active
A13092,C09856,Investment,126279.37,Active
A13093,C00107,Current,339549.51,Active
A13094,C02609,Investment,619312.79,Active
A13095,C07149,Current,147695.81,Active
A13096,C05037,Savings,818083.57,Inactive
A13097,C07554,Investment,729092.64,Active
A13098,C00709,Current,169334.41,Active
A13099,C08375,Investment,596368.33,Active
A13100,C09344,Investment,396009.16,Active
A13101,C02532,Investment,297181.87,Inactive
A13102,C05858,Current,928333.17,Active
A13103,C07745,Savings,475675.36,Active
A13104,C09331,Current,463306.69,Active
A13105,C08755,Investment,137908.62,Active
A13106,C05703,Current,854693.04,Inactive
A13107,C04314,Current,912261.92,Active
A13108,C08284,Savings,66111.40,Active
A13109,C00929,Investment,924792.17,Closed
A13110,C03749,Savings,103684.05,Active
A13111,C03884,Savings,872308.26,Closed
A13112,C04074,Savings,327761.24,Active
A13113,C06236,Current,263700.23,Active
A13114,C03788,Investment,503683.19,Active
A13115,C08183,Savings,604335.71,Active
A13116,C02842,Current,944998.31,Active
A13117,C06983,Investment,466811.99,Active
A13118,C06740,Current,668506.64,Inactive
A13119,C01659,Current,656233.11,Inactive
A13120,C02052,Current,855717.34,Active
A13121,C07486,Investment,351275.86,Active
A13122,C04040,Investment,997095.24,Inactive
A13123,C09235,Savings,274286.49,Active
A13124,C09515,Current,819605.33,Active
A13125,C00796,Current,306520.95,Active
A13126,C05866,Investment,56964.38,Active
A13127,C07031,Savings,194454.12,Closed
A13128,C09755,Investment,307875.51,Active
A13129,C03811,Current,526685.49,Active
A13130,C07020,Current,545798.16,Closed
A13131,C09867,Savings,292717.63,Active
A13132,C04208,Investment,394148.28,Inactive
A13133,C04065,Investment,710658.54,Active
A13134,C07779,Savings,443004.74,Active
A13135,C03751,Investment,190866.29,Active
A13136,C01433,Current,67157.57,Active
A13137,C06350,Investment,57421.50,Active
A13138,C06365,Investment,167971.64,Active
A13139,C01325,Current,619533.61,Inactive
A13140,C04479,Investment,399904.12,Active
A13141,C05619,Current,797610.52,Inactive
A13142,C00003,Current,33981.88,Active
A13143,C00616,Savings,957185.06,Active
A13144,C02492,Current,939752.96,Active
A13145,C03033,Savings,953699.98,Active
A13146,C09885,Savings,791556.94,Active
A13147,C09144,Current,883028.48,Active
A13148,C09939,Savings,582873.28,Active
A13149,C02675,Savings,150518.90,Active
A13150,C06778,Savings,704333.31,Active
A13151,C05058,Current,36714.49,Active
A13152,C00546,Investment,479238.53,Active
A13153,C02414,Investment,351826.44,Active
A13154,C02061,Savings,167356.09,Closed
A13155,C05354,Savings,26937.98,Active
A13156,C04293,Investment,872336.32,Active
A13157,C03543,Savings,365947.11,Inactive
A13158,C08351,Savings,688930.16,Active
A13159,C02037,Current,454643.43,Active
A13160,C05015,Current,86169.95,Active
A13161,C06942,Savings,117912.56,Active
A13162,C09237,Investment,306573.12,Active
A13163,C04411,Current,646276.16,Active
A13164,C09381,Investment,224200.93,Closed
A13165,C01604,Current,676821.54,Active
A13166,C02797,Investment,843536.52,Active
A13167,C01049,Current,669324.60,Inactive
A13168,C05381,Investment,30495.87,Active
A13169,C04841,Current,874788.31,Active
A13170,C04620,Investment,17325.69,Active
A13171,C03107,Investment,228041.25,Active
A13172,C01485,Savings,637112.62,Active
A13173,C06895,Investment,78620.39,Active
A13174,C08547,Investment,210943.89,Active
A13175,C07331,Savings,91354.99,Active
A13176,C06999,Savings,660987.39,Active
A13177,C06064,Investment,297849.82,Active
A13178,C04090,Current,752141.37,Inactive
A13179,C03884,Current,14717.02,Active
A13180,C00472,Investment,388713.06,Active
A13181,C09592,Investment,900790.88,Active
A13182,C04593,Current,4641.21,Closed
A13183,C09593,Investment,317675.73,Active
A13184,C08494,Savings,817866.43,Active
A13185,C05024,Investment,773305.89,Active
A13186,C06981,Savings,990036.19,Active
A13187,C09968,Investment,695380.40,Closed
A13188,C02241,Investment,822320.59,Active
A13189,C08877,Investment,229571.10,Active
A13190,C09666,Current,244613.45,Active
A13191,C01288,Savings,179179.32,Active
A13192,C09788,Investment,737963.61,Active
A13193,C03591,Current,295307.03,Active
A13194,C07953,Savings,447996.48,Inactive
A13195,C04758,Current,191374.79,Active
A13196,C02791,Savings,241876.83,Active
A13197,C00495,Investment,121622.27,Active
A13198,C08231,Investment,566741.89,Inactive
A13199,C07951,Current,901857.75,Closed
A13200,C02363,Current,497616.00,Active
A13201,C02606,Current,353388.51,Closed
A13202,C07412,Current,524907.17,Active
A13203,C09423,Investment,762910.57,Active
A13204,C05833,Savings,693206.63,Active
A13205,C07159,Investment,813296.42,Active
A13206,C03589,Savings,977731.96,Active
A13207,C03552,Current,358692.74,Active
A13208,C03673,Current,787224.27,Active
A13209,C02458,Investment,331772.18,Active
A13210,C04711,Investment,796601.46,Active
A13211,C01733,Investment,258734.28,Active
A13212,C05916,Investment,719560.65,Active
A13213,C08712,Current,939108.58,Active
A13214,C06014,Savings,692973.77,Active
A13215,C01580,Savings,334007.86,Active
A13216,C01219,Investment,740963.20,Active
A13217,C00305,Investment,39540.85,Active
A13218,C00019,Savings,246148.21,Active
A13219,C07780,Current,971152.97,Active
A13220,C02831,Investment,393273.58,Active
A13221,C05012,Investment,492839.62,Active
A13222,C08268,Savings,424731.98,Active
A13223,C00613,Investment,673425.60,Inactive
A13224,C09957,Investment,303488.82,Active
A13225,C06046,Investment,359439.33,Active
A13226,C08259,Savings,296406.01,Active
A13227,C01649,Current,874089.44,Active
A13228,C07694,Savings,84399.26,Active
A13229,C03435,Investment,558085.55,Active
A13230,C02051,Savings,484991.41,Active
A13231,C08870,Savings,403373.39,Active
A13232,C06225,Current,848878.58,Closed
A13233,C04479,Current,545966.38,Active
A13234,C09991,Savings,87921.23,Active
A13235,C02193,Savings,30077.12,Inactive
A13236,C04567,Investment,554089.90,Active
A13237,C02627,Current,284996.60,Active
A13238,C08356,Investment,363991.77,Active
A13239,C02089,Investment,967505.57,Active
A13240,C04352,Investment,246483.22,Closed
A13241,C04746,Savings,870598.73,Active
A13242,C05419,Savings,163681.70,Active
A13243,C09558,Savings,353656.70,Active
A13244,C03454,Investment,853625.48,Active
A13245,C05700,Savings,196781.93,Active
A13246,C03820,Current,13352.09,Active
A13247,C06292,Investment,173373.73,Active
A13248,C02654,Current,68855.83,Active
A13249,C06005,Current,87777.60,Inactive
A13250,C02228,Investment,178584.57,Active
A13251,C07399,Savings,56017.53,Active
A13252,C03567,Current,750574.81,Active
A13253,C09876,Investment,568488.02,Active
A13254,C02540,Savings,587003.71,Active
A13255,C07279,Investment,280848.02,Closed
A13256,C04745,Current,95768.10,Inactive
A13257,C02631,Savings,467662.53,Active
A13258,C00044,Current,813023.67,Active
A13259,C00123,Current,928911.79,Active
A13260,C04729,Investment,669745.83,Active
A13261,C07437,Savings,494236.62,Active
A13262,C06073,Investment,573116.09,Active
A13263,C03846,Savings,88939.81,Active
A13264,C09560,Investment,316975.93,Active
A13265,C07043,Investment,677914.34,Inactive
A13266,C05689,Current,128294.00,Closed
A13267,C01657,Investment,165569.76,Inactive
A13268,C05791,Current,271344.73,Active
A13269,C09765,Current,396014.97,Active
A13270,C05005,Current,716218.31,Active
A13271,C05945,Current,314027.83,Active
A13272,C04371,Savings,255261.85,Active
A13273,C08214,Savings,634174.91,Active
A13274,C08778,Current,742262.48,Closed
A13275,C01300,Current,307022.23,Active
A13276,C04347,Current,691454.41,Active
A13277,C00139,Investment,296865.06,Inactive
A13278,C06078,Savings,256627.46,Active
A13279,C04921,Investment,153569.76,Active
A13280,C08211,Investment,24197.96,Active
A13281,C02509,Current,3857.72,Active
A13282,C04742,Investment,25318.94,Active
A13283,C09734,Current,691961.83,Inactive
A13284,C09086,Current,669611.23,Active
A13285,C03393,Current,163877.90,Active
A13286,C09022,Investment,454777.16,Inactive
A13287,C01395,Savings,684651.21,Active
A13288,C07093,Savings,991815.43,Active
A13289,C08491,Current,425198.65,Closed
A13290,C05633,Savings,365336.45,Active
A13291,C09106,Savings,550546.75,Active
A13292,C09005,Current,819511.36,Inactive
A13293,C01750,Investment,443648.19,Active
A13294,C08528,Current,557355.25,Active
A13295,C03857,Investment,707836.03,Active
A13296,C01978,Investment,345455.41,Active
A13297,C09571,Savings,893893.49,Active
A13298,C07180,Savings,49816.00,Active
A13299,C00107,Current,543419.44,Active
A13300,C01507,Savings,731080.62,Active
A13301,C02103,Current,696454.36,Active
A13302,C00673,Savings,754700.27,Active
A13303,C07130,Current,236218.43,Active
A13304,C01068,Savings,733745.83,Inactive
A13305,C04384,Investment,370888.01,Active
A13306,C09952,Investment,881309.24,Inactive
A13307,C03675,Investment,102228.19,Active
A13308,C00317,Savings,796794.86,Active
A13309,C06327,Investment,980550.84,Active
A13310,C04331,Current,87974.89,Active
A13311,C01741,Savings,114912.06,Active
A13312,C09405,Current,656502.36,Active
A13313,C03324,Investment,9010.48,Active
A13314,C01614,Savings,190719.62,Inactive
A13315,C05312,Savings,907652.58,Active
A13316,C00046,Investment,411319.39,Inactive
A13317,C01719,Current,226466.05,Active
A13318,C08018,Savings,881272.62,Active
A13319,C02565,Savings,429358.51,Closed
A13320,C00968,Savings,807431.37,Closed
A13321,C05251,Investment,342833.35,Closed
A13322,C05891,Current,455370.59,Active
A13323,C02282,Investment,902672.11,Active
A13324,C08223,Investment,756539.53,Active
A13325,C02538,Current,575900.73,Closed
A13326,C07030,Savings,392334.84,Active
A13327,C09210,Savings,850819.12,Active
A13328,C00286,Savings,306559.74,Inactive
A13329,C00754,Savings,497696.26,Active
A13330,C03915,Current,873794.33,Active
A13331,C05775,Investment,476776.01,Active
A13332,C00708,Current,977254.67,Active
A13333,C02836,Savings,683530.93,Active
A13334,C05651,Current,914388.56,Inactive
A13335,C05012,Current,482702.80,Closed
A13336,C00918,Savings,319882.51,Active
A13337,C00180,Current,297472.03,Active
A13338,C03538,Current,514685.59,Active
A13339,C09347,Current,719367.71,Active
A13340,C07333,Investment,113026.65,Inactive
A13341,C06614,Current,957268.83,Active
A13342,C01325,Current,302030.29,Active
A13343,C03710,Savings,710903.00,Active
A13344,C04310,Investment,510473.42,Active
A13345,C09279,Savings,762998.43,Active
A13346,C08005,Current,129112.34,Active
A13347,C08281,Investment,103754.94,Active
A13348,C06226,Current,300498.48,Inactive
A13349,C08882,Savings,804373.99,Inactive
A13350,C07517,Investment,185304.10,Active
A13351,C07146,Investment,806095.94,Active
A13352,C04372,Savings,266858.27,Active
A13353,C05247,Savings,290366.96,Active
A13354,C00966,Savings,388164.66,Active
A13355,C00215,Investment,707667.78,Closed
A13356,C02069,Current,31847.13,Closed
A13357,C09168,Savings,943855.02,Active
A13358,C00859,Savings,674083.87,Active
A13359,C03582,Savings,520993.69,Active
A13360,C09848,Savings,846261.07,Active
A13361,C02331,Investment,951091.33,Active
A13362,C02586,Savings,541968.24,Active
A13363,C01235,Current,453039.99,Active
A13364,C02016,Current,329454.15,Active
A13365,C03717,Investment,445343.34,Active
A13366,C09741,Savings,221389.21,Active
A13367,C08626,Current,240544.55,Active
A13368,C08778,Savings,160689.59,Active
A13369,C03084,Savings,412311.36,Active
A13370,C05505,Current,108846.48,Active
A13371,C03402,Savings,52165.74,Active
A13372,C06031,Current,309289.53,Active
A13373,C09065,Investment,404851.66,Active
A13374,C07949,Current,521591.59,Active
A13375,C08949,Current,317994.48,Active
A13376,C03422,Investment,683587.03,Closed
A13377,C01594,Investment,886892.26,Active
A13378,C00298,Investment,749834.37,Inactive
A13379,C01421,Current,706641.21,Active
A13380,C02532,Savings,534848.58,Active
A13381,C06725,Savings,854596.56,Active
A13382,C03028,Savings,503870.29,Active
A13383,C07742,Savings,977195.10,Closed
A13384,C00255,Investment,505651.98,Active
A13385,C04825,Investment,830268.33,Active
A13386,C01042,Savings,250605.11,Closed
A13387,C09127,Investment,686831.58,Active
A13388,C06051,Current,786464.11,Active
A13389,C06105,Investment,749373.72,Active
A13390,C06678,Current,108932.83,Active
A13391,C02614,Investment,433415.72,Active
A13392,C00153,Savings,671066.98,Active
A13393,C06896,Investment,525960.69,Active
A13394,C02272,Investment,675805.39,Active
A13395,C03428,Investment,745422.21,Inactive
A13396,C06658,Current,384928.32,Active
A13397,C09460,Savings,204145.52,Inactive
A13398,C01102,Savings,545587.33,Active
A13399,C09611,Investment,72396.42,Active
A13400,C06193,Current,214188.58,Closed
A13401,C00758,Investment,533732.59,Active
A13402,C00163,Investment,275024.29,Active
A13403,C03614,Savings,96042.87,Active
A13404,C09433,Investment,28650.02,Active
A13405,C08356,Investment,177457.32,Active
A13406,C08967,Savings,641124.75,Active
A13407,C06869,Current,147950.91,Active
A13408,C01034,Investment,588723.32,Active
A13409,C07927,Savings,733136.68,Active
A13410,C02290,Current,173834.83,Inactive
A13411,C00814,Investment,570790.82,Active
A13412,C00169,Investment,26750.41,Active
A13413,C01226,Current,841085.09,Active
A13414,C09720,Investment,410298.38,Active
A13415,C06673,Investment,945962.84,Active
A13416,C06720,Current,239417.62,Active
A13417,C04356,Savings,769102.27,Active
A13418,C05863,Investment,521189.82,Closed
A13419,C01012,Savings,988799.18,Active
A13420,C00686,Savings,991838.46,Active
A13421,C06562,Current,887076.53,Active
A13422,C07588,Current,492524.94,Closed
A13423,C02613,Savings,671151.54,Active
A13424,C07053,Current,626072.31,Active
A13425,C08614,Investment,789760.41,Active
A13426,C07066,Current,798974.31,Active
A13427,C03938,Current,20101.78,Active
A13428,C00770,Investment,996542.21,Active
A13429,C02202,Current,795514.27,Active
A13430,C00618,Investment,800612.61,Active
A13431,C00606,Current,825693.23,Active
A13432,C08211,Current,409081.55,Active
A13433,C03311,Investment,622499.14,Active
A13434,C03817,Savings,817150.68,Active
A13435,C02012,Investment,260419.68,Active
A13436,C05511,Investment,485524.30,Active
A13437,C04180,Savings,869307.82,Active
A13438,C08156,Savings,174696.11,Active
A13439,C00610,Current,118540.72,Active
A13440,C07289,Investment,844682.81,Active
A13441,C01011,Current,120167.02,Active
A13442,C07802,Investment,727949.00,Inactive
A13443,C01319,Investment,466232.97,Active
A13444,C06742,Current,654941.23,Closed
A13445,C03287,Current,650213.58,Active
A13446,C05582,Current,487952.09,Active
A13447,C04325,Savings,971226.25,Active
A13448,C02159,Savings,936478.23,Active
A13449,C08400,Current,179130.71,Active
A13450,C07510,Investment,64335.70,Active
A13451,C05617,Current,811695.97,Active
A13452,C06858,Current,746528.59,Active
A13453,C03632,Current,277192.97,Active
A13454,C03788,Current,84338.68,Active
A13455,C09797,Savings,882908.32,Active
A13456,C07823,Investment,969991.73,Active
A13457,C02549,Current,108627.18,Active
A13458,C02804,Investment,111843.45,Inactive
A13459,C00742,Savings,752065.11,Inactive
A13460,C03864,Current,292115.56,Inactive
A13461,C01875,Savings,172546.43,Active
A13462,C03668,Investment,135499.22,Active
A13463,C09397,Savings,149621.09,Active
A13464,C03097,Current,2746.31,Inactive
A13465,C07979,Savings,931424.50,Active
A13466,C02434,Investment,196591.81,Closed
A13467,C00854,Savings,153727.42,Active
A13468,C08894,Investment,323477.50,Active
A13469,C04385,Savings,41776.16,Active
A13470,C02138,Current,94740.39,Closed
A13471,C08651,Current,44712.58,Active
A13472,C09700,Investment,512524.84,Active
A13473,C04107,Current,691112.68,Active
A13474,C02779,Investment,16593.51,Active
A13475,C07596,Current,586290.35,Active
A13476,C00356,Current,897610.55,Active
A13477,C09143,Savings,17389.54,Active
A13478,C02784,Current,722018.38,Closed
A13479,C02170,Current,551512.33,Active
A13480,C08046,Savings,865312.62,Inactive
A13481,C03504,Investment,526303.10,Active
A13482,C08025,Current,316998.50,Active
A13483,C00858,Savings,747174.02,Active
A13484,C04369,Investment,37053.96,Inactive
A13485,C08787,Current,417000.20,Active
A13486,C00155,Current,789823.48,Active
A13487,C03713,Savings,146553.88,Active
A13488,C03914,Investment,889444.14,Active
A13489,C07361,Investment,50443.48,Active
A13490,C05183,Current,337794.48,Active
A13491,C09152,Investment,329527.07,Active
A13492,C02223,Savings,436588.29,Inactive
A13493,C01180,Current,184150.70,Active
A13494,C03660,Savings,941091.44,Active
A13495,C09046,Savings,597716.80,Active
A13496,C03152,Investment,636449.17,Active
A13497,C05459,Savings,772609.92,Active
A13498,C02422,Current,146445.34,Closed
A13499,C05803,Savings,414153.12,Active
A13500,C08493,Investment,772238.04,Active
A13501,C00203,Investment,452097.64,Active
A13502,C01863,Savings,121341.18,Active
A13503,C07788,Investment,384381.41,Active
A13504,C09990,Current,291077.85,Active
A13505,C02805,Savings,9766.63,Active
A13506,C07116,Current,559502.50,Active
A13507,C06858,Investment,360439.59,Active
A13508,C00030,Current,489554.70,Active
A13509,C07913,Savings,633219.29,Active
A13510,C03809,Investment,855212.83,Closed
A13511,C00961,Savings,9466.43,Active
A13512,C09628,Savings,841631.32,Active
A13513,C09161,Savings,51498.57,Closed
A13514,C09161,Savings,113245.37,Closed
A13515,C00061,Savings,852281.45,Active
A13516,C08681,Current,512177.75,Active
A13517,C04757,Savings,466016.71,Active
A13518,C02631,Current,367628.32,Closed
A13519,C01287,Current,177007.95,Active
A13520,C02286,Investment,355726.16,Active
A13521,C06007,Current,916373.20,Active
A13522,C00810,Investment,478764.24,Active
A13523,C05200,Investment,303294.23,Closed
A13524,C02867,Investment,744614.27,Active
A13525,C08996,Investment,200079.90,Active
A13526,C08523,Savings,470041.06,Active
A13527,C08686,Current,330035.89,Active
A13528,C09995,Current,215213.15,Active
A13529,C02467,Current,923477.66,Active
A13530,C00952,Current,485857.20,Active
A13531,C08367,Current,154637.22,Inactive
A13532,C00377,Savings,107413.01,Active
A13533,C01605,Savings,963215.62,Active
A13534,C00993,Investment,441976.41,Active
A13535,C07058,Current,649725.65,Active
A13536,C04003,Savings,161386.75,Active
A13537,C03529,Current,32276.36,Active
A13538,C00219,Current,267400.73,Active
A13539,C03614,Current,500362.07,Active
A13540,C01982,Investment,758797.43,Closed
A13541,C02016,Savings,937366.78,Active
A13542,C02899,Investment,542661.28,Active
A13543,C05936,Savings,658460.13,Active
A13544,C03949,Investment,735600.16,Active
A13545,C05339,Savings,464846.88,Inactive
A13546,C09482,Investment,106588.79,Active
A13547,C05486,Current,150351.73,Active
A13548,C06339,Investment,302889.61,Active
A13549,C08550,Savings,424368.33,Active
A13550,C03067,Current,115981.45,Active
A13551,C06454,Savings,261120.91,Active
A13552,C01942,Investment,85566.83,Closed
A13553,C03263,Investment,765351.93,Active
A13554,C03753,Savings,593177.24,Inactive
A13555,C04364,Investment,923997.46,Active
A13556,C05241,Current,779280.09,Active
A13557,C02296,Savings,554225.32,Active
A13558,C00162,Current,775977.47,Closed
A13559,C02278,Current,554127.75,Active
A13560,C00704,Investment,928514.92,Active
A13561,C04869,Current,419332.50,Active
A13562,C08001,Current,601657.42,Active
A13563,C08636,Investment,385985.86,Inactive
A13564,C08530,Current,498823.75,Active
A13565,C03795,Savings,827458.75,Active
A13566,C09054,Investment,605184.50,Closed
A13567,C05618,Savings,320986.58,Active
A13568,C08385,Savings,307532.87,Active
A13569,C02649,Current,167550.84,Closed
A13570,C05272,Investment,30311.08,Active
A13571,C01853,Current,221614.47,Active
A13572,C03528,Savings,978628.62,Active
A13573,C03475,Current,847202.35,Active
A13574,C08296,Current,662219.41,Closed
A13575,C01245,Current,268194.23,Active
A13576,C01043,Investment,824262.66,Inactive
A13577,C06728,Savings,79477.44,Active
A13578,C07334,Investment,891486.88,Active
A13579,C05954,Current,181765.18,Active
A13580,C04942,Savings,324274.64,Active
A13581,C06952,Investment,393352.85,Active
A13582,C09341,Investment,922805.82,Inactive
A13583,C04317,Current,897848.29,Active
A13584,C06943,Savings,538863.24,Active
A13585,C07940,Current,667184.82,Inactive
A13586,C05809,Current,639692.59,Active
A13587,C06624,Savings,645341.32,Active
A13588,C05406,Savings,926920.59,Active
A13589,,Savings,49947.68,Active
A13590,C08812,Savings,862702.75,Active
A13591,C06574,Investment,116841.04,Active
A13592,C01533,Savings,977279.52,Active
A13593,C07623,Savings,248559.98,Active
A13594,C03371,Savings,89281.86,Active
A13595,C05062,Investment,134539.41,Closed
A13596,C07471,Savings,45607.20,Active
A13597,C06315,Current,917534.32,Active
A13598,C03438,Savings,556038.30,Active
A13599,C08583,Investment,66133.71,Active
A13600,C04472,Investment,893928.72,Active
A13601,C01007,Current,572526.33,Inactive
A13602,C05312,Investment,991276.06,Active
A13603,C01763,Current,178450.83,Inactive
A13604,C02955,Current,692357.38,Active
A13605,C09959,Savings,102633.44,Active
A13606,C01708,Current,197975.77,Active
A13607,C06411,Current,279534.49,Active
A13608,C01082,Current,164976.93,Active
A13609,C00428,Savings,7389.84,Active
A13610,C05749,Investment,171327.48,Closed
A13611,C08631,Savings,203560.56,Active
A13612,C06206,Investment,535195.46,Active
A13613,C08978,Investment,785467.28,Active
A13614,C01433,Current,592763.43,Active
A13615,C08337,Current,495981.66,Active
A13616,C04347,Current,66841.67,Active
A13617,C02464,Savings,872338.40,Active
A13618,C07914,Savings,382701.15,Inactive
A13619,C01819,Current,543043.46,Active
A13620,C02071,Current,734045.91,Active
A13621,C00238,Savings,755079.18,Inactive
A13622,C09350,Savings,160336.45,Inactive
A13623,C05480,Current,137297.99,Active
A13624,C02498,Investment,248474.57,Active
A13625,C09138,Savings,111061.77,Active
A13626,C05496,Investment,493345.96,Active
A13627,C01405,Savings,684533.03,Active
A13628,C02488,Investment,890837.20,Active
A13629,C02329,Current,415760.17,Active
A13630,C02937,Investment,169499.56,Active
A13631,C01695,Savings,250316.70,Active
A13632,C09799,Investment,959353.90,Active
A13633,C05018,Savings,621268.84,Active
A13634,C06175,Investment,511062.44,Active
A13635,C06830,Investment,106435.07,Active
A13636,C03522,Savings,392830.08,Active
A13637,C06497,Investment,578470.37,Active
A13638,C00444,Investment,634227.01,Active
A13639,C08327,Investment,481490.91,Active
A13640,C06803,Current,385071.69,Active
A13641,C04357,Savings,556872.88,Active
A13642,C04483,Current,236108.40,Active
A13643,C04115,Current,91028.67,Active
A13644,C02182,Investment,804759.71,Active
A13645,C03164,Investment,982728.83,Active
A13646,C01604,Current,569702.72,Active
A13647,C06968,Savings,644217.82,Active
A13648,C02453,Investment,256118.72,Active
A13649,C06741,Investment,90853.79,Active
A13650,C02840,Savings,766388.06,Active
A13651,C08731,Current,143367.97,Active
A13652,C03158,Current,477409.92,Active
A13653,C09851,Savings,355878.56,Active
A13654,C00183,Investment,282557.10,Active
A13655,C01763,Savings,217271.92,Active
A13656,C06715,Investment,267362.05,Active
A13657,C07384,Current,936284.84,Inactive
A13658,C08225,Investment,688705.60,Active
A13659,C07773,Investment,406131.69,Active
A13660,C02377,Current,513098.81,Active
A13661,C00006,Savings,642301.13,Active
A13662,C09264,Current,89263.66,Inactive
A13663,C00835,Current,170713.39,Active
A13664,C04954,Savings,27018.41,Active
A13665,C00361,Savings,38342.34,Active
A13666,C07969,Savings,791632.48,Active
A13667,C05805,Investment,-100000.00,Closed
A13668,C04729,Investment,20959.15,Inactive
A13669,C09179,Savings,75072.16,Closed
A13670,C00922,Current,817999.76,Active
A13671,C04240,Investment,784717.27,Active
A13672,C02121,Savings,277153.05,Active
A13673,C08785,Savings,454201.42,Active
A13674,C09627,Investment,31409.62,Active
A13675,C06457,Investment,180012.89,Active
A13676,C02562,Current,860000.91,Active
A13677,C04868,Current,935114.85,Closed
A13678,C07883,Investment,156966.29,Active
A13679,C07003,Investment,934058.74,Active
A13680,C09630,Investment,592582.86,Active
A13681,C05762,Savings,46681.52,Active
A13682,C03642,Savings,642998.63,Active
A13683,C04921,Savings,393729.63,Inactive
A13684,C05906,Investment,979719.16,Active
A13685,C00025,Savings,624690.61,Inactive
A13686,C01012,Current,879660.67,Active
A13687,C07989,Savings,327229.74,Active
A13688,C00404,Investment,8303.98,Active
A13689,C03280,Investment,211197.71,Active
A13690,C06839,Investment,514021.12,Active
A13691,C09540,Investment,685626.51,Active
A13692,C04182,Investment,384205.90,Active
A13693,C06433,Current,961198.94,Active
A13694,C03792,Investment,67928.91,Active
A13695,C00819,Savings,582958.65,Active
A13696,C00010,Current,235059.27,Active
A13697,C01552,Investment,591628.21,Active
A13698,C05819,Savings,272705.66,Inactive
A13699,C08021,Investment,205640.88,Inactive
A13700,C08612,Current,33115.58,Active
A13701,C01445,Current,755559.74,Active
A13702,C04756,Current,774165.87,Active
A13703,C05951,Investment,396126.79,Active
A13704,C08989,Savings,295490.72,Active
A13705,C09382,Savings,781163.91,Active
A13706,C03114,Investment,791040.05,Active
A13707,C09444,Current,672311.61,Active
A13708,C01173,Investment,886119.13,Inactive
A13709,C04096,Investment,188011.54,Active
A13710,C07993,Savings,741808.53,Active
A13711,C04811,Current,377024.56,Active
A13712,C04236,Investment,474687.74,Active
A13713,C09269,Savings,878503.14,Active
A13714,C06413,Investment,267413.21,Active
A13715,C04053,Investment,374524.34,Active
A13716,C05820,Investment,858637.89,Active
A13717,C00945,Investment,661865.44,Active
A13718,C04759,Current,232842.81,Active
A13719,C01784,Current,720724.87,Active
A13720,C01400,Investment,920626.42,Active
A13721,C05720,Savings,558779.64,Active
A13722,C09604,Investment,255184.05,Active
A13723,C04280,Savings,140329.66,Active
A13724,C01478,Current,506597.31,Inactive
A13725,C09150,Investment,218561.08,Active
A13726,C02589,Savings,19154.23,Active
A13727,C08844,Current,508737.31,Active
A13728,C02123,Investment,120728.10,Active
A13729,C01648,Current,665026.88,Active
A13730,C08670,Savings,408707.64,Active
A13731,C00456,Investment,81367.40,Active
A13732,C02316,Investment,398731.47,Inactive
A13733,C07885,Current,89642.54,Active
A13734,C00824,Current,258917.44,Active
A13735,C08888,Investment,137183.09,Active
A13736,C00982,Current,155298.72,Active
A13737,C09747,Investment,622936.85,Active
A13738,C09365,Investment,613898.04,Inactive
A13739,C00911,Savings,713562.03,Active
A13740,C08543,Investment,852631.43,Active
A13741,C02976,Investment,229123.92,Active
A13742,C06247,Current,252641.35,Active
A13743,C06805,Current,410347.40,Active
A13744,C00511,Savings,867917.55,Active
A13745,C05603,Investment,910239.93,Active
A13746,C03658,Current,590889.68,Closed
A13747,C05680,Investment,375615.67,Active
A13748,C07783,Current,60125.94,Active
A13749,C08551,Current,393950.40,Active
A13750,C03981,Current,726988.77,Active
A13751,C02030,Investment,358844.47,Active
A13752,C08676,Current,376847.28,Inactive
A13753,C04661,Current,445396.42,Active
A13754,C05683,Current,755502.89,Active
A13755,C03213,Investment,811930.08,Active
A13756,C04874,Investment,123850.72,Active
A13757,C02900,Investment,29221.22,Active
A13758,C01087,Current,201779.80,Active
A13759,C02385,Savings,895621.88,Active
A13760,C00930,Savings,336242.29,Active
A13761,C02719,Savings,347775.77,Active
A13762,C02801,Current,881409.21,Active
A13763,C06872,Investment,549319.80,Active
A13764,C00583,Investment,54715.56,Closed
A13765,C07495,Savings,513392.98,Inactive
A13766,C08531,Investment,952165.11,Inactive
A13767,C00152,Current,563363.12,Active
A13768,C03859,Savings,529986.95,Closed
A13769,C07914,Investment,687478.86,Active
A13770,C01309,Investment,967955.24,Active
A13771,C03232,Current,969250.44,Active
A13772,C08815,Savings,356382.77,Inactive
A13773,C03119,Current,596422.85,Active
A13774,C08288,Current,98952.06,Active
A13775,C00386,Savings,210946.12,Active
A13776,C07720,Current,834750.05,Active
A13777,C01097,Savings,292477.28,Active
A13778,C06079,Savings,408178.46,Active
A13779,C08270,Savings,179205.68,Active
A13780,C09987,Current,679142.94,Active
A13781,C00665,Current,464066.31,Active
A13782,C08941,Savings,116559.63,Active
A13783,C00228,Investment,559049.81,Active
A13784,C00150,Investment,775979.81,Active
A13785,C09879,Savings,716067.14,Active
A13786,C01825,Current,964308.56,Active
A13787,C03894,Investment,677474.68,Closed
A13788,C01759,Savings,339683.74,Active
A13789,C00478,Investment,915672.20,Active
A13790,C03307,Savings,934107.25,Active
A13791,C06960,Investment,55769.63,Inactive
A13792,C07527,Savings,329005.49,Active
A13793,C07020,Savings,730529.52,Active
A13794,C01357,Investment,419972.90,Active
A13795,C08779,Savings,60446.99,Active
A13796,C06918,Savings,406258.21,Active
A13797,C04157,Investment,623181.16,Inactive
A13798,C07862,Investment,308020.13,Active
A13799,C09827,Current,754900.19,Active
A13800,C06828,Investment,166219.00,Active
A13801,C00956,Investment,403300.83,Active
A13802,C00311,Current,119480.07,Active
A13803,C06120,Investment,536814.40,Active
A13804,C03581,Savings,237948.68,Active
A13805,C00447,Savings,444532.50,Active
A13806,C00554,Savings,826722.38,Inactive
A13807,C05369,Savings,209391.38,Inactive
A13808,C04591,Investment,439540.14,Active
A13809,C00108,Current,516611.97,Active
A13810,C99999_ORPHAN,Savings,777718.44,Inactive
A13811,C04057,Current,448454.37,Inactive
A13812,C02442,Savings,696068.43,Active
A13813,C01969,Investment,31319.41,Active
A13814,C05790,Investment,465231.77,Active
A13815,C04087,Savings,109941.25,Active
A13816,C08177,Savings,23496.11,Active
A13817,C06156,Savings,968630.34,Active
A13818,C01357,Savings,763162.75,Active
A13819,C07578,Savings,951188.75,Active
A13820,C05415,Investment,438926.80,Inactive
A13821,C02826,Current,84332.46,Active
A13822,C08709,Investment,310028.77,Active
A13823,C06342,Savings,700641.49,Closed
A13824,C03116,Current,561739.89,Active
A13825,C02402,Current,195626.01,Active
A13826,C02505,Savings,525247.64,Active
A13827,C08349,Current,448455.49,Closed
A13828,C02762,Investment,868957.77,Active
A13829,C03885,Investment,83340.68,Active
A13830,C04096,Investment,339600.55,Active
A13831,C05087,Investment,862307.99,Active
A13832,C05628,Current,782409.51,Active
A13833,C06406,Investment,945681.59,Inactive
A13834,C00846,Investment,536302.51,Active
A13835,C03385,Current,853617.96,Inactive
A13836,C02330,Investment,504057.53,Active
A13837,C09002,Savings,44270.13,Active
A13838,C01532,Savings,468396.81,Inactive
A13839,C02819,Investment,178767.49,Active
A13840,C07185,Savings,400101.57,Active
A13841,C01812,Investment,402939.22,Active
A13842,C08988,Savings,61318.35,Active
A13843,C04343,Savings,760748.96,Active
A13844,C07002,Savings,873151.11,Active
A13845,C01033,Savings,145652.18,Active
A13846,C02241,Current,539880.20,Inactive
A13847,C05046,Current,767547.20,Active
A13848,C07551,Current,515442.55,Inactive
A13849,C08297,Investment,900223.84,Inactive
A13850,C06698,Investment,921599.36,Active
A13851,C02105,Savings,336690.86,Active
A13852,C01726,Savings,374194.70,Inactive
A13853,C07654,Investment,659994.01,Active
A13854,C03527,Current,696955.97,Active
A13855,C01738,Current,787807.44,Active
A13856,C07706,Savings,568084.32,Active
A13857,C02007,Savings,756566.79,Active
A13858,C00079,Current,621545.89,Active
A13859,C02687,Current,120296.87,Active
A13860,C04886,Current,729225.27,Active
A13861,C06759,Investment,700835.82,Active
A13862,C04687,Investment,780157.44,Active
A13863,C00215,Current,63246.72,Active
A13864,C06805,Investment,101835.23,Active
A13865,C06076,Current,803951.65,Active
A13866,C05937,Savings,220834.73,Active
A13867,C08399,Investment,467527.77,Active
A13868,C05174,Current,4063.41,Active
A13869,C02409,Current,69442.44,Active
A13870,C07974,Investment,866141.89,Active
A13871,C00171,Investment,564516.54,Active
A13872,C03198,Current,409828.34,Active
A13873,C07384,Savings,367244.29,Inactive
A13874,C09072,Savings,353603.79,Active
A13875,C09910,Investment,317417.23,Active
A13876,C03393,Current,519824.56,Active
A13877,C05502,Investment,8915.31,Active
A13878,C00499,Investment,726029.58,Active
A13879,C02598,Investment,917927.62,Active
A13880,C08825,Savings,542227.91,Active
A13881,C09385,Investment,137652.17,Active
A13882,C00406,Current,42374.52,Active
A13883,C09328,Investment,306763.17,Inactive
A13884,C04629,Savings,11516.67,Active
A13885,C03828,Investment,933471.26,Closed
A13886,C01736,Investment,196804.60,Active
A13887,C01137,Savings,139552.13,Inactive
A13888,C04048,Investment,538874.28,Active
A13889,C04891,Investment,408581.74,Active
A13890,C06629,Current,201693.79,Closed
A13891,C08391,Savings,869395.42,Active
A13892,C09376,Savings,183689.95,Inactive
A13893,C01342,Investment,15354.88,Active
A13894,C06566,Savings,911135.94,Active
A13895,C00906,Current,759115.10,Active
A13896,C04967,Investment,733433.76,Active
A13897,C06239,Investment,261060.29,Active
A13898,C01084,Investment,76991.64,Active
A13899,C00233,Investment,610825.23,Active
A13900,C05898,Savings,633597.63,Active
A13901,C02803,Current,774643.29,Active
A13902,C01469,Current,94805.01,Closed
A13903,C07555,Savings,33987.76,Active
A13904,C05007,Current,929948.28,Active
A13905,C06566,Savings,531738.45,Active
A13906,C02483,Savings,517832.53,Active
A13907,C01076,Current,728424.13,Active
A13908,C07951,Investment,46659.60,Active
A13909,C05549,Investment,494227.36,Active
A13910,C05343,Investment,62814.90,Inactive
A13911,C04411,Savings,431768.20,Active
A13912,C09867,Investment,160822.95,Active
A13913,C05853,Savings,764268.47,Active
A13914,C09269,Savings,103503.42,Active
A13915,C00407,Investment,911193.57,Closed
A13916,C00386,Investment,417169.78,Active
A13917,C04673,Investment,926216.25,Active
A13918,C02027,Current,614417.55,Active
A13919,C09305,Savings,202401.58,Active
A13920,C00535,Savings,881931.12,Active
A13921,C05860,Investment,665655.26,Active
A13922,C01723,Savings,703005.47,Active
A13923,C02228,Savings,459928.34,Active
A13924,C04662,Current,589149.84,Inactive
A13925,C01147,Investment,66315.88,Active
A13926,C01004,Savings,860082.09,Active
A13927,C01921,Current,567721.24,Active
A13928,C08903,Current,213602.67,Closed
A13929,C00935,Current,499842.66,Active
A13930,C06490,Investment,378253.26,Closed
A13931,C03034,Current,707488.10,Active
A13932,C02119,Current,806287.50,Active
A13933,C03976,Savings,398490.55,Active
A13934,C08100,Investment,765823.91,Active
A13935,C05642,Investment,129616.54,Active
A13936,C01028,Current,814733.44,Active
A13937,C06947,Savings,74587.19,Active
A13938,C05825,Current,127596.71,Active
A13939,C07507,Current,704359.27,Active
A13940,C09999,Investment,942480.44,Active
A13941,C04928,Savings,910480.23,Active
A13942,C06238,Investment,896279.32,Active
A13943,C05863,Savings,289260.97,Closed
A13944,C05189,Savings,767614.78,Active
A13945,C09860,Investment,412142.53,Inactive
A13946,C07063,Investment,945903.24,Active
A13947,C08460,Current,615812.44,Active
A13948,C00167,Savings,986401.93,Active
A13949,C08245,Savings,400863.13,Closed
A13950,C04285,Savings,763701.52,Active
A13951,C06948,Current,670743.08,Active
A13952,C09267,Current,43600.69,Active
A13953,C04997,Savings,3807.61,Active
A13954,C01653,Savings,370248.06,Active
A13955,C07883,Savings,70495.32,Active
A13956,C07738,Investment,306412.83,Inactive
A13957,C08258,Savings,750487.50,Closed
A13958,C06178,Savings,684171.93,Active
A13959,C04746,Savings,920840.59,Active
A13960,C03225,Savings,151897.89,Active
A13961,C02104,Savings,570503.79,Active
A13962,C05694,Current,52389.78,Active
A13963,C01341,Savings,855761.80,Active
A13964,C04267,Current,486750.14,Active
A13965,C09045,Savings,131662.75,Active
A13966,C06390,Investment,711980.57,Active
A13967,C07869,Savings,823317.57,Inactive
A13968,C05277,Investment,939395.74,Closed
A13969,C06227,Savings,672559.44,Active
A13970,C07335,Investment,991347.57,Active
A13971,C07945,Savings,147875.57,Active
A13972,C06634,Investment,819249.23,Active
A13973,C04301,Investment,327653.29,Active
A13974,C05586,Savings,686411.56,Active
A13975,C09767,Investment,836332.99,Active
A13976,C08347,Savings,148821.97,Active
A13977,C07721,Investment,238964.86,Active
A13978,C03799,Investment,901095.65,Active
A13979,C09948,Investment,631930.19,Active
A13980,C01483,Investment,41871.71,Active
A13981,C02909,Current,554399.75,Active
A13982,C03824,Savings,533977.30,Active
A13983,C06150,Investment,230465.98,Active
A13984,C01905,Savings,427340.69,Active
A13985,C00912,Current,346521.78,Active
A13986,C01538,Savings,515672.67,Inactive
A13987,C02801,Savings,415846.89,Active
A13988,C03226,Current,763514.67,Active
A13989,C03760,Current,719857.37,Active
A13990,C06334,Savings,332160.22,Closed
A13991,C04958,Investment,545371.21,Inactive
A13992,C02384,Current,818729.87,Active
A13993,C09853,Savings,737430.97,Active
A13994,C08210,Current,91996.99,Active
A13995,C09451,Current,876712.69,Active
A13996,C08433,Current,884015.19,Active
A13997,C02255,Investment,611313.60,Active
A13998,C08745,Savings,898743.72,Active
A13999,C06427,Current,99822.59,Active
A14000,C05858,Investment,519386.58,Active
A14001,C07002,Savings,918713.07,Active
A14002,C00447,Savings,980406.79,Active
A14003,C01122,Savings,185488.05,Active
A14004,C03314,Current,446153.51,Active
A14005,C03928,Current,310319.29,Active
A14006,C05440,Investment,548268.39,Active
A14007,C08908,Current,177653.14,Active
A14008,C02814,Savings,512524.73,Closed
A14009,C08678,Current,208847.75,Active
A14010,C04119,Savings,261743.01,Active
A14011,C09438,Current,179486.39,Inactive
A14012,C07557,Savings,400112.15,Inactive
A14013,C05342,Savings,354987.03,Active
A14014,,Investment,224786.83,Active
A14015,C04770,Current,222335.95,Active
A14016,C00600,Savings,324758.71,Active
A14017,C07352,Current,294504.07,Active
A14018,C07148,Investment,88699.31,Active
A14019,C03603,Current,564895.34,Active
A14020,C08316,Current,978413.55,Active
A14021,C01691,Current,150753.08,Active
A14022,C01401,Savings,452667.22,Active
A14023,C09855,Savings,489646.64,Active
A14024,C01408,Investment,825776.11,Active
A14025,C08820,Savings,812825.56,Active
A14026,C00908,Current,364634.86,Closed
A14027,C07380,Current,70388.31,Active
A14028,C02147,Investment,139733.97,Active
A14029,C02522,Savings,920273.13,Active
A14030,C07115,Savings,659116.16,Active
A14031,C00452,Savings,88271.84,Active
A14032,C00752,Investment,345027.09,Active
A14033,C05609,Investment,68810.60,Active
A14034,C09678,Current,546508.91,Active
A14035,C09017,Savings,222448.10,Active
A14036,C01505,Investment,511161.51,Active
A14037,C04029,Current,303019.05,Active
A14038,C05311,Investment,397212.25,Active
A14039,C06330,Savings,632690.08,Active
A14040,C03413,Savings,877965.85,Active
A14041,C08369,Investment,610794.86,Inactive
A14042,C09429,Savings,334766.97,Active
A14043,C08176,Current,4131.60,Active
A14044,C04055,Investment,413591.22,Active
A14045,C08794,Savings,865457.77,Active
A14046,C00200,Current,245067.43,Active
A14047,C03123,Savings,130158.47,Active
A14048,C04354,Investment,692378.18,Active
A14049,C01000,Investment,265589.82,Active
A14050,C04842,Current,978408.79,Active
A14051,C02565,Savings,268462.89,Active
A14052,C05042,Current,997244.83,Active
A14053,C09588,Current,187543.98,Active
A14054,C01432,Savings,902498.42,Inactive
A14055,C02663,Investment,88880.88,Active
A14056,C00550,Investment,995188.96,Active
A14057,C02617,Investment,591557.38,Inactive
A14058,C08892,Savings,458356.74,Active
A14059,C05626,Investment,458925.49,Active
A14060,C00740,Savings,922529.76,Closed
A14061,C07043,Current,877747.73,Active
A14062,C05200,Current,427549.11,Inactive
A14063,C07462,Savings,740506.65,Active
A14064,C01196,Savings,455099.21,Active
A14065,C07199,Current,659501.05,Active
A14066,C07942,Investment,418410.46,Active
A14067,C09933,Current,235806.50,Active
A14068,C00441,Current,663667.38,Active
A14069,C00583,Current,18372.61,Active
A14070,C01482,Savings,598739.94,Active
A14071,C06060,Investment,827649.03,Active
A14072,C03584,Current,712731.52,Inactive
A14073,C05395,Savings,459084.20,Active
A14074,C02429,Current,918683.43,Inactive
A14075,C05788,Investment,724802.99,Active
A14076,C02417,Current,884135.37,Inactive
A14077,C07132,Investment,680244.27,Inactive
A14078,C04678,Current,190471.98,Active
A14079,C02646,Investment,192769.14,Active
A14080,C01218,Savings,8984.63,Active
A14081,C03442,Savings,126411.93,Active
A14082,C04964,Investment,289270.59,Active
A14083,C00198,Current,355933.05,Active
A14084,C04495,Current,813598.85,Active
A14085,C02773,Current,962438.44,Inactive
A14086,C09903,Savings,500759.22,Active
A14087,C07932,Savings,276769.99,Active
A14088,C04299,Current,448722.50,Active
A14089,C04352,Investment,792949.92,Active
A14090,C03927,Current,994750.40,Inactive
A14091,C02388,Investment,553045.67,Active
A14092,C06023,Investment,604497.92,Active
A14093,C04723,Investment,163601.75,Active
A14094,C08130,Current,577780.06,Active
A14095,C09755,Investment,492859.09,Active
A14096,C09470,Current,954480.01,Closed
A14097,C00404,Savings,506929.55,Active
A14098,C07188,Savings,54036.23,Active
A14099,C05502,Investment,648242.23,Active
A14100,C03490,Savings,505395.33,Active
A14101,C04324,Investment,852753.40,Inactive
A14102,C06336,Investment,288119.33,Active
A14103,C06542,Investment,384024.34,Active
A14104,C05472,Current,698323.20,Active
A14105,C00460,Current,427031.66,Active
A14106,C05122,Savings,995505.00,Active
A14107,C00977,Investment,408750.41,Inactive
A14108,C02307,Current,732785.26,Active
A14109,C08549,Current,824857.07,Active
A14110,C05068,Investment,299165.51,Active
A14111,C04734,Investment,298956.96,Active
A14112,C04544,Investment,637491.35,Active
A14113,C00659,Current,471805.39,Active
A14114,C04453,Investment,296599.54,Active
A14115,C07563,Current,272189.73,Active
A14116,C00194,Savings,141486.25,Active
A14117,C05395,Savings,740541.49,Active
A14118,C09211,Investment,439151.25,Active
A14119,,Savings,380646.27,Active
A14120,C00090,Investment,522472.59,Active
A14121,C09758,Savings,845950.05,Active
A14122,C09916,Investment,118367.94,Active
A14123,C04567,Investment,755351.80,Active
A14124,C04951,Investment,504943.34,Closed
A14125,C09452,Savings,525577.47,Active
A14126,C02542,Current,819169.35,Active
A14127,C02361,Savings,255704.84,Active
A14128,C09871,Savings,310889.51,Active
A14129,C08189,Current,903730.63,Active
A14130,C08258,Current,457809.76,Active
A14131,C08261,Savings,371243.62,Active
A14132,C06654,Savings,835105.85,Active
A14133,C03836,Investment,489962.06,Active
A14134,C05172,Investment,932320.46,Active
A14135,C02223,Savings,273193.49,Active
A14136,C06634,Savings,289167.08,Active
A14137,C03775,Investment,862097.35,Active
A14138,C09828,Investment,765422.89,Active
A14139,C03000,Investment,939978.70,Active
A14140,C08509,Current,509243.26,Inactive
A14141,C07495,Current,962769.02,Active
A14142,C05277,Current,364169.20,Active
A14143,C09430,Current,361058.66,Active
A14144,C02673,Investment,675164.54,Active
A14145,C08658,Investment,944961.14,Active
A14146,C04162,Savings,344650.04,Active
A14147,C04118,Current,726287.30,Inactive
A14148,C09511,Savings,702754.53,Active
A14149,C03198,Current,522842.90,Active
A14150,C03233,Savings,444419.66,Active
A14151,C02242,Investment,820593.73,Inactive
A14152,C04114,Savings,399042.51,Active
A14153,C04563,Current,126827.93,Active
A14154,C07924,Investment,229208.44,Inactive
A14155,C04614,Investment,385842.04,Active
A14156,C04295,Savings,713489.74,Active
A14157,C09170,Investment,309181.25,Active
A14158,C07255,Savings,67558.43,Inactive
A14159,C04955,Savings,798163.16,Active
A14160,C05193,Investment,24458.23,Active
A14161,C00416,Current,500344.54,Active
A14162,C00861,Investment,994933.99,Active
A14163,C08351,Investment,33851.86,Active
A14164,C01683,Savings,257455.17,Active
A14165,C05928,Investment,942902.01,Active
A14166,C06734,Investment,44975.00,Active
A14167,C06433,Savings,137249.51,Active
A14168,C00728,Investment,167951.78,Active
A14169,C02036,Savings,616299.00,Active
A14170,C05506,Savings,395326.83,Active
A14171,C08460,Investment,136775.58,Active
A14172,C06173,Savings,130131.40,Active
A14173,C07209,Investment,492175.68,Active
A14174,C00075,Current,46459.47,Active
A14175,C08732,Investment,903841.97,Active
A14176,C01912,Savings,50596.66,Active
A14177,C04449,Investment,833639.61,Active
A14178,C04275,Savings,863239.39,Active
A14179,C03462,Current,669167.32,Closed
A14180,C01838,Investment,730613.20,Active
A14181,C03474,Current,747478.04,Active
A14182,C04650,Investment,299694.03,Active
A14183,C09683,Current,621256.99,Active
A14184,C09504,Investment,71555.22,Active
A14185,C01301,Current,694548.59,Active
A14186,C06259,Current,670783.24,Active
A14187,C07135,Current,223985.09,Active
A14188,C01320,Investment,543341.82,Active
A14189,C07211,Investment,821663.87,Inactive
A14190,C07531,Current,543521.65,Active
A14191,C04797,Current,520140.07,Active
A14192,C05222,Savings,394530.84,Inactive
A14193,C06982,Savings,344021.07,Active
A14194,C04856,Investment,510628.00,Active
A14195,C02835,Current,31379.16,Active
A14196,C04353,Savings,413636.32,Active
A14197,,Savings,876502.98,Active
A14198,C05047,Current,178999.76,Active
A14199,C08481,Savings,865892.48,Active
A14200,C00811,Current,332748.20,Active
A14201,C02769,Current,945536.68,Inactive
A14202,C01531,Savings,250764.44,Active
A14203,C00098,Investment,332622.03,Active
A14204,C02610,Savings,719137.74,Active
A14205,C00251,Investment,261572.97,Active
A14206,C07148,Savings,678842.95,Active
A14207,C07653,Current,995849.37,Active
A14208,C08546,Current,133205.90,Active
A14209,C02399,Investment,988791.78,Inactive
A14210,C00118,Savings,696760.38,Active
A14211,C02452,Savings,110900.67,Active
A14212,C02759,Investment,483163.53,Active
A14213,C08400,Current,369190.87,Active
A14214,C06626,Current,631738.68,Active
A14215,C01439,Current,923656.84,Inactive
A14216,C09031,Savings,12241.17,Active
A14217,C00897,Current,973363.89,Closed
A14218,C03475,Investment,22240.49,Active
A14219,C06189,Current,801844.77,Active
A14220,C08183,Investment,805344.94,Active
A14221,C01354,Current,565911.33,Active
A14222,C00898,Current,513673.82,Active
A14223,C00018,Savings,20645.46,Active
A14224,C02181,Current,676844.71,Active
A14225,C00743,Investment,546971.92,Active
A14226,C03559,Savings,634143.17,Active
A14227,C08376,Current,197775.53,Active
A14228,C01486,Savings,374625.34,Active
A14229,C09688,Current,982845.47,Active
A14230,C01927,Investment,836965.29,Active
A14231,C02340,Current,272315.21,Closed
A14232,C09927,Savings,231276.70,Active
A14233,C05642,Current,814831.54,Active
A14234,C03246,Savings,114856.06,Active
A14235,C06239,Investment,608321.51,Active
A14236,C05910,Current,906136.32,Active
A14237,C07512,Investment,61194.59,Active
A14238,C05610,Current,494342.06,Active
A14239,C02030,Investment,706650.74,Active
A14240,C03650,Savings,901241.31,Active
A14241,C02830,Investment,210727.21,Active
A14242,C03562,Savings,720107.45,Active
A14243,C07578,Current,97925.32,Active
A14244,C09105,Current,21591.49,Active
A14245,C04080,Current,480723.69,Active
A14246,C00461,Current,259802.57,Active
A14247,C03590,Savings,476685.98,Active
A14248,C02120,Current,463583.99,Active
A14249,C02830,Savings,937666.19,Active
A14250,C07501,Investment,514929.76,Active
A14251,C08062,Investment,155017.06,Active
A14252,C08331,Savings,767364.45,Active
A14253,C00779,Investment,205335.51,Active
A14254,C03423,Current,870594.76,Active
A14255,C03779,Current,421828.76,Active
A14256,C06161,Current,113637.31,Closed
A14257,C02410,Savings,588783.80,Active
A14258,C02420,Savings,342266.14,Active
A14259,C03049,Savings,214147.16,Closed
A14260,C09709,Investment,841292.19,Inactive
A14261,C05545,Investment,707596.45,Active
A14262,C01302,Savings,357730.11,Active
A14263,C05492,Savings,655280.43,Closed
A14264,C09290,Current,787055.32,Active
A14265,C01660,Savings,733307.06,Active
A14266,C09143,Investment,505338.20,Active
A14267,C08471,Investment,559046.14,Active
A14268,C00808,Savings,527873.85,Active
A14269,C01643,Savings,744516.23,Active
A14270,C00516,Savings,399902.46,Active
A14271,C00477,Savings,227502.68,Active
A14272,C06564,Savings,990424.45,Active
A14273,C00030,Current,133173.67,Active
A14274,C00989,Current,603963.69,Active
A14275,C04787,Current,605990.49,Active
A14276,C09485,Savings,48857.60,Active
A14277,C09464,Savings,443221.70,Active
A14278,C08269,Savings,271328.49,Inactive
A14279,C00035,Savings,494378.73,Active
A14280,C01329,Investment,912122.39,Active
A14281,C03534,Current,619595.33,Active
A14282,C02610,Savings,177866.10,Inactive
A14283,C00891,Current,853532.61,Active
A14284,C09288,Current,530080.75,Active
A14285,C05293,Savings,107406.78,Inactive
A14286,C04555,Savings,4655.12,Active
A14287,C01099,Investment,877633.35,Active
A14288,C05656,Savings,138188.46,Active
A14289,C07769,Current,246075.98,Active
A14290,C05806,Investment,960261.47,Active
A14291,C02748,Investment,246862.27,Active
A14292,C03448,Current,348480.47,Active
A14293,C09948,Savings,126316.53,Active
A14294,C06290,Current,184345.60,Active
A14295,C04406,Investment,334813.96,Active
A14296,C01876,Investment,615855.08,Active
A14297,C05282,Investment,789453.45,Active
A14298,C07212,Savings,821538.19,Closed
A14299,C09306,Savings,649066.75,Active
A14300,C06979,Savings,971009.64,Closed
A14301,C09948,Savings,298773.92,Active
A14302,C08443,Savings,66960.23,Active
A14303,C00322,Current,121194.15,Active
A14304,C02078,Savings,145792.69,Active
A14305,C07972,Savings,85324.58,Active
A14306,C07610,Current,210159.11,Active
A14307,C05155,Current,57624.11,Active
A14308,C00598,Savings,276018.52,Active
A14309,C00368,Savings,766556.10,Active
A14310,C06412,Current,654311.19,Active
A14311,C09351,Savings,671341.31,Active
A14312,C04498,Savings,281231.44,Inactive
A14313,C08721,Savings,129384.90,Active
A14314,C00427,Savings,605746.52,Active
A14315,C00637,Investment,801945.31,Active
A14316,C09808,Current,605945.86,Active
A14317,C06420,Current,140233.12,Active
A14318,C03747,Investment,210229.96,Active
A14319,C02586,Current,416127.63,Active
A14320,C02839,Investment,465924.97,Active
A14321,C05089,Savings,709951.10,Active
A14322,C07112,Investment,773523.86,Active
A14323,C07674,Current,914083.82,Active
A14324,C01128,Current,124581.14,Active
A14325,C06894,Investment,221123.94,Inactive
A14326,C09428,Current,88148.35,Inactive
A14327,C06488,Current,548017.83,Active
A14328,C08251,Savings,57266.24,Active
A14329,C09604,Current,728000.45,Inactive
A14330,C00976,Current,339047.93,Active
A14331,C06297,Current,532842.02,Active
A14332,C07569,Savings,898677.21,Active
A14333,C00992,Savings,487247.88,Active
A14334,C01839,Current,973075.26,Active
A14335,C08284,Savings,977545.68,Closed
A14336,C07512,Current,226564.75,Active
A14337,C02389,Savings,736292.98,Active
A14338,C02491,Current,564848.20,Active
A14339,C03650,Current,665154.96,Active
A14340,C03126,Investment,105497.87,Active
A14341,C04817,Investment,846597.02,Closed
A14342,C06965,Investment,989694.16,Active
A14343,C05545,Investment,376873.75,Active
A14344,C09944,Savings,331123.73,Active
A14345,C06023,Current,990620.71,Active
A14346,C07028,Savings,662792.45,Active
A14347,C09164,Savings,231709.09,Active
A14348,C08966,Savings,60701.08,Active
A14349,C08238,Current,992978.41,Closed
A14350,C04076,Investment,326403.08,Active
A14351,C04544,Investment,180441.30,Active
A14352,C02555,Investment,557526.20,Inactive
A14353,C08084,Investment,586231.61,Inactive
A14354,C03581,Savings,328493.64,Inactive
A14355,C09643,Current,52650.46,Active
A14356,C03981,Investment,282224.44,Active
A14357,C06116,Investment,507318.83,Active
A14358,C04952,Current,239463.48,Active
A14359,C00716,Savings,596247.82,Active
A14360,C04627,Current,74621.44,Active
A14361,C00378,Investment,109446.10,Active
A14362,C04640,Investment,585638.54,Active
A14363,C05238,Savings,373635.59,Active
A14364,C06311,Savings,923609.37,Active
A14365,C00227,Current,816243.07,Active
A14366,C07090,Savings,445853.75,Inactive
A14367,C00308,Current,502708.05,Active
A14368,C05329,Investment,437568.11,Active
A14369,C02261,Savings,329200.96,Active
A14370,C02400,Current,538239.23,Active
A14371,C06446,Current,960836.45,Active
A14372,C03520,Investment,907415.72,Inactive
A14373,C09250,Investment,469626.68,Active
A14374,C00067,Investment,441871.86,Active
A14375,C00012,Current,397857.11,Active
A14376,C05927,Investment,164665.36,Active
A14377,C06727,Investment,102734.64,Inactive
A14378,C02239,Current,485667.06,Active
A14379,C00356,Current,161774.16,Active
A14380,C00426,Investment,978852.90,Closed
A14381,C01300,Investment,761170.28,Active
A14382,C00228,Current,432899.53,Active
A14383,C04863,Investment,609544.36,Active
A14384,C00380,Savings,786932.80,Active
A14385,C02005,Current,732693.07,Inactive
A14386,C01412,Current,313684.54,Active
A14387,C06571,Current,902125.28,Active
A14388,C03801,Investment,689216.99,Inactive
A14389,C00032,Current,613708.41,Active
A14390,C05234,Current,850657.94,Active
A14391,C07787,Current,48160.86,Active
A14392,C09581,Savings,150474.76,Active
A14393,C08077,Current,881772.08,Active
A14394,C06999,Investment,815632.84,Active
A14395,C02963,Current,266697.65,Active
A14396,C09763,Investment,497411.38,Active
A14397,C09702,Current,734311.95,Active
A14398,C04981,Savings,101014.48,Active
A14399,C09891,Savings,416051.39,Active
A14400,C09918,Investment,333591.07,Active
A14401,C02803,Investment,378639.94,Inactive
A14402,C05084,Investment,585258.70,Active
A14403,C05130,Investment,949999.40,Active
A14404,C03460,Current,365740.08,Active
A14405,C04434,Investment,608352.06,Active
A14406,C05512,Investment,120151.74,Active
A14407,C04182,Savings,894941.94,Active
A14408,C09051,Investment,733827.84,Inactive
A14409,C02748,Current,571486.30,Active
A14410,C05038,Current,98044.71,Active
A14411,C09698,Savings,870152.84,Active
A14412,C06266,Current,968525.43,Active
A14413,C08341,Savings,649861.73,Active
A14414,C07739,Investment,5267.30,Active
A14415,C08113,Investment,221998.10,Active
A14416,C03037,Investment,329954.29,Active
A14417,C08119,Savings,496099.63,Active
A14418,C09263,Investment,797374.40,Active
A14419,C05076,Savings,58294.19,Active
A14420,C06644,Current,250805.34,Active
A14421,C00489,Current,239916.53,Active
A14422,C08569,Current,46236.88,Active
A14423,C07802,Investment,561039.87,Inactive
A14424,C05940,Current,686844.06,Active
A14425,C08858,Investment,935170.78,Active
A14426,C04875,Savings,839992.06,Active
A14427,C07405,Investment,946232.08,Active
A14428,C04751,Savings,378557.40,Active
A14429,C00759,Investment,526507.75,Active
A14430,C04767,Investment,82579.97,Active
A14431,C00384,Current,702099.25,Closed
A14432,C02467,Current,696596.32,Active
A14433,C08731,Current,587599.76,Inactive
A14434,C02342,Investment,11522.21,Active
A14435,C00638,Investment,791488.20,Active
A14436,C03568,Current,336674.17,Active
A14437,C00032,Current,337979.12,Active
A14438,C05654,Current,714850.51,Active
A14439,C03465,Savings,860183.70,Active
A14440,C09707,Current,193318.90,Active
A14441,C02194,Investment,676793.40,Active
A14442,C03585,Savings,930069.75,Inactive
A14443,C02128,Investment,702734.03,Active
A14444,C06495,Savings,744318.55,Active
A14445,C00577,Investment,524206.25,Active
A14446,C08904,Investment,711411.11,Active
A14447,C02269,Current,267424.38,Active
A14448,C00236,Investment,590055.76,Active
A14449,C03007,Current,888948.97,Active
A14450,C04884,Current,204855.39,Active
A14451,C03231,Current,340143.35,Active
A14452,C04675,Savings,587401.32,Active
A14453,C04509,Savings,42813.86,Active
A14454,C04863,Savings,640163.05,Active
A14455,C06734,Current,710172.81,Active
A14456,C00639,Current,310288.84,Active
A14457,C09499,Investment,399747.59,Active
A14458,C00759,Current,596636.59,Active
A14459,C00836,Current,124621.12,Active
A14460,C08239,Savings,879350.88,Active
A14461,C08331,Current,531540.01,Active
A14462,C02186,Investment,267634.34,Closed
A14463,C06824,Investment,338204.22,Inactive
A14464,C01202,Current,81171.51,Active
A14465,C01981,Investment,509850.32,Active
A14466,C04061,Savings,444340.89,Active
A14467,C01152,Savings,126568.54,Active
A14468,C08921,Savings,22227.03,Active
A14469,C09832,Current,608319.22,Closed
A14470,C00070,Investment,638761.21,Closed
A14471,C04141,Investment,355282.05,Active
A14472,C04165,Current,444384.11,Active
A14473,C07354,Savings,393657.64,Active
A14474,C04637,Savings,946983.07,Active
A14475,C09897,Current,424928.06,Closed
A14476,C00079,Investment,272377.55,Active
A14477,C04662,Investment,641159.42,Active
A14478,C09133,Savings,149403.43,Active
A14479,C03564,Investment,502304.71,Active
A14480,C03168,Current,469950.93,Active
A14481,C01702,Savings,511881.86,Active
A14482,C01148,Investment,972045.98,Active
A14483,C01399,Investment,482028.61,Active
A14484,C00547,Investment,642541.30,Active
A14485,C00295,Current,500783.77,Active
A14486,C08823,Savings,548333.11,Active
A14487,C04607,Savings,125875.15,Active
A14488,C02273,Current,41435.19,Active
A14489,C09611,Investment,645260.35,Active
A14490,C01048,Current,702620.79,Active
A14491,C05986,Investment,628942.04,Inactive
A14492,C09149,Investment,765558.62,Inactive
A14493,C01352,Current,410115.85,Active
A14494,C07994,Savings,276734.55,Inactive
A14495,C01282,Savings,364039.81,Active
A14496,C06863,Investment,338767.25,Active
A14497,C02226,Savings,535765.92,Active
A14498,C01770,Investment,136038.74,Active
A14499,C06440,Current,657333.96,Closed
A14500,C09105,Savings,450641.86,Active
A14501,C08805,Investment,624489.59,Active
A14502,C07609,Current,235541.47,Active
A14503,C03894,Investment,167327.54,Closed
A14504,C02953,Investment,146320.79,Active
A14505,C00105,Savings,118392.54,Closed
A14506,C02461,Savings,269938.57,Active
A14507,C04993,Savings,458275.64,Active
A14508,,Investment,236739.45,Inactive
A14509,C02670,Current,448196.84,Active
A14510,C07424,Investment,93727.53,Active
A14511,C06551,Current,110196.84,Closed
A14512,C08153,Savings,131329.21,Active
A14513,C00208,Current,902018.97,Active
A14514,C04764,Investment,708556.91,Active
A14515,C00619,Savings,452974.07,Active
A14516,C08674,Investment,264971.16,Active
A14517,C07765,Investment,720716.84,Closed
A14518,C06663,Investment,466693.39,Closed
A14519,C03520,Savings,748655.60,Active
A14520,C03418,Investment,101323.80,Active
A14521,C02823,Investment,605262.81,Active
A14522,C02909,Investment,228271.99,Active
A14523,C08065,Investment,534210.81,Active
A14524,C00673,Savings,353073.99,Inactive
A14525,C07011,Current,115948.86,Active
A14526,C06628,Savings,385203.49,Active
A14527,C07052,Investment,526678.51,Active
A14528,C01035,Savings,579208.33,Inactive
A14529,C09936,Investment,492403.36,Active
A14530,C08753,Investment,186378.30,Active
A14531,C04541,Current,11674.64,Active
A14532,C03458,Savings,738575.58,Active
A14533,C03253,Savings,359075.79,Active
A14534,C05844,Investment,593676.86,Active
A14535,C03341,Current,25267.07,Active
A14536,C04415,Current,160703.41,Active
A14537,C08453,Current,973967.21,Active
A14538,C03461,Savings,956042.87,Active
A14539,C00120,Current,599361.24,Active
A14540,C00653,Investment,109335.98,Active
A14541,C08107,Current,172098.70,Active
A14542,C02256,Investment,147742.20,Active
A14543,C00895,Current,358623.61,Active
A14544,C02401,Investment,529960.97,Active
A14545,C04954,Investment,371585.84,Active
A14546,C08386,Savings,140400.85,Active
A14547,C06627,Investment,582595.50,Active
A14548,C08400,Investment,193125.93,Closed
A14549,C02537,Current,103279.72,Active
A14550,C09798,Current,437975.33,Active
A14551,C02783,Investment,697108.94,Active
A14552,C06052,Savings,931792.44,Closed
A14553,C06020,Investment,327914.36,Active
A14554,C04593,Current,203783.84,Active
A14555,C03398,Investment,740822.59,Active
A14556,C04802,Current,869528.93,Active
A14557,C01311,Savings,972431.85,Active
A14558,C09745,Investment,462923.21,Active
A14559,C04608,Savings,171828.55,Closed
A14560,C04037,Current,105193.58,Active
A14561,C02646,Current,691371.03,Active
A14562,C08823,Investment,744071.75,Active
A14563,C01885,Investment,349857.28,Active
A14564,C04541,Current,691924.60,Active
A14565,C00116,Savings,349959.62,Active
A14566,C08076,Savings,576323.82,Active
A14567,C04274,Savings,479085.09,Active
A14568,C06475,Investment,626405.91,Active
A14569,C07659,Savings,484143.03,Closed
A14570,C09738,Current,582269.01,Active
A14571,C00817,Savings,130799.86,Inactive
A14572,C06235,Current,195241.28,Active
A14573,C01301,Current,769379.53,Active
A14574,C07808,Savings,563373.24,Closed
A14575,C02467,Investment,436018.25,Active
A14576,C01798,Current,218031.08,Active
A14577,C03361,Current,604702.80,Active
A14578,C00394,Savings,633356.16,Active
A14579,C05793,Savings,217203.83,Closed
A14580,C03570,Savings,432383.34,Active
A14581,C08900,Current,921884.16,Active
A14582,C06887,Savings,498367.28,Active
A14583,C07894,Current,161571.08,Active
A14584,C06554,Savings,38514.09,Active
A14585,C01816,Savings,682844.64,Active
A14586,C01270,Current,644012.17,Closed
A14587,C07472,Investment,940115.68,Inactive
A14588,C08808,Savings,256682.76,Active
A14589,C02173,Savings,633307.15,Active
A14590,C04268,Investment,706568.89,Active
A14591,C07711,Investment,264049.40,Active
A14592,C00215,Savings,97263.85,Active
A14593,C06128,Current,678176.72,Closed
A14594,C08566,Savings,794690.71,Active
A14595,C07717,Current,489771.53,Active
A14596,C06468,Current,624968.83,Active
A14597,C08419,Savings,906348.88,Active
A14598,C08677,Current,383190.65,Active
A14599,C02532,Current,367726.73,Closed
A14600,C06952,Current,684296.84,Active
A14601,C06036,Current,391465.15,Active
A14602,C09618,Savings,190302.98,Active
A14603,C09508,Investment,139085.98,Active
A14604,C09575,Savings,867112.16,Active
A14605,C00409,Current,542884.91,Closed
A14606,C01685,Investment,813945.13,Active
A14607,C02297,Investment,343188.60,Active
A14608,C01405,Savings,895044.85,Active
A14609,C08188,Investment,46176.36,Active
A14610,C01419,Current,88262.80,Active
A14611,C05984,Investment,710670.98,Active
A14612,C06302,Savings,114070.57,Active
A14613,C00633,Savings,506157.68,Inactive
A14614,C08308,Savings,194969.25,Active
A14615,C09596,Savings,94848.00,Active
A14616,C01850,Investment,881939.12,Active
A14617,C07548,Investment,544828.79,Active
A14618,C06018,Investment,961142.33,Active
A14619,C03838,Current,761254.92,Active
A14620,C08575,Current,355292.98,Active
A14621,C09567,Investment,746995.88,Active
A14622,C09561,Savings,672355.48,Active
A14623,C08589,Savings,268887.84,Inactive
A14624,C05446,Savings,913920.40,Active
A14625,C07069,Savings,828049.55,Active
A14626,C03887,Savings,346865.51,Active
A14627,C08842,Current,454701.39,Active
A14628,C05671,Savings,133187.41,Inactive
A14629,C02896,Investment,971807.18,Active
A14630,C08100,Current,642643.27,Inactive
A14631,C05079,Investment,143756.89,Active
A14632,C02381,Investment,261457.51,Active
A14633,C01016,Investment,273776.90,Active
A14634,C07324,Savings,832454.72,Active
A14635,C05677,Current,222439.93,Active
A14636,C08570,Investment,42188.29,Active
A14637,C05703,Investment,626475.74,Closed
A14638,C04553,Current,621011.93,Active
A14639,C02395,Investment,801960.26,Active
A14640,C08186,Current,163296.38,Active
A14641,C09001,Investment,245139.66,Active
A14642,C00643,Current,574481.73,Inactive
A14643,C08869,Savings,419905.24,Active
A14644,C00608,Current,960307.14,Inactive
A14645,C02267,Savings,902491.98,Active
A14646,C07050,Investment,998245.13,Active
A14647,C06090,Investment,174247.18,Active
A14648,C02968,Current,589214.28,Active
A14649,C02653,Current,811987.63,Active
A14650,C01560,Current,601101.75,Active
A14651,C05212,Current,670490.03,Active
A14652,C03972,Savings,32901.30,Active
A14653,C01106,Savings,648912.70,Active
A14654,C01315,Savings,925397.56,Active
A14655,C09624,Investment,599611.71,Active
A14656,C04155,Current,789916.73,Active
A14657,C02250,Current,575979.83,Active
A14658,C05527,Investment,387751.95,Active
A14659,C05920,Current,824741.10,Active
A14660,C09218,Savings,441695.04,Active
A14661,C07538,Current,436044.25,Active
A14662,C01983,Investment,73242.42,Active
A14663,C02823,Investment,295285.86,Active
A14664,C09452,Savings,296906.69,Active
A14665,C02359,Current,138120.65,Inactive
A14666,C01840,Investment,959874.26,Inactive
A14667,C08093,Current,30652.78,Active
A14668,C07497,Savings,244796.26,Active
A14669,C04292,Current,304802.92,Active
A14670,C05800,Current,181394.35,Active
A14671,C07218,Current,971067.39,Active
A14672,C09062,Savings,168843.32,Active
A14673,C08637,Investment,386888.86,Inactive
A14674,C03360,Investment,444419.19,Active
A14675,C07077,Investment,526986.33,Active
A14676,C00892,Savings,289644.17,Active
A14677,C06451,Current,357140.79,Closed
A14678,C01049,Current,70251.73,Inactive
A14679,C08875,Investment,146690.95,Active
A14680,C05556,Savings,188279.18,Active
A14681,C01635,Current,135309.76,Active
A14682,C08555,Investment,858386.28,Active
A14683,C07252,Savings,152793.53,Active
A14684,C02329,Savings,991382.66,Active
A14685,C02335,Investment,681134.93,Inactive
A14686,C01978,Savings,980439.85,Closed
A14687,C03908,Savings,157954.08,Active
A14688,C00196,Savings,801683.09,Active
A14689,C02497,Savings,805066.38,Active
A14690,C08958,Investment,993729.57,Active
A14691,C04223,Current,61189.18,Active
A14692,C03242,Investment,831383.46,Inactive
A14693,C08913,Investment,448550.80,Active
A14694,C04178,Investment,12992.45,Active
A14695,C02946,Current,765804.76,Active
A14696,C04158,Current,616233.65,Active
A14697,C09365,Investment,570045.64,Active
A14698,C03263,Savings,835943.95,Active
A14699,C02300,Savings,350115.87,Inactive
A14700,C02745,Investment,870582.25,Active
A14701,C03537,Savings,152925.47,Active
A14702,C08280,Current,712639.89,Closed
A14703,C06146,Savings,396324.72,Active
A14704,C06334,Savings,586595.72,Active
A14705,C08542,Current,127769.13,Active
A14706,C01048,Savings,656191.08,Active
A14707,C04959,Current,634827.65,Active
A14708,C00891,Savings,821821.63,Active
A14709,C04290,Investment,197737.71,Active
A14710,C00868,Investment,688625.53,Active
A14711,C02684,Investment,956922.52,Closed
A14712,C06045,Current,227194.05,Active
A14713,C01305,Current,953081.13,Active
A14714,C07577,Investment,905119.62,Active
A14715,C00710,Savings,556293.11,Active
A14716,C07387,Current,129352.46,Closed
A14717,C00064,Savings,215592.70,Active
A14718,C00442,Current,194666.35,Active
A14719,C09711,Investment,28433.54,Active
A14720,C00235,Savings,221400.08,Active
A14721,C07495,Current,45882.98,Active
A14722,C00269,Current,244908.04,Active
A14723,C01698,Current,993273.42,Closed
A14724,C02100,Investment,408524.08,Active
A14725,C02583,Savings,793447.86,Closed
A14726,C08648,Investment,418579.07,Active
A14727,C07780,Savings,194179.26,Active
A14728,C01390,Investment,109943.78,Active
A14729,C06162,Investment,959452.66,Inactive
A14730,C06200,Savings,325865.81,Active
A14731,C06834,Investment,72403.24,Active
A14732,C08506,Savings,935603.17,Active
A14733,C08422,Current,526129.36,Active
A14734,C08183,Current,465208.42,Active
A14735,C09525,Savings,680780.86,Active
A14736,C03253,Investment,747983.71,Active
A14737,C07423,Investment,398464.23,Active
A14738,C07889,Savings,87343.56,Active
A14739,C07044,Savings,554258.60,Active
A14740,C01374,Current,994380.74,Active
A14741,C08908,Investment,151633.74,Active
A14742,C01505,Savings,903226.31,Active
A14743,C07017,Current,468172.24,Active
A14744,C08790,Savings,634553.79,Active
A14745,C07830,Savings,220557.71,Active
A14746,C07379,Investment,934405.73,Inactive
A14747,C03348,Savings,703818.26,Inactive
A14748,C03112,Current,325077.43,Active
A14749,C08472,Current,513182.57,Active
A14750,C08861,Current,700556.68,Active
A14751,C05986,Current,295922.03,Active
A14752,C03645,Investment,800728.80,Active
A14753,C02539,Savings,252623.20,Active
A14754,C04151,Savings,593946.41,Closed
A14755,C09456,Investment,670188.06,Active
A14756,C01311,Investment,714659.12,Active
A14757,C08220,Investment,418912.50,Inactive
A14758,C01581,Savings,489785.35,Active
A14759,C04620,Investment,540143.82,Active
A14760,C00553,Current,496898.18,Inactive
A14761,C02748,Savings,562291.80,Active
A14762,C01331,Investment,174008.25,Closed
A14763,C09659,Investment,364998.05,Active
A14764,C00319,Savings,75375.01,Active
A14765,C03693,Investment,900095.29,Active
A14766,C01562,Investment,135817.61,Active
A14767,C04750,Current,748758.42,Active
A14768,C02781,Investment,446411.83,Active
A14769,C09516,Current,586816.87,Active
A14770,C02520,Current,749233.38,Active
A14771,C03294,Savings,799895.41,Active
A14772,C01185,Savings,152372.28,Active
A14773,C09957,Investment,889709.51,Active
A14774,C06722,Investment,743893.19,Inactive
A14775,C04281,Savings,978459.28,Active
A14776,C01499,Current,385682.69,Active
A14777,C05998,Savings,817574.18,Closed
A14778,C03823,Investment,603437.01,Active
A14779,C02274,Investment,43597.59,Closed
A14780,C03105,Savings,654118.11,Active
A14781,C05077,Savings,170567.20,Active
A14782,C05484,Investment,949567.20,Active
A14783,C02677,Current,225372.72,Active
A14784,C06296,Current,16133.83,Active
A14785,C08998,Current,409986.64,Active
A14786,C05897,Current,421926.83,Active
A14787,C00114,Savings,902174.21,Active
A14788,C05752,Current,318446.71,Active
A14789,C05598,Current,307687.45,Active
A14790,C09692,Current,371171.87,Active
A14791,C04029,Savings,475225.61,Active
A14792,C09567,Investment,598072.05,Active
A14793,C04552,Savings,173477.81,Active
A14794,C01933,Savings,154540.04,Closed
A14795,C07453,Investment,10048.80,Active
A14796,C07764,Investment,421508.14,Active
A14797,C09150,Current,200982.45,Active
A14798,C02156,Current,998061.24,Active
A14799,C07394,Current,588491.28,Active
A14800,C07232,Investment,163507.98,Active
A14801,C08913,Savings,933683.35,Active
A14802,C01830,Investment,418896.01,Active
A14803,C07958,Current,994843.74,Closed
A14804,C05171,Investment,73623.43,Active
A14805,C07784,Current,509870.14,Active
A14806,C02172,Current,118501.32,Active
A14807,C01454,Current,340157.13,Active
A14808,C07916,Investment,445284.87,Active
A14809,C06455,Current,260613.88,Active
A14810,C07440,Current,836094.77,Inactive
A14811,C06274,Savings,664250.05,Active
A14812,C07872,Savings,431499.00,Active
A14813,C09337,Investment,596301.21,Active
A14814,C01377,Current,785370.63,Active
A14815,C02478,Investment,620109.66,Inactive
A14816,C02454,Current,454341.81,Active
A14817,C06658,Current,801610.85,Active
A14818,C00130,Savings,557124.42,Active
A14819,C06711,Savings,693369.68,Active
A14820,C05193,Current,371785.52,Active
A14821,C01840,Investment,487090.69,Active
A14822,C09536,Current,515862.83,Closed
A14823,C08644,Savings,94271.37,Active
A14824,C00262,Investment,905135.58,Active
A14825,C05023,Current,900446.65,Active
A14826,C05815,Current,439860.75,Active
A14827,C00056,Investment,328312.67,Active
A14828,C04827,Savings,734388.67,Active
A14829,C04912,Current,583579.26,Active
A14830,C07935,Investment,13307.96,Active
A14831,C07764,Investment,908378.75,Inactive
A14832,C07040,Investment,548428.99,Active
A14833,C04432,Investment,99152.13,Active
A14834,C01979,Investment,366370.48,Active
A14835,C06501,Investment,700964.74,Active
A14836,C09193,Investment,303044.94,Active
A14837,C04091,Investment,216947.05,Active
A14838,C01451,Investment,421387.81,Active
A14839,C04239,Current,805549.42,Active
A14840,C08997,Savings,574820.45,Active
A14841,C07136,Current,382781.44,Active
A14842,C07485,Savings,61677.23,Active
A14843,C02727,Savings,690912.53,Inactive
A14844,C03866,Investment,46223.75,Active
A14845,C01491,Current,316988.10,Active
A14846,C07090,Savings,283020.19,Active
A14847,C05052,Savings,986183.90,Active
A14848,C00520,Savings,468413.60,Inactive
A14849,C04969,Current,162045.24,Active
A14850,C04973,Savings,54285.10,Active
A14851,C09611,Current,944657.73,Active
A14852,C00324,Current,646041.31,Active
A14853,C02336,Savings,928785.93,Active
A14854,C07625,Investment,602890.51,Active
A14855,C04674,Current,201333.28,Inactive
A14856,C05515,Current,383189.25,Active
A14857,C02376,Current,2381.18,Inactive
A14858,C08723,Savings,932285.33,Active
A14859,C06079,Investment,462442.03,Active
A14860,C01920,Investment,805258.27,Closed
A14861,C00068,Investment,43101.37,Inactive
A14862,C04591,Current,600276.56,Inactive
A14863,C09514,Investment,44633.98,Active
A14864,C06108,Investment,282965.18,Inactive
A14865,C08311,Savings,892932.95,Active
A14866,C01129,Savings,767791.01,Active
A14867,C03058,Current,164578.12,Active
A14868,C08307,Savings,644318.51,Active
A14869,C07042,Investment,566715.72,Active
A14870,C06608,Current,895234.20,Closed
A14871,C01766,Savings,174419.93,Active
A14872,C05389,Current,139238.52,Active
A14873,C02156,Investment,391925.50,Active
A14874,C01913,Investment,603878.99,Active
A14875,C03177,Savings,847383.77,Active
A14876,C09183,Savings,552680.60,Active
A14877,C08690,Investment,782391.90,Active
A14878,C09308,Current,25889.63,Active
A14879,C05067,Current,158083.41,Active
A14880,C02177,Investment,90224.56,Active
A14881,C05769,Investment,34776.09,Active
A14882,C02360,Current,457610.55,Active
A14883,C09215,Current,796156.72,Active
A14884,C01782,Savings,287743.19,Active
A14885,C08894,Investment,857773.73,Active
A14886,C00096,Investment,251831.85,Active
A14887,C08688,Investment,563981.54,Active
A14888,C04654,Savings,106348.72,Active
A14889,C05349,Current,251081.96,Active
A14890,C06456,Current,177613.84,Active
A14891,C07143,Savings,769299.18,Active
A14892,C01294,Savings,676653.39,Active
A14893,C07321,Current,686087.76,Active
A14894,C00396,Current,537561.84,Inactive
A14895,C03880,Investment,805944.68,Active
A14896,C00580,Current,480474.81,Active
A14897,C09593,Savings,869361.26,Active
A14898,C04411,Investment,237735.85,Active
A14899,C01432,Current,53144.31,Active
A14900,C04692,Savings,870039.82,Active
A14901,C05370,Savings,587594.30,Active
A14902,C03635,Savings,1905.61,Active
A14903,C06748,Current,133597.10,Active
A14904,C04903,Investment,192894.88,Active
A14905,C01328,Current,371334.09,Closed
A14906,C05075,Current,234122.70,Active
A14907,C09741,Investment,911284.49,Active
A14908,C02495,Current,13806.78,Active
A14909,C05565,Investment,832476.02,Active
A14910,C07097,Current,420817.99,Inactive
A14911,C04690,Investment,881194.34,Active
A14912,C08317,Investment,708426.94,Inactive
A14913,C02246,Savings,544383.36,Active
A14914,C08424,Current,293716.82,Active
A14915,C03106,Savings,224895.43,Inactive
A14916,C08309,Investment,166107.63,Active
A14917,C05423,Investment,329651.15,Active
A14918,C04522,Investment,893536.81,Active
A14919,C08555,Investment,943477.66,Inactive
A14920,C00861,Savings,760007.55,Active
A14921,C07765,Investment,285425.21,Active
A14922,C01568,Investment,610638.61,Closed
A14923,C02472,Savings,826608.80,Closed
A14924,C01097,Savings,851414.91,Active
A14925,C02399,Investment,187716.37,Active
A14926,C05705,Current,739192.38,Active
A14927,C09730,Investment,584196.67,Active
A14928,C03794,Investment,999148.57,Active
A14929,C07463,Savings,740340.36,Closed
A14930,C07841,Investment,847116.31,Active
A14931,C04900,Investment,142070.70,Active
A14932,C05385,Current,67422.07,Active
A14933,C09776,Investment,635812.19,Active
A14934,C05715,Savings,363811.61,Active
A14935,C01000,Current,534326.39,Active
A14936,C09703,Current,272901.32,Active
A14937,C06104,Savings,912735.55,Active
A14938,C01983,Savings,21299.97,Closed
A14939,C05927,Investment,878406.34,Active
A14940,C09329,Savings,479170.21,Active
A14941,C04952,Savings,4789.96,Active
A14942,C08891,Current,445720.73,Active
A14943,C04546,Current,121089.09,Active
A14944,C03772,Current,800425.46,Active
A14945,C02534,Investment,998431.18,Active
A14946,C03316,Current,927544.72,Active
A14947,C03057,Current,648483.22,Active
A14948,C07506,Savings,598413.25,Active
A14949,C06980,Savings,165319.62,Inactive
A14950,C04108,Savings,132001.16,Active
A14951,C05296,Current,549388.71,Active
A14952,C09681,Current,341613.55,Active
A14953,C01546,Savings,57818.81,Active
A14954,C09792,Savings,424392.01,Inactive
A14955,C07876,Savings,532144.22,Active
A14956,C03775,Investment,458284.25,Closed
A14957,C05802,Savings,548117.55,Active
A14958,C00539,Savings,85834.49,Active
A14959,C05073,Current,401681.95,Active
A14960,C04082,Investment,560979.67,Active
A14961,C06158,Savings,193219.35,Active
A14962,C03068,Current,261494.97,Active
A14963,C07367,Current,843033.81,Inactive
A14964,C05671,Current,506733.71,Active
A14965,C07074,Investment,165930.92,Inactive
A14966,C04166,Current,43947.62,Active
A14967,C04614,Current,183306.75,Active
A14968,C09860,Investment,492677.59,Active
A14969,C06995,Investment,787413.84,Active
A14970,C00969,Current,838297.31,Active
A14971,C06199,Current,140880.80,Active
A14972,C06367,Savings,523019.63,Closed
A14973,C02810,Savings,881663.48,Active
A14974,C09738,Investment,819234.64,Active
A14975,C06850,Savings,912165.30,Active
A14976,C07867,Investment,480385.01,Active
A14977,C00505,Savings,556406.12,Active
A14978,C08987,Investment,764403.52,Active
A14979,C03053,Savings,770025.23,Active
A14980,C01299,Investment,802423.67,Inactive
A14981,C09296,Investment,697507.83,Active
A14982,C03939,Savings,435350.84,Active
A14983,C05696,Savings,198348.88,Active
A14984,C04906,Investment,377978.58,Active
A14985,C06384,Investment,309902.20,Active
A14986,C01716,Investment,603459.12,Active
A14987,C01699,Current,932592.62,Active
A14988,C09995,Current,91847.63,Active
A14989,C06837,Savings,649521.47,Active
A14990,C04365,Savings,316673.95,Active
A14991,C07491,Current,146438.74,Active
A14992,C01032,Savings,227661.56,Active
A14993,C03304,Current,99744.28,Closed
A14994,C04747,Investment,318321.37,Inactive
A14995,C08724,Investment,906669.27,Active
A14996,C01534,Current,188399.57,Active
A14997,C07867,Savings,701448.81,Closed
A14998,C03421,Current,895772.91,Active
A14999,C00187,Current,856999.66,Active
A15000,C09552,Savings,630950.98,Active
