customer_id,customer_name,city,segment
C00001,Vikram Gupta,Mumbai,Basic
C00002,Rohan Patel,Hyderabad,Premium
C00003,Aditya Gupta,Jaipur,Premium
C00004,Pooja Mehta,Mumbai,Premium
C00005,Amit Patel,Hyderabad,Basic
C00006,Pooja Sharma,Jaipur,Premium
C00007,Aditya Joshi,Jaipur,Standard
C00008,Neha Kapoor,Lucknow,Standard
C00009,Nisha Mishra,Mumbai,Premium
C00010,Aditya Mehta,Kolkata,Standard
C00011,Priya Patel,Kolkata,Premium
C00012,Amit Mehta,Delhi,Standard
C00013,Kavya Verma,Lucknow,Standard
C00014,Nisha Sharma,Ahmedabad,Basic
C00015,Amit Sinha,Pune,Premium
C00016,Karan Singh,Lucknow,Standard
C00017,Pooja Patel,Delhi,Premium
C00018,Vikram Patel,Chennai,Premium
C00019,Kavya Patel,Delhi,Standard
C00020,Rohan Kapoor,Kolkata,Premium
C00021,Ankit Verma,Hyderabad,Basic
C00022,Rohan Malhotra,Delhi,Basic
C00023,Vikram Khan,Jaipur,Basic
C00024,Neha Khan,Ahmedabad,Standard
C00025,Rohan Sinha,Jaipur,Premium
C00026,Vikram Verma,Mumbai,Premium
C00027,Kavya Sharma,Kolkata,Standard
C00028,Rohan Gupta,Hyderabad,Basic
C00029,Raj Malhotra,Kolkata,Premium
C00030,Vikram Kapoor,Pune,Basic
C00031,Arjun Khan,Chennai,Premium
C00032,Neha Malhotra,Jaipur,Basic
C00033,Rohan Malhotra,Lucknow,Standard
C00034,Raj Das,Pune,Standard
C00035,Neha Khan,Jaipur,Standard
C00036,Amit Iyer,Mumbai,Premium
C00037,Priya Joshi,Bangalore,Basic
C00038,Sneha Das,Delhi,Standard
C00039,Sneha Das,Ahmedabad,Basic
C00040,Rohan Reddy,Mumbai,Basic
C00041,Aditya Gupta,Jaipur,Standard
C00042,Nisha Joshi,Kolkata,Premium
C00043,Rohan Mehta,Bangalore,Standard
C00044,Rahul Malhotra,Chennai,Basic
C00045,Nisha Khan,Jaipur,Premium
C00046,Kavya Joshi,Chennai,Basic
C00047,Karan Das,Hyderabad,Premium
C00048,Ankit Iyer,Bangalore,Basic
C00049,Nisha Sinha,Jaipur,Premium
C00050,Pooja Verma,Ahmedabad,Premium
C00051,Amit Sinha,Kolkata,Standard
C00052,Neha Sharma,Hyderabad,Basic
C00053,Amit Gupta,Ahmedabad,Premium
C00054,Nisha Reddy,Bangalore,Premium
C00055,Vikram Kapoor,Jaipur,Premium
C00056,Rohan Reddy,Lucknow,Standard
C00057,Neha Sinha,Jaipur,Basic
C00058,Aditya Patel,Chennai,Standard
C00059,Vikram Joshi,Kolkata,Standard
C00060,Raj Reddy,Ahmedabad,Premium
C00061,Neha Patel,Delhi,Standard
C00062,Rahul Das,Jaipur,Premium
C00063,Pooja Patel,Mumbai,Premium
C00064,Aditya Joshi,Mumbai,Premium
C00065,Amit Sinha,Mumbai,Standard
C00066,Amit Reddy,Hyderabad,Standard
C00067,Vikram Kapoor,Hyderabad,Basic
C00068,Priya Malhotra,Lucknow,Basic
C00069,Arjun Patel,Ahmedabad,Standard
C00070,Neha Gupta,Delhi,Basic
C00071,Sneha Verma,Pune,Standard
C00072,Arjun Mishra,Mumbai,Basic
C00073,Vikram Joshi,Delhi,Premium
C00074,Sneha Malhotra,Kolkata,Premium
C00075,Neha Patel,Hyderabad,Basic
C00076,Arjun Khan,Pune,Premium
C00077,Rohan Kapoor,Hyderabad,Premium
C00078,Arjun Iyer,Jaipur,Premium
C00079,Rahul Joshi,Jaipur,Premium
C00080,Amit Sinha,Hyderabad,Premium
C00081,Sneha Kapoor,Ahmedabad,Premium
C00082,Kavya Mehta,Mumbai,Premium
C00083,Sneha Sharma,Pune,Standard
C00084,Raj Iyer,Ahmedabad,Standard
C00085,Sneha Malhotra,Jaipur,Basic
C00086,Aditya Kapoor,Bangalore,Premium
C00087,Rohan Patel,Mumbai,Basic
C00088,Aditya Reddy,Mumbai,Basic
C00089,Ankit Sharma,Mumbai,Basic
C00090,Arjun Reddy,Jaipur,Premium
C00091,Rahul Reddy,Delhi,Premium
C00092,Amit Das,Delhi,Basic
C00093,Kavya Patel,Pune,Premium
C00094,Raj Das,Hyderabad,Basic
C00095,Pooja Sharma,Lucknow,Premium
C00096,Sneha Joshi,Lucknow,Basic
C00097,Karan Verma,Chennai,Premium
C00098,Vikram Malhotra,Kolkata,Premium
C00099,Rohan Mehta,Bangalore,Basic
C00100,Vikram Singh,Ahmedabad,Standard
C00101,Raj Iyer,Delhi,Premium
C00102,Arjun Das,Lucknow,Premium
C00103,Amit Reddy,Hyderabad,Basic
C00104,Rohan Khan,Kolkata,Premium
C00105,Raj Patel,Kolkata,Standard
C00106,Priya Kapoor,Jaipur,Basic
C00107,Rohan Das,Jaipur,
C00108,Vikram Mishra,Jaipur,Standard
C00109,Raj Joshi,Delhi,Premium
C00110,Rohan Gupta,Delhi,Basic
C00111,Karan Khan,Chennai,Standard
C00112,Pooja Patel,Kolkata,Premium
C00113,Vikram Joshi,Chennai,Basic
C00114,Arjun Singh,Mumbai,Premium
C00115,Vikram Mehta,Chennai,Premium
C00116,Rahul Verma,Bangalore,Basic
C00117,Rohan Khan,Ahmedabad,Basic
C00118,Aditya Mehta,Jaipur,Premium
C00119,Amit Gupta,Bangalore,Basic
C00120,Rahul Mishra,Kolkata,Basic
C00121,Karan Khan,Pune,Premium
C00122,Rahul Singh,Kolkata,Premium
C00123,Raj Verma,Hyderabad,Basic
C00124,Neha Joshi,Delhi,Standard
C00125,Nisha Reddy,Pune,Basic
C00126,Aditya Khan,Hyderabad,Premium
C00127,Nisha Iyer,Bangalore,Standard
C00128,Rahul Khan,Kolkata,Standard
C00129,Nisha Joshi,Hyderabad,Standard
C00130,Priya Iyer,Delhi,Standard
C00131,Kavya Sharma,Ahmedabad,Premium
C00132,Neha Mishra,Ahmedabad,Standard
C00133,Rohan Mishra,Hyderabad,Premium
C00134,Rahul Joshi,Hyderabad,Standard
C00135,Ankit Singh,Delhi,Standard
C00136,Ankit Joshi,Jaipur,Standard
C00137,Vikram Mishra,Jaipur,Standard
C00138,Rahul Gupta,Chennai,Premium
C00139,Pooja Singh,Mumbai,Premium
C00140,Pooja Mehta,Kolkata,Basic
C00141,Nisha Verma,Pune,Basic
C00142,Karan Gupta,Pune,Basic
C00143,Neha Singh,Mumbai,Basic
C00144,Sneha Sharma,Jaipur,Basic
C00145,Vikram Malhotra,Hyderabad,Standard
C00146,Sneha Gupta,Kolkata,Basic
C00147,Ankit Joshi,Delhi,Basic
C00148,Raj Singh,Jaipur,Standard
C00149,Vikram Mehta,Kolkata,Standard
C00150,Aditya Singh,Jaipur,Premium
C00151,Neha Mehta,Pune,Basic
C00152,Aditya Sinha,Bangalore,Basic
C00153,Pooja Singh,Pune,Basic
C00154,Kavya Sharma,Chennai,Standard
C00155,Neha Mehta,Lucknow,Basic
C00156,Vikram Verma,Ahmedabad,Standard
C00157,Arjun Joshi,Hyderabad,Basic
C00158,Arjun Iyer,Bangalore,Basic
C00159,Amit Singh,Jaipur,Basic
C00160,Vikram Das,Kolkata,Premium
C00161,Kavya Iyer,Hyderabad,Basic
C00162,Rohan Patel,Hyderabad,Premium
C00163,Rahul Sharma,Hyderabad,Standard
C00164,Pooja Mishra,Delhi,Standard
C00165,Sneha Sinha,Lucknow,Premium
C00166,Aditya Malhotra,Pune,Standard
C00167,Sneha Patel,Bangalore,Basic
C00168,Aditya Sharma,Delhi,Standard
C00169,Neha Khan,Jaipur,Standard
C00170,Rahul Reddy,Hyderabad,Premium
C00171,Arjun Khan,Ahmedabad,Basic
C00172,Karan Reddy,Lucknow,Standard
C00173,Nisha Sinha,Ahmedabad,Basic
C00174,Kavya Malhotra,Jaipur,Standard
C00175,Kavya Sinha,Jaipur,Standard
C00176,Raj Khan,Ahmedabad,Standard
C00177,Rohan Iyer,Hyderabad,Basic
C00178,Rohan Iyer,Jaipur,Standard
C00179,Vikram Patel,Chennai,Standard
C00180,Amit Malhotra,Chennai,Premium
C00181,Rohan Verma,Kolkata,Basic
C00182,Amit Khan,Bangalore,Premium
C00183,Sneha Malhotra,Bangalore,Basic
C00184,Neha Gupta,Pune,Standard
C00185,Ankit Reddy,Ahmedabad,Standard
C00186,Rahul Patel,Pune,Standard
C00187,Raj Iyer,Lucknow,Basic
C00188,Rahul Mishra,Lucknow,Standard
C00189,Arjun Sharma,Kolkata,Standard
C00190,Nisha Mehta,Pune,Basic
C00191,Aditya Malhotra,Jaipur,Basic
C00192,Raj Patel,Ahmedabad,Premium
C00193,Rohan Mehta,Ahmedabad,Premium
C00194,Sneha Verma,Pune,Basic
C00195,Priya Mishra,Ahmedabad,Premium
C00196,Pooja Reddy,Mumbai,Standard
C00197,Pooja Das,Mumbai,Premium
C00198,Vikram Mehta,Bangalore,Standard
C00199,Priya Sharma,Chennai,Standard
C00200,Ankit Patel,Ahmedabad,Standard
C00201,Ankit Iyer,Pune,Standard
C00202,Nisha Mishra,Pune,Standard
C00203,Kavya Gupta,Ahmedabad,Premium
C00204,Aditya Reddy,Mumbai,Standard
C00205,Neha Joshi,Delhi,Basic
C00206,Rahul Iyer,Mumbai,Premium
C00207,Neha Mishra,Mumbai,Basic
C00208,Priya Patel,Bangalore,Standard
C00209,Vikram Gupta,Lucknow,Premium
C00210,Arjun Malhotra,Chennai,Standard
C00211,Priya Das,Lucknow,Basic
C00212,Aditya Gupta,Bangalore,Standard
C00213,Amit Das,Mumbai,Standard
C00214,Pooja Joshi,Pune,Standard
C00215,Aditya Patel,Delhi,Basic
C00216,Aditya Mishra,Hyderabad,Premium
C00217,Aditya Iyer,Chennai,Basic
C00218,Pooja Iyer,Delhi,Basic
C00219,Nisha Sharma,Kolkata,Basic
C00220,Sneha Joshi,Kolkata,Premium
C00221,Karan Joshi,Kolkata,Premium
C00222,Kavya Mehta,Ahmedabad,Premium
C00223,Sneha Verma,Ahmedabad,Basic
C00224,Priya Mehta,Bangalore,Basic
C00225,Karan Joshi,Chennai,Basic
C00226,Nisha Sinha,Jaipur,Standard
C00227,Arjun Mehta,Lucknow,Standard
C00228,Ankit Mishra,Hyderabad,Premium
C00229,Rohan Sinha,Ahmedabad,Premium
C00230,Nisha Kapoor,Lucknow,Basic
C00231,Vikram Mehta,Kolkata,Premium
C00232,Arjun Mishra,Kolkata,Premium
C00233,Arjun Patel,Kolkata,Standard
C00234,Ankit Singh,Lucknow,Basic
C00235,Raj Singh,Jaipur,Premium
C00236,Karan Patel,Delhi,Premium
C00237,Aditya Mehta,Ahmedabad,Basic
C00238,Nisha Patel,Ahmedabad,Basic
C00239,Aditya Kapoor,Ahmedabad,Premium
C00240,Amit Singh,Hyderabad,Standard
C00241,Aditya Patel,Chennai,Basic
C00242,Pooja Verma,Ahmedabad,Basic
C00243,Karan Verma,Pune,Basic
C00244,Karan Verma,Kolkata,Basic
C00245,Arjun Singh,Chennai,Standard
C00246,Neha Gupta,Hyderabad,Standard
C00247,Amit Malhotra,Jaipur,Basic
C00248,Priya Patel,Hyderabad,Basic
C00249,Arjun Singh,Lucknow,Basic
C00250,Pooja Singh,Delhi,Premium
C00251,Rohan Patel,Kolkata,Premium
C00252,Rohan Sharma,Jaipur,Premium
C00253,Rohan Sharma,Mumbai,Basic
C00254,Rohan Malhotra,Bangalore,Basic
C00255,Kavya Iyer,Ahmedabad,Premium
C00256,Kavya Sharma,Lucknow,Standard
C00257,Arjun Kapoor,Ahmedabad,Standard
C00258,Priya Sharma,Chennai,Standard
C00259,Amit Mishra,Delhi,Standard
C00260,Arjun Gupta,Lucknow,Basic
C00261,Vikram Sharma,Bangalore,Premium
C00262,Nisha Das,Chennai,Premium
C00263,Neha Gupta,Jaipur,Standard
C00264,Pooja Das,Lucknow,Premium
C00265,Nisha Reddy,Pune,Standard
C00266,Raj Kapoor,Chennai,Basic
C00267,Sneha Singh,Lucknow,Basic
C00268,Rahul Das,Delhi,Premium
C00269,Vikram Patel,Chennai,Basic
C00270,Amit Khan,Hyderabad,Premium
C00271,Karan Gupta,Bangalore,Premium
C00272,Sneha Kapoor,Lucknow,Standard
C00273,Rohan Sharma,Hyderabad,Standard
C00274,Aditya Singh,Ahmedabad,Premium
C00275,Vikram Patel,Chennai,Basic
C00276,Pooja Joshi,Hyderabad,Standard
C00277,Amit Reddy,Hyderabad,Basic
C00278,Priya Sinha,Chennai,Premium
C00279,Amit Sharma,Bangalore,Standard
C00280,Pooja Malhotra,Lucknow,Standard
C00281,Arjun Gupta,Ahmedabad,Basic
C00282,Rohan Malhotra,Pune,Standard
C00283,Karan Reddy,Ahmedabad,Standard
C00284,Amit Das,Mumbai,Standard
C00285,Aditya Verma,Lucknow,Standard
C00286,Rahul Gupta,Hyderabad,Basic
C00287,Kavya Mishra,Lucknow,Basic
C00288,Rahul Iyer,Chennai,Basic
C00289,Rahul Iyer,Bangalore,Standard
C00290,Karan Joshi,Ahmedabad,Standard
C00291,Priya Das,Pune,Basic
C00292,Kavya Kapoor,Delhi,Standard
C00293,Ankit Mehta,Kolkata,Standard
C00294,Vikram Gupta,Bangalore,Standard
C00295,Sneha Malhotra,Ahmedabad,Standard
C00296,Vikram Mehta,Jaipur,Premium
C00297,Arjun Gupta,Kolkata,Standard
C00298,Ankit Gupta,Pune,Basic
C00299,Kavya Sharma,Jaipur,Standard
C00300,Sneha Sharma,Hyderabad,Basic
C00301,Ankit Das,Ahmedabad,Basic
C00302,Arjun Iyer,Mumbai,Premium
C00303,Rohan Reddy,Bangalore,Standard
C00304,Arjun Sinha,Ahmedabad,Premium
C00305,Rahul Joshi,Lucknow,Premium
C00306,Aditya Khan,Chennai,Basic
C00307,Rahul Reddy,Pune,Premium
C00308,Neha Mishra,Delhi,Standard
C00309,Amit Joshi,Bangalore,Standard
C00310,Raj Malhotra,Chennai,Basic
C00311,Aditya Singh,Pune,Standard
C00312,Arjun Patel,Ahmedabad,Basic
C00313,Priya Mehta,Hyderabad,Basic
C00314,Karan Malhotra,Bangalore,Premium
C00315,Rohan Iyer,Pune,Standard
C00316,Raj Iyer,Jaipur,Standard
C00317,Kavya Sharma,Chennai,Basic
C00318,Rohan Mishra,Lucknow,Basic
C00319,Vikram Kapoor,Bangalore,Standard
C00320,Karan Kapoor,Kolkata,Standard
C00321,Karan Iyer,Jaipur,Standard
C00322,Arjun Sinha,Kolkata,Premium
C00323,Aditya Patel,Lucknow,Standard
C00324,Neha Mishra,Pune,Premium
C00325,Ankit Malhotra,Ahmedabad,Basic
C00326,Raj Iyer,Pune,Standard
C00327,Vikram Iyer,Bangalore,Standard
C00328,Rahul Khan,Jaipur,Basic
C00329,Ankit Mishra,Delhi,Standard
C00330,Amit Reddy,Ahmedabad,Premium
C00331,Aditya Khan,Pune,Basic
C00332,Priya Gupta,Ahmedabad,Standard
C00333,Ankit Das,Pune,Basic
C00334,Amit Mishra,Kolkata,Basic
C00335,Kavya Reddy,Pune,Standard
C00336,Vikram Malhotra,Ahmedabad,Basic
C00337,Rahul Das,Delhi,Premium
C00338,Vikram Joshi,Chennai,Premium
C00339,Aditya Gupta,Pune,Premium
C00340,Nisha Joshi,Delhi,Standard
C00341,Priya Malhotra,Chennai,Premium
C00342,Rahul Verma,Mumbai,Standard
C00343,Ankit Verma,Pune,Premium
C00344,Neha Reddy,Pune,Basic
C00345,Vikram Iyer,Bangalore,Premium
C00346,Priya Gupta,Lucknow,Standard
C00347,Pooja Joshi,Hyderabad,Standard
C00348,Raj Das,Bangalore,Premium
C00349,Arjun Joshi,Chennai,Standard
C00350,Rohan Joshi,Mumbai,Standard
C00351,Raj Singh,Jaipur,Premium
C00352,Amit Kapoor,Kolkata,Basic
C00353,Rohan Joshi,Pune,Basic
C00354,Rohan Kapoor,Chennai,Premium
C00355,Sneha Mishra,Ahmedabad,Premium
C00356,Neha Mehta,Lucknow,Standard
C00357,Pooja Singh,Chennai,Premium
C00358,Kavya Joshi,Pune,Standard
C00359,Rahul Das,Mumbai,Basic
C00360,Aditya Kapoor,Chennai,Premium
C00361,Pooja Iyer,Kolkata,Premium
C00362,Vikram Patel,Lucknow,Standard
C00363,Vikram Iyer,Bangalore,Basic
C00364,Amit Sinha,Mumbai,Standard
C00365,Nisha Kapoor,Mumbai,Basic
C00366,Ankit Malhotra,Bangalore,Premium
C00367,Raj Singh,Kolkata,Basic
C00368,Sneha Khan,Hyderabad,Premium
C00369,Nisha Reddy,Kolkata,Basic
C00370,Karan Sinha,Chennai,Premium
C00371,Rohan Sinha,Ahmedabad,Standard
C00372,Aditya Mishra,Kolkata,Premium
C00373,Arjun Gupta,Bangalore,Premium
C00374,Kavya Joshi,Pune,Basic
C00375,Ankit Gupta,Pune,Premium
C00376,Rohan Reddy,Delhi,Standard
C00377,Ankit Joshi,Chennai,Basic
C00378,Sneha Mishra,Kolkata,Premium
C00379,Vikram Patel,Ahmedabad,Premium
C00380,Pooja Sinha,Jaipur,Standard
C00381,Raj Das,Hyderabad,Basic
C00382,Amit Joshi,Ahmedabad,Basic
C00383,Rohan Joshi,Pune,Premium
C00384,Priya Sharma,Mumbai,Standard
C00385,Arjun Gupta,Delhi,Premium
C00386,Raj Reddy,Bangalore,Standard
C00387,Arjun Verma,Jaipur,Standard
C00388,Pooja Malhotra,Bangalore,Standard
C00389,Vikram Gupta,Ahmedabad,Basic
C00390,Sneha Singh,Mumbai,Basic
C00391,Ankit Patel,Ahmedabad,Standard
C00392,Neha Mishra,Kolkata,Premium
C00393,Vikram Verma,Jaipur,Basic
C00394,Ankit Sharma,Pune,Standard
C00395,Neha Gupta,Ahmedabad,Premium
C00396,Vikram Patel,Lucknow,Premium
C00397,Rahul Iyer,Kolkata,Premium
C00398,Priya Iyer,Lucknow,Premium
C00399,Amit Mishra,Jaipur,Premium
C00400,Pooja Patel,Hyderabad,Standard
C00401,Nisha Khan,Lucknow,Premium
C00402,Rohan Mishra,Bangalore,Premium
C00403,Karan Singh,Bangalore,Premium
C00404,Vikram Mishra,Mumbai,Premium
C00405,Rahul Verma,Hyderabad,Basic
C00406,Ankit Sharma,Bangalore,Standard
C00407,Rahul Khan,Pune,Basic
C00408,Amit Malhotra,Delhi,Standard
C00409,Arjun Iyer,Kolkata,Basic
C00410,Pooja Gupta,,Basic
C00411,Neha Das,Mumbai,Basic
C00412,Nisha Sinha,Jaipur,Standard
C00413,Arjun Joshi,Mumbai,Premium
C00414,Arjun Mishra,Pune,Standard
C00415,Vikram Gupta,Ahmedabad,Basic
C00416,Raj Kapoor,Delhi,Premium
C00417,Ankit Das,Bangalore,Premium
C00418,Priya Singh,Lucknow,Basic
C00419,Pooja Reddy,Kolkata,Standard
C00420,Pooja Reddy,Chennai,Standard
C00421,Karan Das,Pune,Premium
C00422,Nisha Malhotra,Delhi,Basic
C00423,Vikram Sinha,Jaipur,Basic
C00424,Kavya Patel,Pune,Standard
C00425,Raj Patel,Pune,Standard
C00426,Kavya Kapoor,Pune,Standard
C00427,Aditya Gupta,Kolkata,Standard
C00428,Ankit Joshi,Chennai,Standard
C00429,Priya Joshi,Ahmedabad,Premium
C00430,Amit Mishra,Delhi,Premium
C00431,Sneha Gupta,Kolkata,Premium
C00432,Karan Sharma,Lucknow,Basic
C00433,Karan Verma,Delhi,Standard
C00434,Ankit Mishra,Pune,Basic
C00435,Rahul Singh,,Standard
C00436,Ankit Gupta,Lucknow,Basic
C00437,Neha Khan,Ahmedabad,Premium
C00438,Kavya Gupta,Kolkata,Basic
C00439,Ankit Gupta,Chennai,Basic
C00440,Neha Iyer,Pune,Basic
C00441,Nisha Mishra,Lucknow,Basic
C00442,Vikram Joshi,Jaipur,Premium
C00443,Pooja Sinha,Chennai,Premium
C00444,Priya Singh,Chennai,Standard
C00445,Ankit Sharma,Bangalore,Premium
C00446,Pooja Joshi,Pune,Premium
C00447,Priya Malhotra,Mumbai,Premium
C00448,Aditya Reddy,Hyderabad,Standard
C00449,Sneha Kapoor,Kolkata,Premium
C00450,Ankit Singh,Kolkata,Basic
C00451,Pooja Gupta,Mumbai,Premium
C00452,Priya Iyer,Lucknow,Premium
C00453,Vikram Gupta,Chennai,Standard
C00454,Vikram Mehta,Ahmedabad,Basic
C00455,Arjun Mehta,Chennai,Premium
C00456,Nisha Reddy,Delhi,Standard
C00457,Sneha Gupta,Chennai,Basic
C00458,Vikram Das,Ahmedabad,Basic
C00459,Vikram Singh,Mumbai,Premium
C00460,Sneha Das,Mumbai,Premium
C00461,Neha Singh,Hyderabad,Premium
C00462,Nisha Singh,Chennai,Standard
C00463,Amit Sharma,Ahmedabad,Basic
C00464,Sneha Khan,Bangalore,Standard
C00465,Karan Malhotra,Hyderabad,Basic
C00466,Karan Mishra,Kolkata,Premium
C00467,Sneha Mishra,Mumbai,Standard
C00468,Rahul Kapoor,Delhi,Standard
C00469,Pooja Mehta,Lucknow,Standard
C00470,Aditya Joshi,Pune,Standard
C00471,Amit Mehta,Mumbai,Standard
C00472,Priya Iyer,Lucknow,Standard
C00473,Kavya Malhotra,Kolkata,Premium
C00474,Sneha Mishra,Delhi,Premium
C00475,Sneha Das,Pune,Basic
C00476,Amit Mehta,Chennai,Basic
C00477,Ankit Patel,Kolkata,Premium
C00478,Amit Reddy,Delhi,Basic
C00479,Karan Patel,Kolkata,Standard
C00480,Aditya Mishra,Bangalore,Premium
C00481,Amit Khan,Chennai,Premium
C00482,Priya Das,Bangalore,Basic
C00483,Amit Khan,Ahmedabad,Standard
C00484,Nisha Das,Lucknow,Standard
C00485,Vikram Sinha,Lucknow,Basic
C00486,Vikram Das,Kolkata,Basic
C00487,Ankit Khan,Ahmedabad,Premium
C00488,Arjun Kapoor,Chennai,Standard
C00489,Pooja Sharma,,Basic
C00490,Amit Singh,Ahmedabad,Standard
C00491,Rahul Sharma,Kolkata,Standard
C00492,Amit Joshi,Delhi,Basic
C00493,Pooja Reddy,Pune,Standard
C00494,Pooja Reddy,Mumbai,Standard
C00495,Raj Iyer,Lucknow,Basic
C00496,Neha Verma,Lucknow,Standard
C00497,Karan Khan,Mumbai,Standard
C00498,Amit Iyer,Kolkata,Basic
C00499,Amit Reddy,Bangalore,Premium
C00500,Neha Malhotra,Ahmedabad,Standard
C00501,Karan Reddy,Lucknow,Premium
C00502,Ankit Verma,Chennai,Standard
C00503,Sneha Iyer,Kolkata,Basic
C00504,Pooja Sharma,Kolkata,Premium
C00505,Ankit Gupta,Jaipur,Basic
C00506,Sneha Singh,Chennai,Basic
C00507,Kavya Joshi,Lucknow,Premium
C00508,Ankit Gupta,Lucknow,Basic
C00509,Priya Sinha,Kolkata,Standard
C00510,Vikram Malhotra,Pune,Premium
C00511,Pooja Malhotra,Delhi,Standard
C00512,Karan Mehta,Kolkata,Premium
C00513,Vikram Malhotra,Jaipur,Premium
C00514,Vikram Joshi,Pune,Basic
C00515,Ankit Sharma,Kolkata,Standard
C00516,Priya Patel,Kolkata,Standard
C00517,Neha Patel,Bangalore,Premium
C00518,Amit Singh,Delhi,Basic
C00519,Nisha Reddy,Jaipur,Premium
C00520,Vikram Verma,Lucknow,Premium
C00521,Pooja Mehta,,Premium
C00522,Priya Mishra,Lucknow,Premium
C00523,Aditya Kapoor,Mumbai,Standard
C00524,Ankit Joshi,Hyderabad,Standard
C00525,Pooja Singh,Ahmedabad,Premium
C00526,Karan Patel,Chennai,Standard
C00527,Raj Mishra,Hyderabad,Standard
C00528,Vikram Das,Ahmedabad,Standard
C00529,Nisha Singh,Pune,Basic
C00530,Karan Mehta,Bangalore,Premium
C00531,Nisha Das,Bangalore,Standard
C00532,Rahul Joshi,Ahmedabad,Standard
C00533,Karan Sinha,Delhi,Basic
C00534,Kavya Reddy,Delhi,Standard
C00535,Amit Iyer,Bangalore,Standard
C00536,Arjun Sinha,Jaipur,Premium
C00537,Kavya Mehta,Delhi,Premium
C00538,Kavya Kapoor,Kolkata,Premium
C00539,Sneha Sharma,Pune,Basic
C00540,Ankit Patel,Pune,Premium
C00541,Ankit Patel,Mumbai,Standard
C00542,Raj Gupta,Kolkata,Premium
C00543,Priya Sharma,Chennai,Standard
C00544,Aditya Mishra,Bangalore,Basic
C00545,Arjun Kapoor,Lucknow,Premium
C00546,Raj Gupta,Mumbai,Standard
C00547,Neha Mishra,Bangalore,Basic
C00548,Aditya Das,Jaipur,Standard
C00549,Amit Iyer,Chennai,Premium
C00550,Rohan Gupta,Mumbai,Premium
C00551,Sneha Joshi,Lucknow,Standard
C00552,Amit Gupta,Ahmedabad,Basic
C00553,Karan Sharma,Jaipur,Basic
C00554,Neha Malhotra,Bangalore,Standard
C00555,Sneha Sharma,Lucknow,Standard
C00556,Neha Das,Pune,Premium
C00557,Vikram Joshi,Delhi,Basic
C00558,Ankit Gupta,Jaipur,Basic
C00559,Karan Iyer,Jaipur,Basic
C00560,Rahul Mehta,Ahmedabad,Premium
C00561,Vikram Mehta,Kolkata,Standard
C00562,Aditya Sharma,Kolkata,Premium
C00563,Ankit Patel,Delhi,Basic
C00564,Aditya Iyer,Kolkata,Premium
C00565,Rahul Verma,Jaipur,Standard
C00566,Kavya Joshi,Bangalore,Basic
C00567,Arjun Malhotra,Ahmedabad,Basic
C00568,Priya Iyer,Bangalore,Premium
C00569,Aditya Iyer,Ahmedabad,Premium
C00570,Rohan Patel,Mumbai,Premium
C00571,Raj Sharma,Kolkata,Standard
C00572,Karan Mehta,Jaipur,Standard
C00573,Rohan Sharma,Hyderabad,Standard
C00574,Ankit Mishra,Mumbai,Basic
C00575,Ankit Singh,Delhi,Standard
C00576,Sneha Sinha,Pune,Basic
C00577,Arjun Sinha,Pune,Standard
C00578,Priya Kapoor,Ahmedabad,Standard
C00579,Raj Iyer,Jaipur,Standard
C00580,Nisha Gupta,Pune,Premium
C00581,Sneha Das,Bangalore,Basic
C00582,Rohan Verma,Delhi,Premium
C00583,Ankit Joshi,Chennai,Standard
C00584,Arjun Das,Pune,Premium
C00585,Aditya Kapoor,Kolkata,Standard
C00586,Rahul Malhotra,Kolkata,Basic
C00587,Sneha Singh,Mumbai,Premium
C00588,Vikram Joshi,Pune,Standard
C00589,Karan Iyer,Bangalore,Premium
C00590,Priya Mishra,Lucknow,Basic
C00591,Nisha Kapoor,Mumbai,Premium
C00592,Amit Patel,Kolkata,Standard
C00593,Sneha Das,Mumbai,Basic
C00594,Priya Joshi,Ahmedabad,Standard
C00595,Ankit Kapoor,Delhi,Basic
C00596,Priya Reddy,Kolkata,Standard
C00597,Ankit Joshi,Chennai,Premium
C00598,Amit Sharma,Bangalore,Standard
C00599,Karan Mehta,Jaipur,Premium
C00600,Rohan Iyer,Chennai,Basic
C00601,Arjun Patel,Lucknow,Standard
C00602,Aditya Sinha,Ahmedabad,Premium
C00603,Amit Khan,Delhi,Standard
C00604,Priya Sinha,Ahmedabad,Premium
C00605,Nisha Joshi,Kolkata,Basic
C00606,Ankit Malhotra,Delhi,Basic
C00607,Karan Singh,Chennai,Premium
C00608,Aditya Malhotra,Bangalore,Standard
C00609,Karan Patel,Delhi,Premium
C00610,Nisha Khan,Hyderabad,Standard
C00611,Rahul Verma,Jaipur,Basic
C00612,Ankit Kapoor,Jaipur,Premium
C00613,Pooja Sinha,Delhi,Premium
C00614,Rohan Mehta,Ahmedabad,Basic
C00615,Sneha Iyer,Pune,Basic
C00616,Amit Khan,Kolkata,Basic
C00617,Amit Kapoor,Ahmedabad,Basic
C00618,Karan Verma,Bangalore,Basic
C00619,Vikram Das,Bangalore,Premium
C00620,Sneha Reddy,Mumbai,Premium
C00621,Karan Khan,Chennai,Premium
C00622,Priya Verma,Hyderabad,Standard
C00623,Karan Sinha,Chennai,Premium
C00624,Rohan Patel,Jaipur,Standard
C00625,Priya Joshi,Chennai,Basic
C00626,Karan Gupta,Jaipur,Basic
C00627,Priya Das,Lucknow,Premium
C00628,Priya Joshi,Lucknow,Basic
C00629,Raj Das,Kolkata,Basic
C00630,Rahul Mishra,Mumbai,Premium
C00631,Rahul Joshi,Lucknow,Standard
C00632,Vikram Patel,Lucknow,Standard
C00633,Pooja Joshi,Mumbai,Standard
C00634,Raj Joshi,Jaipur,Standard
C00635,Vikram Singh,Ahmedabad,Premium
C00636,Nisha Iyer,Pune,Standard
C00637,Arjun Gupta,Mumbai,Premium
C00638,Arjun Mehta,Ahmedabad,Standard
C00639,Neha Verma,Lucknow,Premium
C00640,Ankit Mishra,Kolkata,Basic
C00641,Kavya Verma,Pune,Premium
C00642,Nisha Verma,Jaipur,Basic
C00643,Amit Verma,Hyderabad,Standard
C00644,Amit Singh,Ahmedabad,Premium
C00645,Priya Gupta,Mumbai,Standard
C00646,Sneha Mishra,Lucknow,Standard
C00647,Neha Mishra,Bangalore,Standard
C00648,Raj Das,Kolkata,Premium
C00649,Nisha Khan,Ahmedabad,Basic
C00650,Arjun Kapoor,Chennai,Standard
C00651,Rahul Gupta,Pune,Basic
C00652,Arjun Patel,Hyderabad,Basic
C00653,Ankit Sharma,Mumbai,Standard
C00654,Arjun Das,Ahmedabad,Standard
C00655,Karan Sharma,Delhi,Standard
C00656,Priya Sinha,Chennai,Basic
C00657,Ankit Iyer,Pune,Standard
C00658,Rahul Mehta,Mumbai,Basic
C00659,Karan Patel,Kolkata,Basic
C00660,Rohan Gupta,Pune,Basic
C00661,Arjun Iyer,Jaipur,Standard
C00662,Kavya Das,Lucknow,Premium
C00663,Priya Gupta,Pune,Standard
C00664,Nisha Verma,Jaipur,Standard
C00665,Nisha Khan,Hyderabad,Basic
C00666,Karan Mehta,Jaipur,Premium
C00667,Rahul Sharma,Bangalore,Basic
C00668,Ankit Iyer,Ahmedabad,Basic
C00669,Arjun Khan,Lucknow,Basic
C00670,Priya Verma,Lucknow,Standard
C00671,Priya Mehta,Lucknow,Basic
C00672,Kavya Singh,Lucknow,Standard
C00673,Karan Mishra,Jaipur,Basic
C00674,Arjun Malhotra,Lucknow,Standard
C00675,Arjun Mishra,Mumbai,Standard
C00676,Ankit Joshi,Delhi,Standard
C00677,Pooja Singh,Mumbai,Basic
C00678,Arjun Singh,Lucknow,Basic
C00679,Neha Malhotra,Mumbai,Basic
C00680,Arjun Khan,Jaipur,Basic
C00681,Aditya Das,Pune,Premium
C00682,Kavya Joshi,Hyderabad,Premium
C00683,Pooja Malhotra,Delhi,Premium
C00684,Rahul Kapoor,Kolkata,Standard
C00685,Priya Mehta,Hyderabad,Standard
C00686,Karan Iyer,Lucknow,Standard
C00687,Kavya Mishra,Mumbai,Basic
C00688,Priya Reddy,Hyderabad,Basic
C00689,Ankit Joshi,Ahmedabad,Basic
C00690,Sneha Verma,Bangalore,Standard
C00691,Raj Reddy,Kolkata,Basic
C00692,Ankit Joshi,Chennai,Basic
C00693,Arjun Patel,Hyderabad,Standard
C00694,Karan Singh,Hyderabad,Standard
C00695,Nisha Singh,Hyderabad,Basic
C00696,Aditya Kapoor,Kolkata,Standard
C00697,Ankit Reddy,Chennai,Standard
C00698,Amit Das,Jaipur,Standard
C00699,Raj Mehta,Kolkata,Premium
C00700,Rohan Sharma,Chennai,Basic
C00701,Amit Verma,Ahmedabad,Basic
C00702,Rohan Malhotra,Ahmedabad,Premium
C00703,Neha Mishra,Jaipur,Standard
C00704,Raj Reddy,Chennai,Premium
C00705,Amit Das,Lucknow,Premium
C00706,Neha Sharma,Jaipur,Premium
C00707,Vikram Patel,Mumbai,Premium
C00708,Sneha Verma,Ahmedabad,Premium
C00709,Vikram Iyer,Bangalore,Premium
C00710,Karan Sinha,Bangalore,Standard
C00711,Vikram Sinha,Ahmedabad,Standard
C00712,Vikram Patel,Chennai,Standard
C00713,Rohan Joshi,Mumbai,Premium
C00714,Vikram Das,Hyderabad,Basic
C00715,Aditya Malhotra,Mumbai,Premium
C00716,Sneha Sinha,Bangalore,Premium
C00717,Kavya Mehta,Ahmedabad,Premium
C00718,Raj Malhotra,Chennai,Premium
C00719,Rahul Singh,Lucknow,Basic
C00720,Amit Sinha,Kolkata,Standard
C00721,Arjun Joshi,Jaipur,Basic
C00722,Arjun Sinha,Bangalore,Basic
C00723,Arjun Singh,Hyderabad,Premium
C00724,Ankit Khan,Ahmedabad,Basic
C00725,Rohan Malhotra,Bangalore,Premium
C00726,Aditya Verma,Chennai,Basic
C00727,Vikram Iyer,Hyderabad,Premium
C00728,Pooja Mishra,Pune,Standard
C00729,Karan Verma,Delhi,Standard
C00730,Vikram Gupta,Bangalore,Premium
C00731,Arjun Verma,Hyderabad,Premium
C00732,Rohan Mehta,Hyderabad,Standard
C00733,Nisha Singh,Kolkata,Standard
C00734,Pooja Malhotra,Lucknow,Premium
C00735,Rohan Joshi,Kolkata,Basic
C00736,Neha Sharma,Delhi,Standard
C00737,Rohan Khan,Pune,Basic
C00738,Karan Sinha,Chennai,Basic
C00739,Amit Joshi,Chennai,Standard
C00740,Pooja Patel,Hyderabad,Premium
C00741,Arjun Khan,Ahmedabad,Basic
C00742,Pooja Verma,Pune,Basic
C00743,Karan Sinha,Ahmedabad,Basic
C00744,Nisha Joshi,Hyderabad,Premium
C00745,Vikram Iyer,Lucknow,Premium
C00746,Karan Kapoor,Jaipur,Basic
C00747,Ankit Gupta,Lucknow,Premium
C00748,Rahul Mishra,Jaipur,Basic
C00749,Neha Das,Jaipur,Premium
C00750,Priya Verma,Jaipur,Standard
C00751,Amit Joshi,Hyderabad,Basic
C00752,Pooja Kapoor,Delhi,Basic
C00753,Arjun Iyer,Mumbai,Standard
C00754,Priya Reddy,Pune,Standard
C00755,Pooja Sharma,Jaipur,Standard
C00756,Vikram Iyer,Chennai,Basic
C00757,Rahul Mehta,Chennai,Premium
C00758,Aditya Patel,Lucknow,Premium
C00759,Rahul Mehta,Kolkata,Basic
C00760,Amit Reddy,Mumbai,Premium
C00761,Raj Kapoor,Mumbai,Standard
C00762,Sneha Khan,Bangalore,Basic
C00763,Aditya Joshi,Pune,Standard
C00764,Raj Mehta,Ahmedabad,Standard
C00765,Sneha Gupta,Jaipur,Premium
C00766,Vikram Mishra,Kolkata,Premium
C00767,Priya Reddy,Pune,Basic
C00768,Priya Malhotra,Hyderabad,Premium
C00769,Nisha Sharma,Chennai,Standard
C00770,Vikram Malhotra,Jaipur,Standard
C00771,Karan Mehta,Hyderabad,Premium
C00772,Arjun Verma,Bangalore,Standard
C00773,Neha Sinha,Delhi,Premium
C00774,Nisha Joshi,Pune,Basic
C00775,Nisha Sinha,Mumbai,Premium
C00776,Neha Gupta,Delhi,Basic
C00777,Rahul Kapoor,Lucknow,Basic
C00778,Aditya Mishra,Mumbai,Premium
C00779,Aditya Sharma,Pune,Standard
C00780,Neha Reddy,Hyderabad,Premium
C00781,Priya Reddy,Chennai,Premium
C00782,Kavya Sinha,Lucknow,Standard
C00783,Pooja Das,Kolkata,Premium
C00784,Rohan Sinha,Bangalore,Basic
C00785,Karan Patel,Pune,Standard
C00786,Rohan Sharma,Jaipur,Basic
C00787,Raj Malhotra,Bangalore,Basic
C00788,Vikram Mehta,Jaipur,Standard
C00789,Rahul Verma,Pune,Basic
C00790,Ankit Malhotra,Pune,Standard
C00791,Priya Singh,Pune,Premium
C00792,Nisha Reddy,Ahmedabad,Premium
C00793,Kavya Patel,Chennai,Basic
C00794,Priya Iyer,Ahmedabad,Premium
C00795,Karan Mehta,Pune,Basic
C00796,Karan Khan,Pune,Premium
C00797,Rohan Patel,Kolkata,Basic
C00798,Amit Sinha,Ahmedabad,Standard
C00799,Amit Reddy,Hyderabad,Premium
C00800,Rohan Mehta,Lucknow,Basic
C00801,Rahul Mishra,Delhi,Premium
C00802,Nisha Iyer,Lucknow,Basic
C00803,Vikram Reddy,Hyderabad,Standard
C00804,Neha Mishra,Kolkata,Standard
C00805,Raj Sharma,Hyderabad,Premium
C00806,Aditya Gupta,Ahmedabad,Premium
C00807,Aditya Das,Hyderabad,Standard
C00808,Raj Patel,Jaipur,Standard
C00809,Nisha Singh,Pune,Standard
C00810,Karan Joshi,Kolkata,Standard
C00811,Rohan Verma,Jaipur,Standard
C00812,Arjun Gupta,Ahmedabad,Standard
C00813,Raj Patel,Kolkata,Standard
C00814,Sneha Sharma,Lucknow,Premium
C00815,Aditya Khan,Mumbai,Standard
C00816,Karan Sinha,Lucknow,Basic
C00817,Aditya Mehta,Chennai,Premium
C00818,Neha Verma,Hyderabad,Standard
C00819,Pooja Mishra,Hyderabad,Standard
C00820,Karan Joshi,Kolkata,Standard
C00821,Nisha Mishra,Ahmedabad,Basic
C00822,Vikram Malhotra,Ahmedabad,Standard
C00823,Priya Malhotra,Kolkata,Premium
C00824,Priya Malhotra,Jaipur,Standard
C00825,Priya Sinha,Jaipur,Basic
C00826,Rahul Reddy,Mumbai,Premium
C00827,Kavya Joshi,Mumbai,Premium
C00828,Sneha Khan,Hyderabad,Premium
C00829,Aditya Khan,Mumbai,Premium
C00830,Karan Kapoor,Kolkata,Premium
C00831,Pooja Joshi,Lucknow,Standard
C00832,Vikram Kapoor,Mumbai,Premium
C00833,Karan Reddy,Pune,Premium
C00834,Rahul Reddy,Chennai,Basic
C00835,Rohan Sharma,Jaipur,Basic
C00836,Vikram Mehta,Bangalore,Premium
C00837,Raj Gupta,Jaipur,Premium
C00838,Neha Patel,Lucknow,Basic
C00839,Rohan Mishra,Kolkata,Standard
C00840,Nisha Mehta,Delhi,Standard
C00841,Sneha Kapoor,Lucknow,Premium
C00842,Aditya Patel,Chennai,Basic
C00843,Kavya Mishra,Delhi,Basic
C00844,Kavya Joshi,Mumbai,Premium
C00845,Sneha Mehta,Pune,Basic
C00846,Arjun Sharma,Mumbai,Basic
C00847,Priya Gupta,Ahmedabad,Standard
C00848,Vikram Iyer,Kolkata,Basic
C00849,Kavya Gupta,Jaipur,Premium
C00850,Neha Patel,Lucknow,Standard
C00851,Rohan Sharma,Delhi,Basic
C00852,Raj Singh,Jaipur,Basic
C00853,Vikram Sharma,Bangalore,Standard
C00854,Rahul Patel,Lucknow,Premium
C00855,Nisha Mishra,Pune,Premium
C00856,Rohan Khan,Lucknow,Premium
C00857,Pooja Mishra,Pune,Basic
C00858,Raj Reddy,Kolkata,Standard
C00859,Nisha Malhotra,Bangalore,Basic
C00860,Aditya Gupta,Jaipur,Basic
C00861,Ankit Sharma,Delhi,Standard
C00862,Neha Mishra,Delhi,Standard
C00863,Pooja Iyer,Lucknow,Basic
C00864,Sneha Iyer,Kolkata,Premium
C00865,Vikram Singh,Ahmedabad,Standard
C00866,Neha Verma,Jaipur,Standard
C00867,Sneha Khan,Lucknow,Basic
C00868,Sneha Gupta,Lucknow,Standard
C00869,Nisha Patel,Delhi,Premium
C00870,Rohan Khan,Pune,Basic
C00871,Nisha Joshi,Bangalore,Basic
C00872,Sneha Verma,Kolkata,Premium
C00873,Amit Sharma,Chennai,Standard
C00874,Ankit Iyer,Chennai,Premium
C00875,Priya Gupta,Bangalore,Standard
C00876,Arjun Reddy,Jaipur,Basic
C00877,Sneha Gupta,Mumbai,Premium
C00878,Ankit Reddy,Delhi,Basic
C00879,Pooja Iyer,Kolkata,Standard
C00880,Rahul Singh,Pune,Standard
C00881,Nisha Gupta,Jaipur,Premium
C00882,Pooja Reddy,Bangalore,Basic
C00883,Sneha Khan,Bangalore,Standard
C00884,Rohan Singh,Ahmedabad,Premium
C00885,Amit Khan,Pune,Standard
C00886,Sneha Singh,Ahmedabad,Premium
C00887,Ankit Singh,Hyderabad,Basic
C00888,Vikram Kapoor,Lucknow,Basic
C00889,Neha Kapoor,Delhi,Premium
C00890,Rohan Sharma,Pune,Standard
C00891,Kavya Das,Pune,Standard
C00892,Arjun Verma,Pune,Basic
C00893,Pooja Khan,Chennai,Standard
C00894,Pooja Malhotra,Hyderabad,Standard
C00895,Ankit Khan,Pune,Standard
C00896,Rohan Malhotra,Ahmedabad,Basic
C00897,Nisha Patel,Kolkata,Standard
C00898,Rohan Mishra,Pune,Standard
C00899,Amit Sinha,Lucknow,Premium
C00900,Pooja Reddy,Bangalore,Basic
C00901,Nisha Reddy,Mumbai,Basic
C00902,Arjun Malhotra,Hyderabad,Standard
C00903,Nisha Singh,Delhi,Standard
C00904,Vikram Kapoor,Bangalore,Basic
C00905,Rohan Patel,Chennai,Basic
C00906,Priya Malhotra,Pune,Standard
C00907,Amit Kapoor,Lucknow,Standard
C00908,Pooja Mehta,Jaipur,Basic
C00909,Raj Sinha,Pune,Basic
C00910,Rahul Iyer,Kolkata,Basic
C00911,Raj Iyer,Jaipur,Basic
C00912,Vikram Sinha,Delhi,Premium
C00913,Nisha Patel,Kolkata,Premium
C00914,Vikram Das,Mumbai,Basic
C00915,Vikram Joshi,Pune,Standard
C00916,Nisha Mehta,Delhi,Premium
C00917,Amit Singh,Hyderabad,Basic
C00918,Aditya Reddy,Jaipur,Basic
C00919,Aditya Das,Hyderabad,Standard
C00920,Ankit Mehta,Ahmedabad,Basic
C00921,Pooja Malhotra,Jaipur,Premium
C00922,Ankit Sharma,Ahmedabad,Premium
C00923,Rohan Mehta,Delhi,Premium
C00924,Kavya Malhotra,Bangalore,Standard
C00925,Rohan Verma,Ahmedabad,Premium
C00926,Karan Kapoor,Kolkata,Standard
C00927,Amit Kapoor,Ahmedabad,Standard
C00928,Amit Singh,Mumbai,Basic
C00929,Amit Sharma,Kolkata,Basic
C00930,Amit Joshi,Bangalore,Basic
C00931,Neha Reddy,Bangalore,Basic
C00932,Priya Verma,Jaipur,Standard
C00933,Arjun Patel,Pune,Basic
C00934,Priya Khan,Pune,Standard
C00935,Rahul Malhotra,Lucknow,Premium
C00936,Arjun Das,Pune,Standard
C00937,Rahul Malhotra,Hyderabad,Premium
C00938,Rohan Iyer,Delhi,Basic
C00939,Amit Iyer,Jaipur,Premium
C00940,Ankit Verma,Hyderabad,Standard
C00941,Amit Singh,Ahmedabad,Basic
C00942,Vikram Verma,Lucknow,Standard
C00943,Pooja Mehta,Lucknow,Premium
C00944,Ankit Verma,Ahmedabad,Basic
C00945,Priya Mishra,Chennai,Basic
C00946,Pooja Gupta,Bangalore,Standard
C00947,Amit Patel,Chennai,Premium
C00948,Priya Verma,Bangalore,Basic
C00949,Sneha Mehta,Lucknow,Premium
C00950,Pooja Mehta,Pune,Premium
C00951,Arjun Joshi,Jaipur,Basic
C00952,Raj Joshi,Bangalore,Basic
C00953,Priya Kapoor,Chennai,Premium
C00954,Priya Verma,Ahmedabad,Basic
C00955,Rahul Mishra,Kolkata,Premium
C00956,Arjun Khan,Hyderabad,Standard
C00957,Karan Reddy,Ahmedabad,Standard
C00958,Vikram Kapoor,Pune,Basic
C00959,Kavya Kapoor,Ahmedabad,Premium
C00960,Amit Das,Mumbai,Premium
C00961,Rohan Sharma,Chennai,Premium
C00962,Karan Singh,Bangalore,Standard
C00963,Pooja Malhotra,Ahmedabad,Basic
C00964,Karan Gupta,Lucknow,Premium
C00965,Rohan Iyer,Jaipur,Standard
C00966,Karan Mishra,Mumbai,Basic
C00967,Arjun Reddy,Hyderabad,Standard
C00968,Amit Malhotra,Hyderabad,Standard
C00969,Kavya Sharma,Ahmedabad,Standard
C00970,Ankit Mishra,Delhi,Standard
C00971,Kavya Gupta,Hyderabad,Premium
C00972,Nisha Malhotra,Lucknow,Basic
C00973,Ankit Mishra,Lucknow,Basic
C00974,Sneha Khan,Lucknow,Premium
C00975,Nisha Patel,Hyderabad,Premium
C00976,Pooja Verma,Jaipur,Standard
C00977,Pooja Reddy,Bangalore,Standard
C00978,Aditya Singh,Chennai,Basic
C00979,Rohan Mishra,Jaipur,Basic
C00980,Kavya Gupta,Bangalore,Standard
C00981,Raj Sharma,Chennai,Basic
C00982,Priya Malhotra,Bangalore,Premium
C00983,Priya Malhotra,Kolkata,Premium
C00984,Nisha Mishra,Pune,Standard
C00985,Priya Das,Chennai,Basic
C00986,Sneha Mehta,Ahmedabad,Premium
C00987,Vikram Iyer,Delhi,Standard
C00988,Karan Malhotra,Chennai,Basic
C00989,Raj Sinha,Kolkata,Standard
C00990,Arjun Verma,Lucknow,Premium
C00991,Kavya Iyer,Delhi,Basic
C00992,Arjun Joshi,Kolkata,Premium
C00993,Nisha Reddy,Pune,Premium
C00994,Sneha Mishra,Hyderabad,Standard
C00995,Rohan Verma,Chennai,Standard
C00996,Karan Das,Bangalore,Basic
C00997,Kavya Kapoor,Kolkata,Basic
C00998,Nisha Sharma,Mumbai,Premium
C00999,Vikram Iyer,Ahmedabad,Premium
C01000,Amit Sinha,Bangalore,Standard
C01001,Arjun Sharma,Pune,Premium
C01002,Aditya Sinha,Bangalore,Basic
C01003,Rohan Khan,Chennai,Premium
C01004,Vikram Verma,Chennai,Premium
C01005,Ankit Joshi,Bangalore,Premium
C01006,Sneha Joshi,Chennai,Basic
C01007,Aditya Iyer,Hyderabad,Standard
C01008,Vikram Gupta,Delhi,Premium
C01009,Neha Kapoor,Delhi,Premium
C01010,Pooja Patel,Jaipur,Basic
C01011,Arjun Sharma,Mumbai,Basic
C01012,Ankit Mishra,Delhi,Standard
C01013,Aditya Khan,Ahmedabad,Premium
C01014,Neha Mehta,Delhi,Basic
C01015,Nisha Gupta,Delhi,Standard
C01016,Ankit Sinha,Chennai,Premium
C01017,Sneha Iyer,Bangalore,Basic
C01018,Vikram Khan,Delhi,Basic
C01019,Pooja Sharma,Lucknow,Basic
C01020,Priya Kapoor,Kolkata,Basic
C01021,Neha Joshi,Bangalore,Standard
C01022,Pooja Joshi,Ahmedabad,Premium
C01023,Amit Sinha,Delhi,Premium
C01024,Nisha Gupta,Lucknow,Basic
C01025,Sneha Verma,Pune,Standard
C01026,Nisha Khan,Hyderabad,Standard
C01027,Vikram Gupta,Hyderabad,Basic
C01028,Pooja Das,Lucknow,Standard
C01029,Nisha Malhotra,Mumbai,Basic
C01030,Raj Singh,Hyderabad,Basic
C01031,Pooja Reddy,Hyderabad,Basic
C01032,Sneha Singh,Mumbai,Premium
C01033,Arjun Mehta,Delhi,Premium
C01034,Arjun Joshi,Lucknow,Premium
C01035,Karan Sinha,Mumbai,Standard
C01036,Raj Verma,Bangalore,Standard
C01037,Kavya Mishra,Lucknow,Standard
C01038,Ankit Reddy,Bangalore,Standard
C01039,Nisha Gupta,Mumbai,Basic
C01040,Amit Sharma,Chennai,Premium
C01041,Rahul Sinha,Mumbai,Standard
C01042,Karan Singh,Jaipur,Standard
C01043,Sneha Malhotra,Pune,Premium
C01044,Vikram Reddy,Jaipur,Basic
C01045,Priya Singh,Delhi,Standard
C01046,Amit Reddy,Hyderabad,Premium
C01047,Karan Verma,Pune,Basic
C01048,Vikram Iyer,Delhi,Standard
C01049,Aditya Mehta,Hyderabad,Premium
C01050,Neha Gupta,Pune,Premium
C01051,Arjun Das,Lucknow,Premium
C01052,Rohan Joshi,Bangalore,Premium
C01053,Rahul Malhotra,Bangalore,Basic
C01054,Rahul Khan,Ahmedabad,Standard
C01055,Karan Reddy,Chennai,Premium
C01056,Ankit Khan,Chennai,Basic
C01057,Raj Gupta,Mumbai,Standard
C01058,Nisha Mehta,Chennai,Basic
C01059,Amit Singh,Lucknow,Basic
C01060,Amit Kapoor,Ahmedabad,Basic
C01061,Ankit Sharma,Ahmedabad,Basic
C01062,Priya Verma,Bangalore,Standard
C01063,Nisha Gupta,Lucknow,Basic
C01064,Aditya Gupta,Hyderabad,Basic
C01065,Karan Sharma,Mumbai,Premium
C01066,Neha Sharma,Ahmedabad,Standard
C01067,Sneha Sinha,Bangalore,Premium
C01068,Raj Mishra,Mumbai,Basic
C01069,Nisha Sinha,Pune,Premium
C01070,Ankit Patel,Pune,Basic
C01071,Ankit Singh,Delhi,Basic
C01072,Ankit Gupta,Jaipur,Basic
C01073,Raj Sharma,Bangalore,Premium
C01074,Nisha Reddy,Mumbai,Standard
C01075,Amit Sinha,Ahmedabad,Standard
C01076,Nisha Mishra,Chennai,Standard
C01077,Amit Reddy,Ahmedabad,Premium
C01078,Ankit Patel,Chennai,Basic
C01079,Nisha Singh,Lucknow,Premium
C01080,Arjun Verma,Lucknow,Standard
C01081,Nisha Iyer,Hyderabad,Basic
C01082,Raj Reddy,Hyderabad,Premium
C01083,Rahul Sinha,Pune,Premium
C01084,Neha Reddy,Kolkata,Basic
C01085,Kavya Malhotra,Mumbai,Standard
C01086,Rahul Iyer,Pune,Basic
C01087,Aditya Singh,Delhi,Premium
C01088,Karan Patel,Pune,Standard
C01089,Rahul Khan,Chennai,Premium
C01090,Rahul Sinha,Hyderabad,Basic
C01091,Sneha Malhotra,Kolkata,Standard
C01092,Aditya Gupta,Lucknow,Premium
C01093,Karan Khan,Pune,Premium
C01094,Pooja Das,Mumbai,Standard
C01095,Vikram Khan,Hyderabad,Standard
C01096,Rohan Mishra,Kolkata,Standard
C01097,Aditya Mishra,Kolkata,Standard
C01098,Arjun Singh,Hyderabad,Premium
C01099,Neha Khan,Lucknow,Premium
C01100,Priya Gupta,Bangalore,Standard
C01101,Arjun Verma,Pune,Premium
C01102,Karan Verma,Hyderabad,Standard
C01103,Rohan Kapoor,Chennai,Premium
C01104,Amit Khan,Chennai,Basic
C01105,Aditya Das,Mumbai,Premium
C01106,Kavya Mishra,Kolkata,Premium
C01107,Amit Malhotra,Hyderabad,Standard
C01108,Sneha Reddy,Mumbai,Basic
C01109,Rohan Singh,Bangalore,Premium
C01110,Sneha Mishra,Ahmedabad,Basic
C01111,Aditya Reddy,Hyderabad,Premium
C01112,Arjun Gupta,Bangalore,Premium
C01113,Rahul Sharma,Hyderabad,Premium
C01114,Neha Mishra,Pune,Standard
C01115,Vikram Joshi,Delhi,Basic
C01116,Pooja Singh,Delhi,Premium
C01117,Amit Patel,Ahmedabad,Premium
C01118,Amit Sinha,Kolkata,Premium
C01119,Rahul Kapoor,Mumbai,Premium
C01120,Raj Das,Pune,Basic
C01121,Sneha Kapoor,Mumbai,Standard
C01122,Vikram Mehta,Bangalore,Standard
C01123,Neha Sinha,Bangalore,Standard
C01124,Rohan Kapoor,Bangalore,Premium
C01125,Pooja Das,Lucknow,Premium
C01126,Vikram Singh,Ahmedabad,Standard
C01127,Raj Reddy,Ahmedabad,Premium
C01128,Amit Singh,Pune,Premium
C01129,Sneha Patel,Jaipur,Premium
C01130,Vikram Iyer,Jaipur,Premium
C01131,Sneha Iyer,Kolkata,Standard
C01132,Karan Iyer,Ahmedabad,Standard
C01133,Raj Das,Jaipur,Standard
C01134,Sneha Singh,Bangalore,Premium
C01135,Ankit Das,Hyderabad,Premium
C01136,Raj Iyer,Chennai,Premium
C01137,Nisha Kapoor,Jaipur,Standard
C01138,Nisha Das,Hyderabad,Premium
C01139,Amit Patel,Hyderabad,Standard
C01140,Karan Mishra,Mumbai,Premium
C01141,Pooja Mishra,Pune,Standard
C01142,Raj Mishra,Bangalore,Premium
C01143,Neha Das,Kolkata,Basic
C01144,Aditya Verma,Lucknow,Premium
C01145,Aditya Malhotra,Kolkata,Basic
C01146,Pooja Khan,Lucknow,Premium
C01147,Kavya Iyer,Ahmedabad,Basic
C01148,Rohan Khan,Ahmedabad,Premium
C01149,Amit Sharma,Hyderabad,Basic
C01150,Neha Sharma,Jaipur,Standard
C01151,Rahul Verma,Lucknow,Premium
C01152,Nisha Khan,Kolkata,Basic
C01153,Priya Sinha,Kolkata,Premium
C01154,Rahul Khan,Lucknow,Basic
C01155,Raj Khan,Delhi,Basic
C01156,Kavya Verma,Delhi,Standard
C01157,Aditya Joshi,Pune,Basic
C01158,Amit Verma,Chennai,Standard
C01159,Priya Khan,Pune,Basic
C01160,Arjun Joshi,Kolkata,Premium
C01161,Aditya Reddy,Lucknow,Standard
C01162,Neha Joshi,Lucknow,Premium
C01163,Sneha Singh,Chennai,Premium
C01164,Priya Malhotra,Mumbai,Basic
C01165,Pooja Mehta,Lucknow,Premium
C01166,Priya Das,Kolkata,Basic
C01167,Neha Joshi,Lucknow,Premium
C01168,Raj Kapoor,Bangalore,Standard
C01169,Aditya Gupta,Hyderabad,Standard
C01170,Ankit Khan,Delhi,Basic
C01171,Vikram Joshi,Kolkata,Standard
C01172,Rahul Singh,Hyderabad,Premium
C01173,Aditya Gupta,Kolkata,Standard
C01174,Nisha Gupta,Mumbai,Premium
C01175,Sneha Kapoor,Pune,Premium
C01176,Raj Mehta,Ahmedabad,Standard
C01177,Ankit Reddy,Pune,Premium
C01178,Kavya Kapoor,Lucknow,Basic
C01179,Nisha Joshi,Hyderabad,Premium
C01180,Arjun Gupta,Mumbai,Standard
C01181,Rahul Verma,Chennai,Premium
C01182,Amit Verma,Bangalore,Standard
C01183,Priya Malhotra,Delhi,Basic
C01184,Raj Gupta,Kolkata,Basic
C01185,Pooja Sinha,Ahmedabad,Basic
C01186,Rahul Mehta,Bangalore,Basic
C01187,Raj Mehta,Bangalore,Premium
C01188,Amit Verma,Hyderabad,Premium
C01189,Sneha Malhotra,Jaipur,Basic
C01190,Raj Malhotra,Jaipur,Standard
C01191,Vikram Singh,Chennai,Premium
C01192,Amit Sharma,Pune,Basic
C01193,Karan Mishra,Ahmedabad,Premium
C01194,Rahul Verma,Mumbai,Standard
C01195,Amit Singh,Lucknow,Standard
C01196,Neha Gupta,Mumbai,Premium
C01197,Priya Joshi,Chennai,Premium
C01198,Arjun Mishra,Delhi,Standard
C01199,Nisha Mehta,Ahmedabad,Standard
C01200,Raj Joshi,Chennai,Premium
C01201,Vikram Reddy,Pune,Premium
C01202,Ankit Sinha,Pune,Standard
C01203,Priya Kapoor,Mumbai,Standard
C01204,Arjun Kapoor,Chennai,Premium
C01205,Kavya Singh,Lucknow,Premium
C01206,Priya Iyer,Delhi,Premium
C01207,Vikram Verma,Jaipur,Standard
C01208,Nisha Das,Hyderabad,Basic
C01209,Rahul Mishra,Pune,Basic
C01210,Sneha Reddy,Ahmedabad,Basic
C01211,Raj Patel,Ahmedabad,Standard
C01212,Amit Mehta,Mumbai,Basic
C01213,Pooja Sinha,Jaipur,Basic
C01214,Vikram Das,Bangalore,Premium
C01215,Nisha Kapoor,Bangalore,Premium
C01216,Neha Iyer,Hyderabad,Premium
C01217,Rahul Mehta,Delhi,Basic
C01218,Sneha Patel,Bangalore,Basic
C01219,Rohan Verma,Delhi,Premium
C01220,Sneha Reddy,Pune,Basic
C01221,Ankit Mishra,Chennai,Basic
C01222,Arjun Sinha,Mumbai,Basic
C01223,Pooja Das,Jaipur,Standard
C01224,Amit Mehta,Bangalore,Premium
C01225,Pooja Das,Lucknow,Premium
C01226,Raj Gupta,Lucknow,Premium
C01227,Nisha Singh,Jaipur,Standard
C01228,Raj Mehta,Chennai,Standard
C01229,Vikram Kapoor,Lucknow,Basic
C01230,Arjun Sharma,Bangalore,Standard
C01231,Sneha Khan,Lucknow,Basic
C01232,Vikram Malhotra,Pune,Premium
C01233,Sneha Sinha,Kolkata,Basic
C01234,Neha Sharma,Ahmedabad,Standard
C01235,Raj Verma,Mumbai,Standard
C01236,Kavya Iyer,Chennai,Standard
C01237,Rohan Mishra,Ahmedabad,Basic
C01238,Vikram Gupta,Hyderabad,Premium
C01239,Rohan Malhotra,Ahmedabad,Standard
C01240,Rohan Malhotra,Pune,Basic
C01241,Vikram Gupta,Hyderabad,Standard
C01242,Neha Sinha,Pune,Basic
C01243,Arjun Iyer,Jaipur,Standard
C01244,Kavya Sharma,Jaipur,Premium
C01245,Amit Singh,Jaipur,Standard
C01246,Priya Iyer,Jaipur,Basic
C01247,Rahul Khan,Hyderabad,Premium
C01248,Kavya Sharma,Hyderabad,Premium
C01249,Arjun Sharma,Kolkata,Basic
C01250,Neha Singh,Kolkata,Standard
C01251,Karan Mehta,Delhi,Basic
C01252,Rahul Patel,Kolkata,Standard
C01253,Pooja Kapoor,Bangalore,Standard
C01254,Pooja Reddy,Kolkata,Standard
C01255,Priya Mishra,Chennai,Basic
C01256,Kavya Malhotra,Delhi,Standard
C01257,Rahul Mehta,Mumbai,Premium
C01258,Kavya Das,Hyderabad,Premium
C01259,Vikram Patel,Hyderabad,Standard
C01260,Vikram Mehta,Jaipur,Premium
C01261,Kavya Iyer,Mumbai,Standard
C01262,Raj Khan,Bangalore,Basic
C01263,Nisha Sharma,Hyderabad,Standard
C01264,Pooja Iyer,Chennai,Basic
C01265,Aditya Joshi,Chennai,Standard
C01266,Raj Mehta,Kolkata,Standard
C01267,Rohan Patel,Ahmedabad,Standard
C01268,Vikram Reddy,Lucknow,Standard
C01269,Pooja Gupta,Mumbai,Basic
C01270,Vikram Mishra,Kolkata,Basic
C01271,Vikram Das,Lucknow,Standard
C01272,Rohan Joshi,Delhi,Standard
C01273,Amit Verma,Chennai,Basic
C01274,Ankit Mishra,Chennai,Standard
C01275,Vikram Malhotra,Chennai,Premium
C01276,Priya Reddy,Hyderabad,Premium
C01277,Nisha Mishra,Lucknow,Standard
C01278,Vikram Verma,Bangalore,Basic
C01279,Rahul Joshi,Ahmedabad,Standard
C01280,Rohan Sinha,Pune,Standard
C01281,Sneha Malhotra,Mumbai,Basic
C01282,Aditya Das,Hyderabad,Standard
C01283,Aditya Malhotra,Hyderabad,Basic
C01284,Karan Joshi,Ahmedabad,Basic
C01285,Ankit Reddy,Chennai,Premium
C01286,Kavya Joshi,Jaipur,Premium
C01287,Rohan Gupta,Ahmedabad,Premium
C01288,Aditya Singh,Jaipur,Premium
C01289,Vikram Sinha,Kolkata,Basic
C01290,Amit Patel,Kolkata,Premium
C01291,Aditya Mishra,Chennai,Standard
C01292,Nisha Sinha,Kolkata,Standard
C01293,Rohan Das,Chennai,Standard
C01294,Kavya Gupta,Ahmedabad,Premium
C01295,Kavya Joshi,Lucknow,Basic
C01296,Pooja Gupta,Ahmedabad,Premium
C01297,Karan Gupta,Pune,Basic
C01298,Rohan Mehta,Mumbai,Premium
C01299,Priya Patel,Kolkata,Standard
C01300,Pooja Sinha,Ahmedabad,Premium
C01301,Ankit Mishra,Bangalore,Premium
C01302,Arjun Verma,Bangalore,Standard
C01303,Vikram Sharma,Mumbai,Standard
C01304,Rohan Patel,Bangalore,Basic
C01305,Nisha Khan,Ahmedabad,Premium
C01306,Priya Das,Pune,Basic
C01307,Sneha Mehta,Pune,Standard
C01308,Sneha Sharma,Mumbai,Basic
C01309,Neha Malhotra,Kolkata,Premium
C01310,Raj Verma,Jaipur,Premium
C01311,Rahul Joshi,Mumbai,Basic
C01312,Aditya Patel,Hyderabad,Basic
C01313,Raj Verma,Chennai,Premium
C01314,Amit Mehta,Jaipur,Basic
C01315,Rohan Khan,Delhi,Premium
C01316,Rohan Singh,Ahmedabad,Basic
C01317,Karan Das,Jaipur,Standard
C01318,Sneha Sinha,Bangalore,Standard
C01319,Raj Kapoor,Kolkata,Premium
C01320,Priya Sinha,Pune,Premium
C01321,Neha Patel,Bangalore,Premium
C01322,Aditya Sharma,Lucknow,Basic
C01323,Priya Gupta,Kolkata,Basic
C01324,Vikram Iyer,Mumbai,Standard
C01325,Raj Joshi,Chennai,Basic
C01326,Pooja Sharma,Lucknow,Premium
C01327,Vikram Gupta,Mumbai,Premium
C01328,Aditya Gupta,Pune,Standard
C01329,Sneha Gupta,Jaipur,Standard
C01330,Arjun Malhotra,Bangalore,Premium
C01331,Aditya Joshi,Mumbai,Standard
C01332,Sneha Joshi,Delhi,Basic
C01333,Karan Singh,Lucknow,Basic
C01334,Aditya Khan,Pune,Premium
C01335,Karan Malhotra,Lucknow,Premium
C01336,Rohan Gupta,Delhi,Standard
C01337,Neha Das,Hyderabad,Standard
C01338,Kavya Reddy,Hyderabad,Standard
C01339,Aditya Mehta,Chennai,Premium
C01340,Rahul Reddy,Ahmedabad,Premium
C01341,Aditya Sinha,Ahmedabad,Standard
C01342,Neha Sharma,Mumbai,Basic
C01343,Amit Sinha,Delhi,Basic
C01344,Vikram Kapoor,Bangalore,Premium
C01345,Nisha Reddy,Delhi,Basic
C01346,Aditya Gupta,Chennai,Basic
C01347,Neha Kapoor,Chennai,Standard
C01348,Arjun Sharma,Delhi,Premium
C01349,Kavya Sharma,Chennai,Standard
C01350,Nisha Joshi,Kolkata,Standard
C01351,Aditya Gupta,Delhi,Premium
C01352,Rahul Mishra,Bangalore,Basic
C01353,Vikram Khan,Kolkata,Standard
C01354,Raj Kapoor,Lucknow,Standard
C01355,Raj Malhotra,Delhi,Standard
C01356,Kavya Verma,Bangalore,Premium
C01357,Sneha Mehta,Ahmedabad,Standard
C01358,Kavya Mehta,Ahmedabad,Standard
C01359,Vikram Sinha,Bangalore,Premium
C01360,Priya Malhotra,Mumbai,Premium
C01361,Amit Mehta,Lucknow,Standard
C01362,Nisha Das,Ahmedabad,Premium
C01363,Pooja Mehta,Kolkata,Basic
C01364,Rahul Mishra,Bangalore,Standard
C01365,Raj Kapoor,Delhi,Standard
C01366,Arjun Sharma,Delhi,Standard
C01367,Vikram Verma,Mumbai,Basic
C01368,Kavya Joshi,Jaipur,Basic
C01369,Pooja Malhotra,Lucknow,Premium
C01370,Vikram Mishra,Kolkata,Basic
C01371,Karan Malhotra,Lucknow,Premium
C01372,Sneha Joshi,Hyderabad,Standard
C01373,Ankit Joshi,Pune,Premium
C01374,Kavya Mishra,Jaipur,Basic
C01375,Rahul Sharma,Bangalore,Basic
C01376,Kavya Kapoor,Ahmedabad,Premium
C01377,Amit Iyer,Ahmedabad,Standard
C01378,Neha Verma,Chennai,Premium
C01379,Karan Patel,Jaipur,Basic
C01380,Sneha Mehta,Hyderabad,Premium
C01381,Arjun Kapoor,Lucknow,Standard
C01382,Amit Mishra,Ahmedabad,Standard
C01383,Ankit Gupta,Ahmedabad,Basic
C01384,Vikram Sharma,Delhi,Standard
C01385,Sneha Sharma,Jaipur,Basic
C01386,Rahul Mishra,Delhi,Basic
C01387,Pooja Joshi,Chennai,Basic
C01388,Karan Patel,Ahmedabad,Standard
C01389,Ankit Mishra,Mumbai,Premium
C01390,Kavya Kapoor,Kolkata,Basic
C01391,Nisha Das,Lucknow,Standard
C01392,Aditya Joshi,Kolkata,Basic
C01393,Arjun Gupta,Delhi,Basic
C01394,Neha Sharma,Kolkata,Standard
C01395,Kavya Joshi,Chennai,Basic
C01396,Karan Verma,Delhi,Premium
C01397,Raj Khan,Ahmedabad,Premium
C01398,Kavya Malhotra,Pune,Premium
C01399,Rohan Das,Hyderabad,Premium
C01400,Amit Sinha,Pune,Premium
C01401,Arjun Mishra,Hyderabad,Basic
C01402,Ankit Gupta,Pune,Premium
C01403,Raj Joshi,Lucknow,Premium
C01404,Nisha Sinha,Ahmedabad,Standard
C01405,Vikram Das,Jaipur,Premium
C01406,Arjun Sharma,Jaipur,Basic
C01407,Rahul Reddy,Pune,Basic
C01408,Arjun Sinha,Jaipur,Premium
C01409,Aditya Das,Bangalore,Basic
C01410,Kavya Khan,Delhi,Standard
C01411,Vikram Das,Lucknow,Standard
C01412,Karan Sinha,Pune,Standard
C01413,Pooja Sinha,Hyderabad,Standard
C01414,Sneha Verma,Chennai,Standard
C01415,Nisha Khan,Bangalore,Standard
C01416,Pooja Malhotra,Jaipur,Standard
C01417,Kavya Malhotra,Jaipur,Standard
C01418,Aditya Malhotra,Jaipur,Basic
C01419,Neha Patel,Hyderabad,Basic
C01420,Aditya Singh,Kolkata,Basic
C01421,Priya Malhotra,Bangalore,Basic
C01422,Karan Malhotra,Kolkata,Basic
C01423,Amit Iyer,Kolkata,Basic
C01424,Arjun Das,Lucknow,Basic
C01425,Aditya Mehta,,Standard
C01426,Raj Mishra,Pune,Premium
C01427,Karan Gupta,Mumbai,Standard
C01428,Priya Sharma,Mumbai,Premium
C01429,Rohan Iyer,Bangalore,Standard
C01430,Vikram Singh,Bangalore,Premium
C01431,Aditya Iyer,Chennai,Premium
C01432,Nisha Reddy,Mumbai,Standard
C01433,Kavya Kapoor,Delhi,Basic
C01434,Kavya Joshi,Jaipur,Premium
C01435,Aditya Joshi,Jaipur,Standard
C01436,Neha Reddy,Chennai,Basic
C01437,Vikram Sharma,Pune,Standard
C01438,Sneha Iyer,Kolkata,Basic
C01439,Rahul Sharma,Chennai,Premium
C01440,Pooja Mishra,Ahmedabad,Premium
C01441,Raj Joshi,Kolkata,Basic
C01442,Karan Malhotra,Lucknow,Premium
C01443,Nisha Malhotra,Hyderabad,Standard
C01444,Arjun Khan,Delhi,Premium
C01445,Priya Malhotra,Jaipur,Premium
C01446,Sneha Sharma,Pune,Standard
C01447,Karan Singh,Bangalore,Premium
C01448,Pooja Mishra,Chennai,Premium
C01449,Ankit Kapoor,Bangalore,Premium
C01450,Priya Sinha,Kolkata,Basic
C01451,Rahul Iyer,Lucknow,Basic
C01452,Rohan Kapoor,Lucknow,Basic
C01453,Ankit Gupta,Kolkata,Basic
C01454,Neha Khan,Jaipur,Premium
C01455,Nisha Reddy,Bangalore,Standard
C01456,Karan Reddy,Pune,Premium
C01457,Ankit Patel,Hyderabad,Basic
C01458,Ankit Verma,Kolkata,Standard
C01459,Neha Iyer,Lucknow,Basic
C01460,Arjun Reddy,Mumbai,Premium
C01461,Vikram Verma,Ahmedabad,Premium
C01462,Raj Joshi,Lucknow,Basic
C01463,Neha Sharma,Kolkata,Standard
C01464,Raj Iyer,Delhi,Standard
C01465,Rohan Reddy,Chennai,Premium
C01466,Raj Reddy,Kolkata,Basic
C01467,Nisha Reddy,Ahmedabad,Standard
C01468,Rahul Singh,Hyderabad,Standard
C01469,Karan Gupta,Delhi,Premium
C01470,Nisha Reddy,Jaipur,Premium
C01471,Vikram Gupta,Hyderabad,Basic
C01472,Vikram Iyer,Hyderabad,Basic
C01473,Sneha Mishra,Delhi,Premium
C01474,Karan Mishra,Pune,Basic
C01475,Kavya Gupta,Bangalore,Premium
C01476,Arjun Malhotra,Kolkata,Premium
C01477,Amit Gupta,Mumbai,Premium
C01478,Nisha Singh,Jaipur,Premium
C01479,Pooja Mishra,Hyderabad,Standard
C01480,Sneha Mehta,Ahmedabad,Basic
C01481,Sneha Mehta,Kolkata,Premium
C01482,Sneha Joshi,Delhi,Basic
C01483,Rahul Joshi,Lucknow,Premium
C01484,Nisha Malhotra,Lucknow,Premium
C01485,Aditya Mishra,Delhi,Standard
C01486,Raj Reddy,Delhi,Standard
C01487,Nisha Joshi,Chennai,Basic
C01488,Amit Singh,Ahmedabad,Standard
C01489,Sneha Mishra,Mumbai,Standard
C01490,Priya Reddy,Hyderabad,Premium
C01491,Aditya Mehta,Jaipur,Standard
C01492,Vikram Khan,Chennai,Basic
C01493,Raj Sinha,Kolkata,Premium
C01494,Karan Mishra,Jaipur,Premium
C01495,Amit Sharma,Mumbai,Basic
C01496,Pooja Mehta,Jaipur,Basic
C01497,Amit Singh,Hyderabad,Basic
C01498,Aditya Sinha,Kolkata,Premium
C01499,Sneha Sinha,Jaipur,Premium
C01500,Priya Khan,Hyderabad,Basic
C01501,Kavya Singh,Hyderabad,Premium
C01502,Priya Joshi,Lucknow,Premium
C01503,Kavya Iyer,Jaipur,Standard
C01504,Vikram Reddy,Delhi,Standard
C01505,Vikram Gupta,Chennai,Premium
C01506,Neha Malhotra,Lucknow,Standard
C01507,Ankit Verma,Bangalore,Basic
C01508,Vikram Patel,Delhi,Standard
C01509,Pooja Gupta,Hyderabad,Standard
C01510,Arjun Kapoor,Kolkata,Basic
C01511,Vikram Singh,Lucknow,Premium
C01512,Pooja Das,Kolkata,Standard
C01513,Sneha Khan,Mumbai,Standard
C01514,Neha Iyer,Hyderabad,Basic
C01515,Aditya Joshi,Pune,Standard
C01516,Kavya Verma,Bangalore,Basic
C01517,Aditya Verma,Ahmedabad,Standard
C01518,Arjun Verma,Chennai,Standard
C01519,Karan Gupta,Bangalore,Basic
C01520,Pooja Gupta,Chennai,
C01521,Raj Reddy,Hyderabad,Standard
C01522,Aditya Sinha,Delhi,Basic
C01523,Amit Sinha,Mumbai,Basic
C01524,Vikram Sharma,Lucknow,Basic
C01525,Sneha Iyer,Lucknow,Premium
C01526,Raj Sharma,Jaipur,Standard
C01527,Karan Sinha,Jaipur,Standard
C01528,Vikram Iyer,Bangalore,Standard
C01529,Sneha Patel,Lucknow,Basic
C01530,Kavya Singh,Bangalore,Standard
C01531,Karan Reddy,Delhi,Standard
C01532,Ankit Reddy,Mumbai,Basic
C01533,Neha Mishra,Lucknow,Basic
C01534,Priya Iyer,Jaipur,Premium
C01535,Arjun Khan,Bangalore,Basic
C01536,Pooja Joshi,,Basic
C01537,Aditya Kapoor,Kolkata,Premium
C01538,Neha Iyer,Ahmedabad,Premium
C01539,Amit Singh,Kolkata,Premium
C01540,Rahul Joshi,Hyderabad,Basic
C01541,Raj Iyer,Kolkata,Standard
C01542,Arjun Sinha,Ahmedabad,Premium
C01543,Rahul Joshi,Kolkata,Premium
C01544,Aditya Reddy,Chennai,Basic
C01545,Rohan Das,Jaipur,Basic
C01546,Priya Mehta,Pune,Standard
C01547,Pooja Joshi,Delhi,Basic
C01548,Rohan Mehta,Hyderabad,Basic
C01549,Sneha Verma,Kolkata,Standard
C01550,Nisha Kapoor,Lucknow,Premium
C01551,Karan Sinha,Bangalore,Standard
C01552,Priya Patel,Delhi,Basic
C01553,Vikram Singh,Hyderabad,Premium
C01554,Priya Khan,Kolkata,Basic
C01555,Aditya Mishra,Delhi,Basic
C01556,Neha Mehta,Kolkata,Basic
C01557,Amit Kapoor,Ahmedabad,Standard
C01558,Neha Das,Bangalore,Basic
C01559,Kavya Mehta,Mumbai,Premium
C01560,Rahul Khan,Lucknow,Basic
C01561,Priya Khan,Jaipur,Premium
C01562,Raj Das,Bangalore,Premium
C01563,Priya Singh,Bangalore,Basic
C01564,Sneha Das,Lucknow,Basic
C01565,Rahul Sinha,Chennai,Premium
C01566,Neha Kapoor,Lucknow,Standard
C01567,Kavya Kapoor,Bangalore,Premium
C01568,Kavya Mehta,Lucknow,Premium
C01569,Nisha Das,Bangalore,Basic
C01570,Vikram Reddy,Chennai,Premium
C01571,Aditya Joshi,Kolkata,Standard
C01572,Pooja Das,Delhi,Premium
C01573,Sneha Mehta,Bangalore,Premium
C01574,Rahul Patel,Jaipur,Basic
C01575,Vikram Mehta,Bangalore,Basic
C01576,Amit Khan,Ahmedabad,Basic
C01577,Pooja Sharma,Jaipur,Basic
C01578,Nisha Gupta,Delhi,Standard
C01579,Vikram Khan,Lucknow,Basic
C01580,Kavya Sharma,Pune,Basic
C01581,Sneha Verma,Mumbai,Basic
C01582,Karan Mehta,Hyderabad,Standard
C01583,Nisha Iyer,Pune,Standard
C01584,Pooja Iyer,Lucknow,Premium
C01585,Sneha Khan,Chennai,
C01586,Nisha Patel,Delhi,Standard
C01587,Pooja Sinha,Jaipur,Standard
C01588,Rohan Patel,Mumbai,Basic
C01589,Aditya Iyer,Mumbai,Basic
C01590,Karan Gupta,Jaipur,Premium
C01591,Sneha Joshi,Hyderabad,Basic
C01592,Nisha Verma,Pune,Standard
C01593,Amit Khan,Pune,Basic
C01594,Pooja Singh,Chennai,Basic
C01595,Sneha Das,Kolkata,Basic
C01596,Rohan Joshi,Pune,Premium
C01597,Sneha Reddy,Jaipur,Standard
C01598,Priya Verma,Jaipur,Basic
C01599,Arjun Singh,Chennai,Basic
C01600,Ankit Iyer,Pune,Basic
C01601,Priya Mishra,Delhi,Basic
C01602,Neha Kapoor,Bangalore,Premium
C01603,Neha Reddy,Pune,Standard
C01604,Nisha Reddy,Lucknow,Basic
C01605,Vikram Malhotra,Mumbai,Premium
C01606,Sneha Joshi,Mumbai,Premium
C01607,Kavya Khan,Ahmedabad,Basic
C01608,Sneha Gupta,Delhi,Standard
C01609,Neha Verma,Delhi,Basic
C01610,Rahul Malhotra,Pune,Standard
C01611,Pooja Joshi,Jaipur,Standard
C01612,Aditya Das,Mumbai,Premium
C01613,Vikram Kapoor,Ahmedabad,Premium
C01614,Neha Mishra,Jaipur,Standard
C01615,Neha Sharma,Lucknow,Basic
C01616,Karan Malhotra,Hyderabad,Basic
C01617,Priya Joshi,Mumbai,Standard
C01618,Neha Joshi,Mumbai,Premium
C01619,Amit Singh,Pune,Standard
C01620,Vikram Mehta,Pune,Basic
C01621,Neha Reddy,Mumbai,Basic
C01622,Aditya Gupta,Delhi,Basic
C01623,Rohan Malhotra,Jaipur,Basic
C01624,Ankit Verma,Chennai,Premium
C01625,Pooja Patel,Ahmedabad,Standard
C01626,Pooja Sharma,Chennai,Premium
C01627,Sneha Reddy,Delhi,Basic
C01628,Amit Reddy,Chennai,Standard
C01629,Amit Iyer,Jaipur,Standard
C01630,Raj Reddy,Lucknow,Standard
C01631,Aditya Kapoor,Pune,Basic
C01632,Arjun Iyer,Hyderabad,Standard
C01633,Nisha Kapoor,Ahmedabad,Basic
C01634,Kavya Sharma,Ahmedabad,Premium
C01635,Rohan Gupta,Pune,Basic
C01636,Nisha Patel,Hyderabad,Standard
C01637,Sneha Verma,Jaipur,Basic
C01638,Rahul Malhotra,Chennai,Premium
C01639,Rohan Gupta,Pune,Basic
C01640,Aditya Mishra,Kolkata,Premium
C01641,Karan Sinha,Bangalore,Standard
C01642,Ankit Verma,Hyderabad,Basic
C01643,Rohan Khan,Hyderabad,Standard
C01644,Aditya Patel,Hyderabad,Basic
C01645,Neha Mishra,Chennai,Premium
C01646,Neha Patel,Hyderabad,Basic
C01647,Ankit Khan,Delhi,Premium
C01648,Raj Gupta,Ahmedabad,Basic
C01649,Rahul Iyer,Jaipur,Premium
C01650,Kavya Kapoor,Kolkata,Basic
C01651,Ankit Kapoor,Lucknow,Standard
C01652,Arjun Khan,Jaipur,Standard
C01653,Sneha Patel,Lucknow,Premium
C01654,Rahul Reddy,Pune,Standard
C01655,Karan Sharma,Jaipur,Standard
C01656,Sneha Mishra,Bangalore,Standard
C01657,Amit Malhotra,Jaipur,Standard
C01658,Ankit Malhotra,Mumbai,Premium
C01659,Vikram Patel,Pune,Basic
C01660,Amit Verma,Kolkata,Basic
C01661,Kavya Singh,Bangalore,Basic
C01662,Rohan Patel,Chennai,Standard
C01663,Pooja Verma,Kolkata,Premium
C01664,Arjun Mehta,Hyderabad,Standard
C01665,Aditya Iyer,Kolkata,Standard
C01666,Kavya Mehta,Chennai,Standard
C01667,Priya Das,Bangalore,Basic
C01668,Vikram Patel,Delhi,Basic
C01669,Rohan Iyer,Hyderabad,Basic
C01670,Sneha Mishra,Pune,Premium
C01671,Priya Iyer,Bangalore,Standard
C01672,Nisha Sharma,Bangalore,Standard
C01673,Arjun Khan,Jaipur,Basic
C01674,Aditya Verma,Ahmedabad,Standard
C01675,Rohan Reddy,Lucknow,
C01676,Sneha Gupta,Bangalore,Premium
C01677,Neha Mishra,Chennai,Standard
C01678,Kavya Joshi,Delhi,Standard
C01679,Aditya Verma,Chennai,Standard
C01680,Ankit Reddy,,Standard
C01681,Ankit Sharma,Pune,Premium
C01682,Ankit Mishra,Lucknow,Premium
C01683,Pooja Das,Jaipur,Premium
C01684,Nisha Singh,Kolkata,Standard
C01685,Vikram Reddy,Ahmedabad,Basic
C01686,Arjun Sinha,Delhi,Standard
C01687,Pooja Singh,Ahmedabad,Basic
C01688,Priya Mishra,Bangalore,Basic
C01689,Nisha Sinha,Kolkata,Standard
C01690,Vikram Das,Lucknow,Standard
C01691,Kavya Sinha,Delhi,Premium
C01692,Priya Verma,Hyderabad,Standard
C01693,Ankit Joshi,Chennai,Basic
C01694,Rohan Das,Pune,Standard
C01695,Raj Kapoor,Kolkata,Basic
C01696,Pooja Reddy,Ahmedabad,Standard
C01697,Priya Khan,Mumbai,Premium
C01698,Aditya Patel,Chennai,Basic
C01699,Aditya Malhotra,Delhi,Premium
C01700,Priya Mehta,Delhi,Premium
C01701,Amit Sinha,Ahmedabad,Basic
C01702,Rahul Sharma,Pune,Basic
C01703,Nisha Gupta,Delhi,Standard
C01704,Pooja Khan,Delhi,Basic
C01705,Raj Sinha,Pune,Standard
C01706,Neha Patel,Chennai,Standard
C01707,Vikram Khan,Bangalore,Basic
C01708,Kavya Khan,Mumbai,Premium
C01709,Vikram Verma,Kolkata,Standard
C01710,Arjun Mishra,Jaipur,Standard
C01711,Karan Kapoor,Bangalore,Basic
C01712,Karan Khan,Lucknow,Basic
C01713,Arjun Joshi,Lucknow,Standard
C01714,Karan Joshi,Jaipur,Standard
C01715,Raj Verma,Ahmedabad,Basic
C01716,Neha Iyer,Delhi,Standard
C01717,Rohan Verma,Pune,Standard
C01718,Priya Singh,Mumbai,Premium
C01719,Karan Mishra,Bangalore,Standard
C01720,Rohan Kapoor,Jaipur,Premium
C01721,Aditya Sinha,Ahmedabad,Standard
C01722,Rohan Sharma,Pune,Standard
C01723,Pooja Patel,Mumbai,Basic
C01724,Ankit Patel,Pune,Basic
C01725,Sneha Mehta,Hyderabad,Premium
C01726,Aditya Malhotra,Pune,Standard
C01727,Neha Singh,Delhi,Standard
C01728,Vikram Patel,Jaipur,Basic
C01729,Nisha Malhotra,Chennai,Standard
C01730,Vikram Malhotra,Jaipur,Standard
C01731,Sneha Patel,Delhi,Premium
C01732,Priya Singh,Delhi,Basic
C01733,Arjun Das,Ahmedabad,Standard
C01734,Aditya Das,Ahmedabad,Premium
C01735,Ankit Sharma,Bangalore,Premium
C01736,Karan Sharma,Bangalore,Premium
C01737,Rohan Singh,Bangalore,Basic
C01738,Arjun Malhotra,Mumbai,Premium
C01739,Amit Khan,Mumbai,Standard
C01740,Neha Verma,Pune,Standard
C01741,Nisha Iyer,Ahmedabad,Standard
C01742,Arjun Malhotra,Mumbai,Standard
C01743,Amit Mishra,Bangalore,Premium
C01744,Rohan Iyer,Pune,Premium
C01745,Karan Kapoor,Bangalore,Premium
C01746,Raj Mishra,Chennai,Standard
C01747,Kavya Sharma,Delhi,Basic
C01748,Neha Mehta,Ahmedabad,Premium
C01749,Aditya Sharma,Hyderabad,Standard
C01750,Aditya Iyer,Delhi,Basic
C01751,Vikram Patel,Ahmedabad,Standard
C01752,Vikram Singh,Kolkata,Premium
C01753,Vikram Malhotra,Mumbai,Basic
C01754,Raj Reddy,Jaipur,Premium
C01755,Rohan Kapoor,Chennai,Premium
C01756,Ankit Sinha,Mumbai,Basic
C01757,Neha Gupta,Hyderabad,Basic
C01758,Sneha Verma,Mumbai,Premium
C01759,Nisha Singh,Lucknow,Premium
C01760,Sneha Iyer,Hyderabad,Premium
C01761,Rahul Das,Ahmedabad,Basic
C01762,Pooja Khan,Kolkata,Premium
C01763,Neha Khan,Ahmedabad,Premium
C01764,Vikram Das,Kolkata,Basic
C01765,Rahul Sharma,Kolkata,Basic
C01766,Priya Malhotra,Jaipur,Premium
C01767,Priya Kapoor,Hyderabad,Standard
C01768,Karan Iyer,Kolkata,Standard
C01769,Aditya Patel,Mumbai,Basic
C01770,Sneha Verma,Bangalore,Standard
C01771,Raj Sharma,Ahmedabad,Basic
C01772,Arjun Reddy,Chennai,Basic
C01773,Aditya Kapoor,Hyderabad,Basic
C01774,Priya Reddy,Kolkata,Standard
C01775,Aditya Kapoor,Chennai,Basic
C01776,Raj Mishra,Jaipur,Premium
C01777,Amit Reddy,Bangalore,Standard
C01778,Rohan Mishra,Chennai,Basic
C01779,Ankit Kapoor,Mumbai,Basic
C01780,Karan Mehta,Bangalore,Premium
C01781,Pooja Mishra,Kolkata,Basic
C01782,Neha Verma,Delhi,Basic
C01783,Karan Mishra,Pune,Premium
C01784,Karan Joshi,Ahmedabad,Basic
C01785,Priya Das,Chennai,Standard
C01786,Sneha Joshi,Kolkata,Premium
C01787,Amit Reddy,Delhi,Premium
C01788,Kavya Khan,Bangalore,Premium
C01789,Neha Gupta,Ahmedabad,Premium
C01790,Amit Sharma,Lucknow,Basic
C01791,Kavya Mehta,Ahmedabad,Basic
C01792,Pooja Malhotra,Lucknow,Standard
C01793,Rahul Verma,Hyderabad,Basic
C01794,Aditya Gupta,Mumbai,Premium
C01795,Vikram Kapoor,Delhi,Standard
C01796,Nisha Joshi,Mumbai,Standard
C01797,Karan Malhotra,Pune,Standard
C01798,Nisha Malhotra,Mumbai,Basic
C01799,Rohan Reddy,Mumbai,Basic
C01800,Amit Mishra,Chennai,Premium
C01801,Neha Reddy,Delhi,Premium
C01802,Aditya Patel,Jaipur,Standard
C01803,Neha Patel,Jaipur,Basic
C01804,Neha Das,Bangalore,Basic
C01805,Aditya Reddy,Pune,Basic
C01806,Amit Iyer,Lucknow,Standard
C01807,Vikram Kapoor,Pune,Premium
C01808,Priya Iyer,Bangalore,Basic
C01809,Sneha Reddy,Kolkata,Basic
C01810,Priya Reddy,Lucknow,Standard
C01811,Raj Verma,Kolkata,Basic
C01812,Ankit Mishra,Kolkata,Standard
C01813,Nisha Joshi,Pune,Basic
C01814,Ankit Das,Hyderabad,Basic
C01815,Karan Patel,Pune,Basic
C01816,Raj Malhotra,Chennai,Standard
C01817,Arjun Kapoor,Pune,Premium
C01818,Aditya Sharma,Chennai,Basic
C01819,Rahul Reddy,Bangalore,Standard
C01820,Rahul Singh,Hyderabad,Premium
C01821,Kavya Verma,Mumbai,Basic
C01822,Kavya Singh,Jaipur,Basic
C01823,Karan Das,Lucknow,Premium
C01824,Amit Sharma,Ahmedabad,Standard
C01825,Priya Khan,,Standard
C01826,Raj Das,Hyderabad,Premium
C01827,Rohan Iyer,Chennai,Premium
C01828,Pooja Mehta,Lucknow,Premium
C01829,Aditya Gupta,Kolkata,Standard
C01830,Priya Kapoor,Lucknow,Premium
C01831,Pooja Joshi,Chennai,Premium
C01832,Aditya Iyer,Lucknow,Standard
C01833,Amit Iyer,Mumbai,Standard
C01834,Ankit Sinha,Pune,Standard
C01835,Raj Mishra,Delhi,Premium
C01836,Aditya Joshi,Lucknow,Premium
C01837,Vikram Iyer,Pune,Premium
C01838,Rohan Reddy,Mumbai,Standard
C01839,Karan Das,Bangalore,Standard
C01840,Karan Malhotra,Hyderabad,Premium
C01841,Rahul Joshi,Pune,Standard
C01842,Nisha Das,Lucknow,Basic
C01843,Amit Patel,Pune,Standard
C01844,Nisha Mehta,Bangalore,Premium
C01845,Ankit Gupta,Ahmedabad,Basic
C01846,Aditya Sharma,Jaipur,Standard
C01847,Rohan Gupta,Pune,Basic
C01848,Sneha Iyer,Bangalore,Premium
C01849,Arjun Reddy,Hyderabad,Standard
C01850,Sneha Joshi,Lucknow,Premium
C01851,Karan Das,Jaipur,Premium
C01852,Neha Gupta,Chennai,Standard
C01853,Ankit Joshi,Lucknow,Premium
C01854,Amit Joshi,Pune,Standard
C01855,Ankit Verma,Hyderabad,Standard
C01856,Ankit Das,Mumbai,Standard
C01857,Priya Verma,Lucknow,Standard
C01858,Pooja Khan,Ahmedabad,Premium
C01859,Raj Mishra,Hyderabad,Premium
C01860,Vikram Verma,Bangalore,Basic
C01861,Kavya Gupta,Delhi,Basic
C01862,Rahul Patel,Lucknow,Premium
C01863,Kavya Mishra,Chennai,Premium
C01864,Ankit Malhotra,Delhi,Standard
C01865,Arjun Kapoor,Mumbai,Standard
C01866,Neha Malhotra,Jaipur,Premium
C01867,Neha Reddy,Jaipur,Standard
C01868,Karan Kapoor,Lucknow,Basic
C01869,Priya Malhotra,Mumbai,Standard
C01870,Pooja Sinha,Jaipur,Premium
C01871,Rohan Khan,Mumbai,Standard
C01872,Neha Iyer,Lucknow,Standard
C01873,Rahul Kapoor,Mumbai,Premium
C01874,Sneha Joshi,Chennai,Basic
C01875,Kavya Sinha,Kolkata,Premium
C01876,Rahul Singh,Pune,Premium
C01877,Sneha Reddy,Delhi,Standard
C01878,Arjun Mishra,Lucknow,Basic
C01879,Amit Khan,Hyderabad,Basic
C01880,Arjun Reddy,Mumbai,Premium
C01881,Neha Sinha,Jaipur,Standard
C01882,Ankit Kapoor,Pune,Basic
C01883,Priya Sharma,Kolkata,Basic
C01884,Ankit Verma,Chennai,Premium
C01885,Karan Singh,Mumbai,Basic
C01886,Rohan Sinha,Pune,Premium
C01887,Karan Singh,Hyderabad,Premium
C01888,Ankit Sinha,Pune,Basic
C01889,Priya Gupta,Pune,Basic
C01890,Vikram Das,Hyderabad,Standard
C01891,Neha Das,Bangalore,Standard
C01892,Rohan Sinha,Lucknow,Standard
C01893,Arjun Reddy,Bangalore,Premium
C01894,Vikram Khan,Lucknow,Basic
C01895,Vikram Iyer,Hyderabad,Premium
C01896,Rohan Malhotra,Jaipur,Premium
C01897,Sneha Sinha,Bangalore,Basic
C01898,Raj Das,Bangalore,Standard
C01899,Amit Reddy,Jaipur,Basic
C01900,Amit Khan,Kolkata,Premium
C01901,Aditya Sharma,Kolkata,Standard
C01902,Sneha Singh,Ahmedabad,Basic
C01903,Raj Mishra,Chennai,Premium
C01904,Nisha Patel,Delhi,Premium
C01905,Priya Sharma,Lucknow,Basic
C01906,Rohan Das,Lucknow,Basic
C01907,Neha Das,Hyderabad,Premium
C01908,Vikram Sharma,Kolkata,Premium
C01909,Aditya Iyer,Ahmedabad,Premium
C01910,Karan Mishra,Lucknow,Standard
C01911,Aditya Joshi,Kolkata,Premium
C01912,Kavya Mehta,Ahmedabad,Standard
C01913,Priya Khan,Hyderabad,Premium
C01914,Rahul Mehta,Mumbai,Standard
C01915,Sneha Patel,Hyderabad,Premium
C01916,Amit Khan,Ahmedabad,Basic
C01917,Arjun Malhotra,Kolkata,Standard
C01918,Raj Patel,Pune,Standard
C01919,Nisha Sharma,Lucknow,Basic
C01920,Kavya Mehta,Kolkata,Standard
C01921,Pooja Malhotra,Lucknow,Basic
C01922,Karan Reddy,Mumbai,Basic
C01923,Amit Kapoor,Ahmedabad,Premium
C01924,Raj Patel,Jaipur,Basic
C01925,Sneha Malhotra,Mumbai,Basic
C01926,Sneha Reddy,Mumbai,Premium
C01927,Rohan Kapoor,Pune,Standard
C01928,Nisha Mishra,Chennai,Standard
C01929,Priya Mehta,Chennai,Basic
C01930,Raj Sharma,Jaipur,Premium
C01931,Arjun Mishra,Ahmedabad,Premium
C01932,Aditya Reddy,Delhi,Premium
C01933,Nisha Das,Jaipur,Premium
C01934,Sneha Mehta,Kolkata,Standard
C01935,Rahul Khan,Ahmedabad,Basic
C01936,Raj Malhotra,Hyderabad,Standard
C01937,Amit Singh,Kolkata,Basic
C01938,Vikram Sinha,Bangalore,Basic
C01939,Aditya Gupta,Delhi,Premium
C01940,Aditya Kapoor,Kolkata,Premium
C01941,Karan Malhotra,Pune,Basic
C01942,Nisha Reddy,Lucknow,Premium
C01943,Sneha Reddy,Pune,Premium
C01944,Nisha Khan,Kolkata,Basic
C01945,Kavya Joshi,Bangalore,Premium
C01946,Kavya Khan,Bangalore,Basic
C01947,Rahul Mehta,Chennai,Standard
C01948,Aditya Iyer,Ahmedabad,Standard
C01949,Vikram Khan,Delhi,Premium
C01950,Neha Sharma,Lucknow,Standard
C01951,Rahul Kapoor,Ahmedabad,Standard
C01952,Karan Iyer,Mumbai,Basic
C01953,Raj Kapoor,Hyderabad,Premium
C01954,Pooja Joshi,Ahmedabad,Standard
C01955,Sneha Kapoor,Delhi,Basic
C01956,Pooja Sharma,Hyderabad,Basic
C01957,Rohan Das,Jaipur,Premium
C01958,Rahul Khan,Bangalore,Premium
C01959,Vikram Verma,Mumbai,Premium
C01960,Kavya Sharma,Lucknow,Basic
C01961,Rohan Verma,Delhi,Premium
C01962,Amit Mehta,Bangalore,Premium
C01963,Vikram Singh,Lucknow,Basic
C01964,Aditya Malhotra,Lucknow,Basic
C01965,Nisha Reddy,Bangalore,Standard
C01966,Aditya Das,Kolkata,Premium
C01967,Amit Iyer,Chennai,Standard
C01968,Ankit Sinha,Pune,Premium
C01969,Nisha Mehta,Jaipur,Premium
C01970,Rohan Kapoor,Bangalore,Premium
C01971,Aditya Mishra,Chennai,Standard
C01972,Karan Mehta,Jaipur,Premium
C01973,Aditya Patel,Lucknow,Premium
C01974,Amit Das,Jaipur,Premium
C01975,Arjun Malhotra,Lucknow,Basic
C01976,Rohan Mehta,Lucknow,Standard
C01977,Rohan Reddy,Lucknow,Basic
C01978,Ankit Sinha,Bangalore,Basic
C01979,Pooja Kapoor,Jaipur,Basic
C01980,Vikram Kapoor,Ahmedabad,Premium
C01981,Raj Das,Hyderabad,Basic
C01982,Rohan Patel,Mumbai,Premium
C01983,Rahul Kapoor,Delhi,Basic
C01984,Kavya Patel,Lucknow,Standard
C01985,Sneha Sharma,Kolkata,Standard
C01986,Karan Iyer,Hyderabad,Premium
C01987,Vikram Patel,Chennai,Standard
C01988,Nisha Gupta,Chennai,Standard
C01989,Karan Reddy,Kolkata,Premium
C01990,Amit Joshi,Kolkata,Standard
C01991,Sneha Malhotra,Lucknow,Basic
C01992,Rahul Mishra,Bangalore,Premium
C01993,Ankit Mishra,Kolkata,Basic
C01994,Arjun Sinha,Ahmedabad,Premium
C01995,Vikram Khan,Ahmedabad,Premium
C01996,Vikram Kapoor,Jaipur,Standard
C01997,Arjun Iyer,Pune,Basic
C01998,Rahul Mishra,Jaipur,Standard
C01999,Pooja Malhotra,Kolkata,Basic
C02000,Karan Sharma,Hyderabad,Basic
C02001,Vikram Verma,Kolkata,Premium
C02002,Priya Singh,Mumbai,Standard
C02003,Sneha Joshi,Jaipur,Premium
C02004,Pooja Das,Pune,Premium
C02005,Pooja Gupta,Chennai,Basic
C02006,Kavya Verma,Mumbai,Standard
C02007,Sneha Gupta,Ahmedabad,Premium
C02008,Ankit Kapoor,Chennai,Premium
C02009,Karan Singh,Bangalore,Premium
C02010,Ankit Iyer,Mumbai,Premium
C02011,Raj Gupta,Ahmedabad,Basic
C02012,Rahul Iyer,Ahmedabad,Basic
C02013,Priya Patel,Kolkata,Standard
C02014,Aditya Mishra,Jaipur,Standard
C02015,Nisha Verma,Bangalore,Premium
C02016,Kavya Reddy,Bangalore,Premium
C02017,Aditya Sharma,Ahmedabad,Standard
C02018,Aditya Mishra,Jaipur,Premium
C02019,Rahul Singh,Mumbai,Basic
C02020,Kavya Das,Delhi,Standard
C02021,Arjun Sinha,Mumbai,Premium
C02022,Karan Iyer,Chennai,Premium
C02023,Pooja Iyer,Chennai,Basic
C02024,Raj Patel,Kolkata,Premium
C02025,Neha Singh,Chennai,Basic
C02026,Ankit Iyer,Ahmedabad,Basic
C02027,Amit Singh,Bangalore,Premium
C02028,Rohan Gupta,Mumbai,Basic
C02029,Karan Reddy,Delhi,Premium
C02030,Karan Verma,Jaipur,Standard
C02031,Rohan Khan,Chennai,Basic
C02032,Neha Khan,Delhi,Standard
C02033,Pooja Sinha,Kolkata,Basic
C02034,Arjun Sharma,Bangalore,Premium
C02035,Arjun Sinha,Mumbai,Premium
C02036,Sneha Sharma,Delhi,Standard
C02037,Sneha Khan,Lucknow,Basic
C02038,Vikram Mishra,Ahmedabad,Basic
C02039,Ankit Singh,Kolkata,Premium
C02040,Aditya Iyer,Jaipur,Premium
C02041,Raj Iyer,Ahmedabad,Basic
C02042,Priya Gupta,Ahmedabad,Premium
C02043,Arjun Singh,Ahmedabad,Standard
C02044,Neha Patel,Bangalore,Basic
C02045,Rohan Sinha,Kolkata,Standard
C02046,Priya Malhotra,Kolkata,Standard
C02047,Arjun Kapoor,Mumbai,Premium
C02048,Arjun Gupta,Kolkata,Standard
C02049,Arjun Mishra,Bangalore,Standard
C02050,Nisha Verma,Lucknow,Basic
C02051,Priya Reddy,Delhi,Standard
C02052,Kavya Malhotra,Delhi,Standard
C02053,Karan Joshi,Delhi,Standard
C02054,Karan Kapoor,Pune,Basic
C02055,Sneha Patel,Lucknow,Premium
C02056,Karan Khan,Ahmedabad,Standard
C02057,Amit Verma,Hyderabad,Basic
C02058,Pooja Mehta,Pune,Basic
C02059,Nisha Verma,Jaipur,Basic
C02060,Neha Khan,Delhi,Basic
C02061,Raj Malhotra,Lucknow,Standard
C02062,Amit Das,Lucknow,Standard
C02063,Ankit Reddy,Delhi,Standard
C02064,Priya Singh,Pune,Premium
C02065,Pooja Gupta,Lucknow,Standard
C02066,Ankit Kapoor,Mumbai,Premium
C02067,Neha Mishra,Bangalore,Basic
C02068,Raj Iyer,Mumbai,Premium
C02069,Vikram Khan,Ahmedabad,Basic
C02070,Rohan Mehta,Lucknow,Basic
C02071,Arjun Patel,Hyderabad,Basic
C02072,Raj Verma,Chennai,Basic
C02073,Nisha Sinha,Chennai,Standard
C02074,Aditya Sinha,Kolkata,Premium
C02075,Pooja Sharma,Lucknow,Basic
C02076,Sneha Mishra,Bangalore,Standard
C02077,Rahul Verma,Jaipur,Premium
C02078,Rahul Malhotra,Jaipur,Standard
C02079,Amit Mishra,Chennai,Premium
C02080,Neha Mehta,Lucknow,Standard
C02081,Vikram Verma,Pune,Standard
C02082,Sneha Mehta,Jaipur,Premium
C02083,Vikram Khan,Ahmedabad,Premium
C02084,Neha Reddy,Pune,Standard
C02085,Kavya Mehta,Bangalore,Standard
C02086,Kavya Joshi,Bangalore,Premium
C02087,Rahul Gupta,Mumbai,Premium
C02088,Aditya Sinha,Ahmedabad,Basic
C02089,Sneha Khan,Delhi,Premium
C02090,Vikram Iyer,Pune,Standard
C02091,Raj Iyer,Lucknow,Standard
C02092,Pooja Khan,Ahmedabad,Basic
C02093,Sneha Reddy,Ahmedabad,Standard
C02094,Ankit Patel,Bangalore,Standard
C02095,Pooja Sharma,Lucknow,Standard
C02096,Kavya Malhotra,Hyderabad,Basic
C02097,Karan Singh,Pune,Basic
C02098,Pooja Verma,Mumbai,Premium
C02099,Pooja Kapoor,Kolkata,Premium
C02100,Pooja Kapoor,Delhi,Premium
C02101,Aditya Malhotra,Jaipur,Standard
C02102,Arjun Reddy,Delhi,Basic
C02103,Raj Das,Delhi,Premium
C02104,Arjun Joshi,Delhi,Basic
C02105,Vikram Reddy,Lucknow,Standard
C02106,Pooja Sharma,Kolkata,Basic
C02107,Nisha Sharma,Ahmedabad,Standard
C02108,Karan Sinha,Ahmedabad,Basic
C02109,Aditya Verma,Pune,Standard
C02110,Nisha Singh,Chennai,Premium
C02111,Rahul Malhotra,Lucknow,Basic
C02112,Rohan Malhotra,Lucknow,Standard
C02113,Rahul Joshi,Ahmedabad,Basic
C02114,Priya Das,Mumbai,Basic
C02115,Rohan Iyer,Lucknow,Premium
C02116,Rohan Kapoor,Delhi,Premium
C02117,Karan Gupta,Chennai,Standard
C02118,Priya Das,Chennai,Standard
C02119,Kavya Singh,Mumbai,Basic
C02120,Amit Das,Bangalore,Basic
C02121,Aditya Khan,Ahmedabad,Standard
C02122,Nisha Khan,Chennai,Basic
C02123,Neha Kapoor,Bangalore,Basic
C02124,Kavya Sharma,Kolkata,Premium
C02125,Priya Das,Bangalore,Standard
C02126,Nisha Mehta,Pune,Premium
C02127,Vikram Kapoor,Bangalore,Premium
C02128,Pooja Malhotra,Kolkata,Premium
C02129,Vikram Singh,Delhi,Premium
C02130,Priya Kapoor,Pune,Standard
C02131,Rohan Kapoor,Jaipur,Premium
C02132,Sneha Joshi,Pune,Standard
C02133,Rohan Khan,Jaipur,Standard
C02134,Rahul Singh,Ahmedabad,Standard
C02135,Vikram Verma,Jaipur,Basic
C02136,Rahul Gupta,Jaipur,Basic
C02137,Ankit Mishra,Pune,Basic
C02138,Raj Joshi,Chennai,Standard
C02139,Rohan Singh,Delhi,Standard
C02140,Vikram Das,Pune,Standard
C02141,Nisha Joshi,Hyderabad,Basic
C02142,Vikram Das,Hyderabad,Basic
C02143,Ankit Joshi,Bangalore,Standard
C02144,Karan Sharma,Mumbai,Premium
C02145,Rahul Mehta,Delhi,Basic
C02146,Amit Joshi,Ahmedabad,Standard
C02147,Neha Malhotra,Chennai,Standard
C02148,Neha Sharma,Mumbai,Basic
C02149,Amit Sharma,Lucknow,Basic
C02150,Raj Mishra,Hyderabad,Basic
C02151,Vikram Gupta,Delhi,Premium
C02152,Kavya Das,Bangalore,Standard
C02153,Vikram Iyer,Lucknow,Premium
C02154,Raj Gupta,Bangalore,Standard
C02155,Rohan Kapoor,Delhi,Basic
C02156,Arjun Sinha,Chennai,Standard
C02157,Aditya Sinha,Kolkata,Standard
C02158,Priya Iyer,Delhi,Standard
C02159,Nisha Sharma,Pune,Standard
C02160,Ankit Sharma,Chennai,Standard
C02161,Priya Kapoor,Delhi,Standard
C02162,Raj Patel,Lucknow,Standard
C02163,Priya Joshi,Ahmedabad,Premium
C02164,Priya Reddy,Pune,Premium
C02165,Pooja Joshi,Delhi,Standard
C02166,Aditya Singh,Delhi,Premium
C02167,Amit Gupta,Lucknow,Basic
C02168,Rohan Iyer,Ahmedabad,Premium
C02169,Raj Kapoor,Bangalore,Basic
C02170,Vikram Sharma,Mumbai,Basic
C02171,Sneha Singh,Bangalore,Basic
C02172,Ankit Sinha,Pune,Basic
C02173,Rahul Reddy,Ahmedabad,Standard
C02174,Sneha Mehta,Delhi,Basic
C02175,Neha Sharma,Pune,Basic
C02176,Kavya Iyer,Ahmedabad,Premium
C02177,Pooja Reddy,Kolkata,Standard
C02178,Vikram Singh,Pune,Premium
C02179,Vikram Joshi,Delhi,Standard
C02180,Karan Mishra,Kolkata,Premium
C02181,Kavya Kapoor,Chennai,Basic
C02182,Neha Khan,Jaipur,Premium
C02183,Sneha Joshi,Hyderabad,Standard
C02184,Aditya Mehta,Delhi,Basic
C02185,Aditya Verma,Ahmedabad,Premium
C02186,Raj Joshi,Ahmedabad,Basic
C02187,Neha Khan,Mumbai,Premium
C02188,Rahul Malhotra,Lucknow,Premium
C02189,Arjun Mehta,Delhi,Basic
C02190,Vikram Singh,Ahmedabad,Basic
C02191,Kavya Iyer,Ahmedabad,Premium
C02192,Rahul Verma,Mumbai,Standard
C02193,Nisha Malhotra,Mumbai,Standard
C02194,Amit Patel,Jaipur,Standard
C02195,Vikram Mishra,Jaipur,Premium
C02196,Aditya Das,Hyderabad,Premium
C02197,Rahul Malhotra,Bangalore,Standard
C02198,Vikram Sharma,Ahmedabad,Basic
C02199,Rahul Patel,Bangalore,Premium
C02200,Priya Joshi,Mumbai,Standard
C02201,Kavya Iyer,Delhi,Standard
C02202,Pooja Khan,Lucknow,Premium
C02203,Kavya Mishra,Delhi,Premium
C02204,Arjun Das,Lucknow,Premium
C02205,Amit Iyer,Hyderabad,Standard
C02206,Ankit Iyer,Pune,Standard
C02207,Amit Joshi,Lucknow,Basic
C02208,Priya Verma,Hyderabad,Premium
C02209,Pooja Khan,Kolkata,Premium
C02210,Amit Singh,Bangalore,Standard
C02211,Priya Malhotra,Kolkata,Basic
C02212,Priya Kapoor,Hyderabad,Basic
C02213,Rahul Khan,Delhi,Basic
C02214,Pooja Mehta,Bangalore,Premium
C02215,Raj Kapoor,Delhi,Premium
C02216,Rahul Khan,Delhi,Basic
C02217,Vikram Das,Chennai,Standard
C02218,Aditya Iyer,Ahmedabad,Basic
C02219,Priya Patel,Bangalore,Basic
C02220,Rohan Reddy,Ahmedabad,Standard
C02221,Neha Khan,Lucknow,Basic
C02222,Rahul Das,Bangalore,Basic
C02223,Arjun Das,Delhi,Basic
C02224,Kavya Iyer,Chennai,Standard
C02225,Sneha Sharma,Jaipur,Premium
C02226,Neha Gupta,Jaipur,Premium
C02227,Pooja Verma,Jaipur,Basic
C02228,Neha Kapoor,Hyderabad,Standard
C02229,Rahul Patel,Delhi,Premium
C02230,Vikram Mishra,Ahmedabad,Standard
C02231,Priya Khan,Mumbai,Premium
C02232,Vikram Verma,Chennai,Premium
C02233,Sneha Singh,Kolkata,Basic
C02234,Nisha Sinha,Ahmedabad,Premium
C02235,Amit Malhotra,Mumbai,Basic
C02236,Priya Khan,Mumbai,Standard
C02237,Karan Gupta,Delhi,Premium
C02238,Aditya Kapoor,Lucknow,Basic
C02239,Ankit Mehta,Hyderabad,Basic
C02240,Vikram Sinha,Kolkata,Premium
C02241,Nisha Gupta,Kolkata,Premium
C02242,Amit Patel,Pune,Premium
C02243,Sneha Sinha,Hyderabad,Premium
C02244,Arjun Das,Ahmedabad,Premium
C02245,Raj Mehta,Bangalore,Premium
C02246,Raj Das,Ahmedabad,Premium
C02247,Sneha Verma,Bangalore,Standard
C02248,Aditya Patel,Kolkata,Standard
C02249,Neha Verma,Bangalore,Premium
C02250,Aditya Das,Mumbai,Standard
C02251,Priya Gupta,Ahmedabad,Standard
C02252,Sneha Khan,Kolkata,Premium
C02253,Raj Singh,Lucknow,Premium
C02254,Nisha Iyer,Lucknow,Premium
C02255,Pooja Reddy,Hyderabad,Premium
C02256,Sneha Mishra,Jaipur,Standard
C02257,Kavya Patel,Lucknow,Standard
C02258,Kavya Kapoor,Chennai,Premium
C02259,Aditya Mehta,Hyderabad,Premium
C02260,Ankit Mehta,Lucknow,Premium
C02261,Raj Sinha,Lucknow,Premium
C02262,Raj Das,Mumbai,Standard
C02263,Rahul Sharma,Ahmedabad,Basic
C02264,Nisha Reddy,Mumbai,Standard
C02265,Karan Mehta,Ahmedabad,Basic
C02266,Kavya Gupta,Ahmedabad,Standard
C02267,Neha Gupta,Jaipur,Premium
C02268,Aditya Malhotra,Pune,Premium
C02269,Priya Verma,Chennai,Premium
C02270,Vikram Gupta,Mumbai,Standard
C02271,Vikram Singh,Bangalore,Basic
C02272,Arjun Mishra,Lucknow,Basic
C02273,Pooja Sharma,Ahmedabad,Standard
C02274,Nisha Khan,Pune,Premium
C02275,Nisha Mishra,Kolkata,Basic
C02276,Arjun Malhotra,Mumbai,Basic
C02277,Amit Mehta,Kolkata,Basic
C02278,Rahul Singh,Pune,Standard
C02279,Aditya Das,Jaipur,Basic
C02280,Nisha Patel,Delhi,Basic
C02281,Raj Verma,Mumbai,Basic
C02282,Raj Joshi,Kolkata,Premium
C02283,Amit Mehta,Kolkata,Standard
C02284,Pooja Sharma,Kolkata,Standard
C02285,Priya Joshi,Jaipur,Basic
C02286,Amit Reddy,Hyderabad,Premium
C02287,Ankit Patel,,Premium
C02288,Vikram Kapoor,Lucknow,Basic
C02289,Neha Iyer,Hyderabad,Standard
C02290,Ankit Sinha,Chennai,Basic
C02291,Vikram Mehta,Chennai,Premium
C02292,Amit Verma,Kolkata,Standard
C02293,Arjun Reddy,Jaipur,Premium
C02294,Arjun Malhotra,Jaipur,Basic
C02295,Kavya Reddy,Chennai,Standard
C02296,Pooja Verma,Delhi,Premium
C02297,Raj Sinha,Ahmedabad,Premium
C02298,Amit Mehta,Bangalore,Standard
C02299,Amit Gupta,Bangalore,Standard
C02300,Amit Malhotra,Bangalore,Standard
C02301,Priya Mishra,Hyderabad,Basic
C02302,Vikram Sharma,Chennai,Standard
C02303,Vikram Reddy,Bangalore,Standard
C02304,Ankit Mehta,Ahmedabad,Basic
C02305,Vikram Sharma,Chennai,Premium
C02306,Amit Sharma,Hyderabad,Basic
C02307,Vikram Verma,Pune,Basic
C02308,Ankit Joshi,Kolkata,Standard
C02309,Pooja Joshi,Jaipur,Basic
C02310,Arjun Kapoor,Chennai,Basic
C02311,Priya Sinha,Chennai,Premium
C02312,Nisha Singh,Hyderabad,Standard
C02313,Ankit Singh,Mumbai,Premium
C02314,Ankit Singh,Ahmedabad,Premium
C02315,Pooja Sinha,Bangalore,Basic
C02316,Karan Singh,Bangalore,Premium
C02317,Kavya Malhotra,Bangalore,Premium
C02318,Neha Gupta,Mumbai,Standard
C02319,Pooja Khan,Ahmedabad,Standard
C02320,Ankit Khan,Hyderabad,Basic
C02321,Aditya Sharma,Kolkata,Standard
C02322,Priya Verma,Ahmedabad,Basic
C02323,Priya Reddy,Chennai,Premium
C02324,Raj Sharma,Pune,Standard
C02325,Nisha Khan,Ahmedabad,Standard
C02326,Priya Sharma,Jaipur,Basic
C02327,Ankit Joshi,Chennai,Standard
C02328,Raj Singh,Lucknow,Basic
C02329,Priya Iyer,Lucknow,Basic
C02330,Raj Sinha,Ahmedabad,Standard
C02331,Aditya Gupta,Ahmedabad,Premium
C02332,Priya Joshi,Jaipur,Premium
C02333,Rohan Sharma,Pune,Basic
C02334,Kavya Patel,Ahmedabad,Standard
C02335,Amit Verma,Mumbai,Basic
C02336,Vikram Patel,Lucknow,Basic
C02337,Neha Iyer,Chennai,Premium
C02338,Rahul Gupta,Jaipur,Standard
C02339,Vikram Joshi,Delhi,Basic
C02340,Sneha Patel,Ahmedabad,Standard
C02341,Pooja Das,Jaipur,Premium
C02342,Raj Joshi,Kolkata,Standard
C02343,Priya Malhotra,Pune,Standard
C02344,Sneha Verma,Mumbai,Standard
C02345,Ankit Verma,Chennai,Standard
C02346,Kavya Reddy,Delhi,Premium
C02347,Aditya Sinha,Ahmedabad,Basic
C02348,Sneha Iyer,Ahmedabad,Standard
C02349,Priya Iyer,Pune,Basic
C02350,Raj Mehta,Bangalore,Basic
C02351,Pooja Gupta,Bangalore,Premium
C02352,Rohan Kapoor,Jaipur,Standard
C02353,Amit Sinha,Lucknow,Standard
C02354,Amit Sharma,Pune,Basic
C02355,Raj Singh,Pune,Premium
C02356,Karan Kapoor,Lucknow,Premium
C02357,Neha Khan,Pune,Standard
C02358,Karan Kapoor,Mumbai,Standard
C02359,Kavya Das,Chennai,Standard
C02360,Karan Malhotra,Ahmedabad,Premium
C02361,Rahul Iyer,Mumbai,Premium
C02362,Rohan Singh,Ahmedabad,Premium
C02363,Vikram Joshi,Chennai,Standard
C02364,Priya Kapoor,Hyderabad,Premium
C02365,Amit Iyer,Chennai,Standard
C02366,Amit Das,Kolkata,Basic
C02367,Arjun Das,Pune,Standard
C02368,Vikram Joshi,Ahmedabad,Basic
C02369,Kavya Gupta,Kolkata,Basic
C02370,Aditya Das,Mumbai,Standard
C02371,Priya Das,Mumbai,Premium
C02372,Ankit Kapoor,Bangalore,Standard
C02373,Priya Sharma,Chennai,Standard
C02374,Sneha Joshi,Kolkata,Premium
C02375,Rohan Singh,Jaipur,Basic
C02376,Raj Gupta,Jaipur,Premium
C02377,Nisha Joshi,Bangalore,Premium
C02378,Pooja Iyer,Bangalore,Basic
C02379,Ankit Mishra,Kolkata,Basic
C02380,Nisha Singh,Chennai,Basic
C02381,Aditya Malhotra,Kolkata,Premium
C02382,Karan Das,Kolkata,Premium
C02383,Rahul Khan,Jaipur,Standard
C02384,Ankit Iyer,Ahmedabad,Standard
C02385,Ankit Sinha,Bangalore,Premium
C02386,Neha Khan,Jaipur,Premium
C02387,Kavya Patel,Jaipur,Basic
C02388,Aditya Mishra,Jaipur,Basic
C02389,Aditya Reddy,Delhi,Standard
C02390,Arjun Sinha,Delhi,Premium
C02391,Kavya Khan,Mumbai,Standard
C02392,Ankit Singh,Kolkata,Premium
C02393,Kavya Kapoor,Lucknow,Basic
C02394,Nisha Verma,Bangalore,Basic
C02395,Rohan Sharma,Delhi,Premium
C02396,Priya Mishra,Bangalore,Basic
C02397,Neha Singh,Bangalore,Premium
C02398,Priya Gupta,Pune,Basic
C02399,Nisha Iyer,Delhi,Premium
C02400,Rahul Iyer,Ahmedabad,Standard
C02401,Rahul Patel,Delhi,Premium
C02402,Nisha Joshi,Jaipur,Basic
C02403,Rahul Kapoor,Delhi,Standard
C02404,Rahul Gupta,Chennai,Basic
C02405,Rahul Iyer,Delhi,Premium
C02406,Raj Das,Hyderabad,Basic
C02407,Raj Patel,Bangalore,Basic
C02408,Ankit Sharma,Delhi,Premium
C02409,Kavya Malhotra,Chennai,Basic
C02410,Ankit Verma,Bangalore,Basic
C02411,Nisha Malhotra,Lucknow,Premium
C02412,Karan Das,Delhi,Premium
C02413,Kavya Das,Mumbai,Basic
C02414,Neha Malhotra,Hyderabad,Standard
C02415,Priya Sinha,Jaipur,Premium
C02416,Aditya Gupta,Hyderabad,Basic
C02417,Kavya Malhotra,Ahmedabad,Standard
C02418,Aditya Das,Bangalore,Standard
C02419,Vikram Gupta,Bangalore,Standard
C02420,Sneha Mehta,Hyderabad,Basic
C02421,Neha Mehta,Delhi,Standard
C02422,Amit Kapoor,Delhi,Basic
C02423,Priya Kapoor,Kolkata,Basic
C02424,Rohan Reddy,Mumbai,Premium
C02425,Ankit Kapoor,Delhi,Standard
C02426,Rohan Kapoor,Lucknow,Basic
C02427,Rohan Joshi,Ahmedabad,Premium
C02428,Karan Mehta,Chennai,Standard
C02429,Neha Mishra,Delhi,Standard
C02430,Vikram Verma,Bangalore,Premium
C02431,Vikram Kapoor,Delhi,Standard
C02432,Arjun Reddy,Delhi,Premium
C02433,Priya Mehta,Pune,Basic
C02434,Pooja Gupta,Bangalore,Premium
C02435,Ankit Patel,Kolkata,Premium
C02436,Pooja Mishra,Pune,Premium
C02437,Neha Mishra,Pune,Basic
C02438,Arjun Singh,Lucknow,Basic
C02439,Rohan Iyer,Pune,Standard
C02440,Arjun Joshi,Lucknow,Standard
C02441,Arjun Reddy,Chennai,Premium
C02442,Nisha Kapoor,Delhi,Premium
C02443,Rohan Kapoor,Ahmedabad,Premium
C02444,Vikram Khan,Mumbai,Premium
C02445,Aditya Sharma,Delhi,Standard
C02446,Vikram Sharma,Bangalore,Standard
C02447,Pooja Joshi,Kolkata,Premium
C02448,Rohan Das,Lucknow,Premium
C02449,Nisha Gupta,Jaipur,Standard
C02450,Nisha Kapoor,Hyderabad,Standard
C02451,Vikram Kapoor,Ahmedabad,Basic
C02452,Rohan Reddy,Kolkata,Basic
C02453,Karan Sharma,Mumbai,Standard
C02454,Raj Sinha,Delhi,Standard
C02455,Arjun Verma,Pune,Standard
C02456,Arjun Sharma,Mumbai,Premium
C02457,Karan Joshi,Chennai,Basic
C02458,Priya Kapoor,Pune,Premium
C02459,Rohan Malhotra,Pune,Standard
C02460,Nisha Gupta,Lucknow,Basic
C02461,Arjun Joshi,Jaipur,Basic
C02462,Karan Das,Ahmedabad,Standard
C02463,Karan Mishra,Bangalore,Basic
C02464,Rahul Mehta,Chennai,Standard
C02465,Pooja Mehta,Lucknow,Basic
C02466,Ankit Iyer,Chennai,Standard
C02467,Rahul Sharma,Lucknow,Premium
C02468,Priya Mishra,Kolkata,Standard
C02469,Nisha Malhotra,Lucknow,Premium
C02470,Nisha Sinha,Kolkata,Standard
C02471,Amit Mehta,Kolkata,Standard
C02472,Sneha Verma,Mumbai,Basic
C02473,Neha Patel,Hyderabad,Basic
C02474,Rohan Das,Delhi,Basic
C02475,Amit Mishra,Chennai,Premium
C02476,Ankit Khan,Mumbai,Basic
C02477,Ankit Sharma,Ahmedabad,Basic
C02478,Kavya Mehta,Lucknow,Basic
C02479,Raj Mehta,Chennai,Premium
C02480,Aditya Kapoor,Lucknow,Premium
C02481,Ankit Mehta,Lucknow,Standard
C02482,Ankit Das,Delhi,Standard
C02483,Amit Malhotra,Hyderabad,Standard
C02484,Arjun Reddy,Kolkata,Premium
C02485,Pooja Singh,Kolkata,Standard
C02486,Neha Kapoor,Delhi,Basic
C02487,Neha Singh,Chennai,Premium
C02488,Rohan Das,Pune,Premium
C02489,Pooja Malhotra,Delhi,Basic
C02490,Kavya Das,Delhi,Basic
C02491,Ankit Singh,Delhi,Basic
C02492,Nisha Reddy,Ahmedabad,Standard
C02493,Neha Verma,Delhi,Basic
C02494,Kavya Singh,Jaipur,Standard
C02495,Sneha Joshi,Jaipur,Standard
C02496,Neha Mehta,Pune,Standard
C02497,Pooja Reddy,Ahmedabad,Basic
C02498,Nisha Reddy,Bangalore,Premium
C02499,Vikram Malhotra,Jaipur,Premium
C02500,Pooja Kapoor,Hyderabad,Basic
C02501,Kavya Malhotra,Ahmedabad,Standard
C02502,Raj Joshi,Jaipur,Basic
C02503,Kavya Iyer,Pune,Basic
C02504,Aditya Joshi,Mumbai,Basic
C02505,Neha Verma,Ahmedabad,Premium
C02506,Neha Khan,Chennai,Standard
C02507,Sneha Verma,Delhi,Basic
C02508,Neha Mishra,Pune,Standard
C02509,Kavya Singh,Bangalore,Standard
C02510,Vikram Das,Hyderabad,Standard
C02511,Neha Gupta,Bangalore,Premium
C02512,Rahul Patel,Chennai,Standard
C02513,Arjun Reddy,Pune,Standard
C02514,Vikram Sinha,Mumbai,Premium
C02515,Priya Singh,Bangalore,Premium
C02516,Rohan Iyer,Chennai,Basic
C02517,Karan Khan,Mumbai,Basic
C02518,Arjun Iyer,Mumbai,Premium
C02519,Kavya Sinha,Delhi,Standard
C02520,Pooja Singh,Delhi,Standard
C02521,Raj Verma,Delhi,Standard
C02522,Kavya Malhotra,Bangalore,Premium
C02523,Amit Das,Jaipur,Premium
C02524,Karan Joshi,Lucknow,Basic
C02525,Rohan Kapoor,Delhi,Premium
C02526,Pooja Gupta,Kolkata,Standard
C02527,Kavya Das,Pune,Basic
C02528,Aditya Patel,Pune,Premium
C02529,Priya Gupta,Bangalore,Premium
C02530,Rohan Kapoor,Pune,Standard
C02531,Kavya Das,Mumbai,Standard
C02532,Karan Verma,Delhi,Standard
C02533,Karan Mehta,Ahmedabad,Basic
C02534,Neha Singh,Bangalore,Standard
C02535,Arjun Malhotra,Kolkata,Standard
C02536,Rahul Joshi,Lucknow,Premium
C02537,Kavya Malhotra,Mumbai,Basic
C02538,Raj Iyer,Hyderabad,Standard
C02539,Karan Mehta,Chennai,Basic
C02540,Aditya Verma,Delhi,Basic
C02541,Kavya Patel,Ahmedabad,Standard
C02542,Rahul Sinha,Pune,Standard
C02543,Rohan Gupta,Hyderabad,Standard
C02544,Neha Mishra,Bangalore,Standard
C02545,Vikram Verma,Pune,Premium
C02546,Rohan Mishra,Delhi,Standard
C02547,Arjun Malhotra,Pune,Standard
C02548,Aditya Mehta,Delhi,
C02549,Aditya Singh,Jaipur,Premium
C02550,Ankit Mehta,Lucknow,Basic
C02551,Kavya Reddy,Kolkata,Standard
C02552,Aditya Sharma,Mumbai,Basic
C02553,Vikram Khan,Ahmedabad,Basic
C02554,Priya Sharma,Pune,Premium
C02555,Vikram Singh,Kolkata,Basic
C02556,Amit Gupta,Bangalore,Premium
C02557,Karan Malhotra,Bangalore,Basic
C02558,Vikram Mehta,Kolkata,Standard
C02559,Arjun Mishra,Bangalore,Standard
C02560,Priya Joshi,Lucknow,Standard
C02561,Nisha Singh,Hyderabad,Premium
C02562,Sneha Verma,Bangalore,Standard
C02563,Raj Mehta,Lucknow,Premium
C02564,Rahul Sharma,Jaipur,Basic
C02565,Pooja Joshi,Hyderabad,Premium
C02566,Arjun Patel,Chennai,Basic
C02567,Kavya Khan,Mumbai,Standard
C02568,Pooja Mehta,Lucknow,Standard
C02569,Priya Gupta,Kolkata,Premium
C02570,Pooja Gupta,Mumbai,Basic
C02571,Karan Mehta,Ahmedabad,Basic
C02572,Arjun Gupta,Hyderabad,Basic
C02573,Neha Patel,Chennai,Standard
C02574,Aditya Kapoor,Pune,Premium
C02575,Sneha Mishra,Hyderabad,Basic
C02576,Neha Mishra,Chennai,Basic
C02577,Vikram Patel,Pune,Premium
C02578,Sneha Iyer,Bangalore,Premium
C02579,Rohan Singh,Hyderabad,Basic
C02580,Arjun Sinha,Hyderabad,Standard
C02581,Pooja Joshi,Ahmedabad,Premium
C02582,Rahul Kapoor,Bangalore,Standard
C02583,Aditya Mehta,Hyderabad,Basic
C02584,Sneha Malhotra,Pune,Basic
C02585,Pooja Singh,Delhi,Premium
C02586,Karan Sharma,Mumbai,Standard
C02587,Raj Patel,Ahmedabad,Standard
C02588,Pooja Joshi,Lucknow,Basic
C02589,Aditya Iyer,Mumbai,Premium
C02590,Rohan Reddy,Lucknow,Standard
C02591,Rohan Mehta,Kolkata,Premium
C02592,Raj Reddy,Mumbai,Basic
C02593,Priya Singh,Bangalore,Basic
C02594,Arjun Sinha,Kolkata,Standard
C02595,Priya Gupta,Kolkata,Basic
C02596,Karan Mehta,Bangalore,Standard
C02597,Amit Verma,Mumbai,Premium
C02598,Arjun Mishra,Chennai,Basic
C02599,Ankit Sinha,Pune,Standard
C02600,Raj Sinha,Chennai,Basic
C02601,Kavya Iyer,Chennai,Basic
C02602,Ankit Mehta,Bangalore,Standard
C02603,Aditya Kapoor,Bangalore,Basic
C02604,Kavya Sinha,Ahmedabad,Premium
C02605,Neha Khan,Mumbai,Premium
C02606,Priya Sharma,Ahmedabad,Standard
C02607,Priya Malhotra,Ahmedabad,Standard
C02608,Amit Sinha,Ahmedabad,Premium
C02609,Arjun Verma,Jaipur,Standard
C02610,Arjun Kapoor,Delhi,Basic
C02611,Kavya Khan,Delhi,Standard
C02612,Amit Patel,Chennai,Premium
C02613,Kavya Khan,Jaipur,Standard
C02614,Pooja Sinha,Lucknow,Premium
C02615,Pooja Sharma,Jaipur,Basic
C02616,Priya Mehta,Delhi,
C02617,Nisha Kapoor,Delhi,Standard
C02618,Rahul Singh,Delhi,Standard
C02619,Ankit Das,Delhi,Standard
C02620,Priya Sharma,Delhi,Standard
C02621,Kavya Malhotra,Ahmedabad,Standard
C02622,Vikram Singh,Lucknow,Basic
C02623,Rahul Verma,Mumbai,Basic
C02624,Pooja Kapoor,Kolkata,Basic
C02625,Aditya Sinha,Lucknow,Premium
C02626,Neha Mishra,Mumbai,Basic
C02627,Rohan Verma,Mumbai,Basic
C02628,Amit Reddy,Lucknow,Standard
C02629,Amit Mehta,Chennai,Premium
C02630,Neha Iyer,Pune,Premium
C02631,Rahul Mishra,Hyderabad,Premium
C02632,Sneha Iyer,Pune,Standard
C02633,Vikram Iyer,Bangalore,Premium
C02634,Rohan Kapoor,Pune,Basic
C02635,Nisha Sinha,Chennai,Basic
C02636,Pooja Khan,Kolkata,Basic
C02637,Amit Mishra,Kolkata,Basic
C02638,Neha Kapoor,Ahmedabad,Standard
C02639,Arjun Singh,Lucknow,Basic
C02640,Sneha Gupta,Pune,Standard
C02641,Pooja Khan,Pune,Basic
C02642,Sneha Gupta,Mumbai,Basic
C02643,Ankit Kapoor,Hyderabad,Basic
C02644,Vikram Malhotra,Bangalore,Standard
C02645,Karan Joshi,Jaipur,Premium
C02646,Rohan Kapoor,Pune,Premium
C02647,Raj Iyer,Ahmedabad,Standard
C02648,Priya Khan,Chennai,Premium
C02649,Karan Mehta,Chennai,Basic
C02650,Rahul Reddy,Delhi,Premium
C02651,Karan Gupta,Jaipur,Standard
C02652,Sneha Gupta,Ahmedabad,Basic
C02653,Aditya Das,Chennai,Standard
C02654,Rohan Das,Delhi,Basic
C02655,Rahul Gupta,Ahmedabad,Premium
C02656,Nisha Khan,Pune,Premium
C02657,Amit Mehta,Chennai,Standard
C02658,Pooja Malhotra,Ahmedabad,Basic
C02659,Arjun Das,Chennai,Standard
C02660,Raj Mishra,Bangalore,Premium
C02661,Priya Gupta,Lucknow,Standard
C02662,Kavya Joshi,Delhi,Standard
C02663,Karan Sharma,Mumbai,Standard
C02664,Amit Sharma,Bangalore,Basic
C02665,Arjun Kapoor,Pune,Basic
C02666,Aditya Das,Ahmedabad,Standard
C02667,Pooja Mishra,Lucknow,Standard
C02668,Aditya Joshi,Pune,Standard
C02669,Amit Khan,Bangalore,Premium
C02670,Neha Gupta,Mumbai,Basic
C02671,Neha Mishra,Mumbai,Premium
C02672,Arjun Joshi,Bangalore,Basic
C02673,Neha Mehta,Jaipur,Premium
C02674,Amit Singh,Ahmedabad,Premium
C02675,Arjun Mehta,Mumbai,Premium
C02676,Priya Sinha,Bangalore,Basic
C02677,Aditya Kapoor,Ahmedabad,Standard
C02678,Rahul Mishra,Ahmedabad,Basic
C02679,Neha Patel,Chennai,Basic
C02680,Kavya Mishra,Pune,Premium
C02681,Ankit Sharma,Delhi,Basic
C02682,Kavya Malhotra,Pune,Standard
C02683,Kavya Kapoor,Lucknow,Basic
C02684,Aditya Reddy,Chennai,Premium
C02685,Arjun Mehta,Ahmedabad,Basic
C02686,Pooja Malhotra,Lucknow,Basic
C02687,Raj Mishra,Ahmedabad,Premium
C02688,Aditya Sharma,Jaipur,Premium
C02689,Sneha Das,Kolkata,Basic
C02690,Amit Singh,Pune,Standard
C02691,Amit Kapoor,Lucknow,Basic
C02692,Ankit Kapoor,Pune,Premium
C02693,Priya Singh,Hyderabad,Standard
C02694,Ankit Kapoor,Hyderabad,Basic
C02695,Neha Das,Kolkata,Basic
C02696,Kavya Mishra,Ahmedabad,Premium
C02697,Raj Singh,Pune,Standard
C02698,Kavya Joshi,Kolkata,Standard
C02699,Nisha Mishra,Bangalore,Basic
C02700,Neha Singh,Delhi,Basic
C02701,Arjun Khan,Bangalore,Premium
C02702,Priya Das,Ahmedabad,Premium
C02703,Nisha Mehta,Ahmedabad,Standard
C02704,Neha Patel,Jaipur,Premium
C02705,Rahul Verma,Chennai,Standard
C02706,Vikram Khan,Bangalore,Basic
C02707,Rahul Iyer,Delhi,Standard
C02708,Sneha Gupta,Lucknow,Premium
C02709,Amit Reddy,Hyderabad,Standard
C02710,Rohan Verma,Kolkata,Premium
C02711,Nisha Sinha,Jaipur,Standard
C02712,Raj Khan,Jaipur,Basic
C02713,Vikram Gupta,Mumbai,Standard
C02714,Nisha Kapoor,Delhi,Premium
C02715,Nisha Das,Lucknow,Premium
C02716,Kavya Reddy,Mumbai,Basic
C02717,Amit Khan,Delhi,Premium
C02718,Raj Verma,Bangalore,Basic
C02719,Rohan Malhotra,Ahmedabad,Basic
C02720,Arjun Malhotra,Delhi,Premium
C02721,Vikram Verma,Kolkata,Premium
C02722,Amit Mishra,Hyderabad,Standard
C02723,Sneha Iyer,Mumbai,Premium
C02724,Kavya Iyer,Ahmedabad,Standard
C02725,Rohan Reddy,Bangalore,Premium
C02726,Rohan Verma,Pune,Standard
C02727,Vikram Joshi,Hyderabad,Premium
C02728,Nisha Iyer,Jaipur,Standard
C02729,Nisha Patel,Bangalore,Standard
C02730,Sneha Sinha,Pune,Standard
C02731,Kavya Reddy,Kolkata,Premium
C02732,Arjun Khan,Mumbai,Basic
C02733,Nisha Reddy,Delhi,Premium
C02734,Ankit Verma,Pune,Premium
C02735,Sneha Sharma,Pune,Premium
C02736,Vikram Sinha,Bangalore,Basic
C02737,Rahul Joshi,Jaipur,Standard
C02738,Sneha Mehta,Jaipur,Standard
C02739,Aditya Malhotra,Kolkata,Standard
C02740,Rahul Mishra,Chennai,Basic
C02741,Pooja Sinha,Bangalore,Basic
C02742,Sneha Kapoor,Hyderabad,Basic
C02743,Pooja Iyer,Lucknow,Basic
C02744,Arjun Malhotra,Kolkata,Basic
C02745,Sneha Iyer,Hyderabad,Standard
C02746,Amit Sharma,Jaipur,Standard
C02747,Sneha Malhotra,Bangalore,Basic
C02748,Karan Singh,Hyderabad,Premium
C02749,Karan Reddy,Chennai,Basic
C02750,Ankit Iyer,Bangalore,Premium
C02751,Rahul Sinha,Jaipur,Basic
C02752,Rohan Patel,Chennai,Basic
C02753,Sneha Reddy,Delhi,Basic
C02754,Rahul Mishra,Kolkata,Standard
C02755,Vikram Reddy,Kolkata,Premium
C02756,Rahul Iyer,Delhi,Standard
C02757,Rohan Das,Mumbai,Standard
C02758,Ankit Patel,Lucknow,Basic
C02759,Aditya Sinha,Jaipur,Basic
C02760,Neha Verma,Chennai,Standard
C02761,Vikram Iyer,Lucknow,Basic
C02762,Priya Malhotra,Pune,Basic
C02763,Aditya Patel,Delhi,Standard
C02764,Karan Das,Hyderabad,Standard
C02765,Arjun Gupta,Bangalore,Basic
C02766,Sneha Mishra,Pune,Premium
C02767,Amit Sharma,Pune,Premium
C02768,Arjun Patel,Ahmedabad,Premium
C02769,Ankit Joshi,Jaipur,Standard
C02770,Pooja Reddy,Jaipur,Standard
C02771,Kavya Singh,Lucknow,Standard
C02772,Vikram Mehta,Ahmedabad,Basic
C02773,Raj Kapoor,Pune,Premium
C02774,Priya Reddy,Bangalore,Standard
C02775,Aditya Kapoor,Bangalore,Basic
C02776,Karan Mishra,Jaipur,Premium
C02777,Aditya Patel,Ahmedabad,Standard
C02778,Rahul Malhotra,Bangalore,Basic
C02779,Ankit Sinha,Delhi,Basic
C02780,Kavya Mehta,Delhi,Premium
C02781,Ankit Das,Chennai,Premium
C02782,Karan Khan,Delhi,Standard
C02783,Rohan Verma,Chennai,Standard
C02784,Arjun Sharma,Bangalore,Premium
C02785,Nisha Das,Pune,Premium
C02786,Raj Sinha,Chennai,Standard
C02787,Neha Khan,Ahmedabad,Premium
C02788,Amit Reddy,Kolkata,Premium
C02789,Kavya Sharma,Pune,Standard
C02790,Pooja Singh,Lucknow,Standard
C02791,Raj Verma,Pune,Standard
C02792,Kavya Malhotra,Lucknow,Premium
C02793,Nisha Khan,Jaipur,Basic
C02794,Arjun Iyer,Ahmedabad,Basic
C02795,Arjun Khan,Kolkata,Premium
C02796,Nisha Das,Lucknow,Standard
C02797,Sneha Patel,Pune,Standard
C02798,Karan Sharma,Ahmedabad,Basic
C02799,Rohan Joshi,Delhi,Premium
C02800,Aditya Sharma,Lucknow,Basic
C02801,Nisha Iyer,Chennai,Basic
C02802,Vikram Gupta,Jaipur,Premium
C02803,Neha Das,Jaipur,Basic
C02804,Nisha Sharma,Lucknow,Basic
C02805,Neha Iyer,Ahmedabad,Basic
C02806,Raj Sharma,Delhi,Basic
C02807,Raj Reddy,Bangalore,Premium
C02808,Rohan Iyer,Hyderabad,Premium
C02809,Kavya Malhotra,Lucknow,Standard
C02810,Amit Iyer,Jaipur,Basic
C02811,Ankit Mehta,Lucknow,Premium
C02812,Arjun Mishra,Mumbai,Standard
C02813,Sneha Khan,Pune,Premium
C02814,Kavya Reddy,Kolkata,Standard
C02815,Rohan Gupta,Delhi,Premium
C02816,Karan Khan,Chennai,Premium
C02817,Priya Singh,Delhi,Premium
C02818,Rohan Mehta,Bangalore,Premium
C02819,Pooja Verma,Bangalore,Premium
C02820,Aditya Sharma,Chennai,Standard
C02821,Amit Verma,Bangalore,Standard
C02822,Raj Verma,Chennai,Standard
C02823,Kavya Sinha,Delhi,Premium
C02824,Neha Patel,Lucknow,Basic
C02825,Neha Kapoor,Jaipur,Basic
C02826,Sneha Gupta,Chennai,Premium
C02827,Ankit Kapoor,Jaipur,Standard
C02828,Amit Kapoor,Mumbai,Standard
C02829,Vikram Patel,Mumbai,Standard
C02830,Karan Das,Delhi,Premium
C02831,Nisha Reddy,Bangalore,Standard
C02832,Pooja Mehta,Ahmedabad,Premium
C02833,Kavya Joshi,Jaipur,Premium
C02834,Nisha Khan,Kolkata,Basic
C02835,Priya Iyer,Hyderabad,Basic
C02836,Sneha Sinha,Jaipur,Standard
C02837,Rahul Sharma,Ahmedabad,Basic
C02838,Rohan Joshi,Bangalore,Premium
C02839,Rahul Sinha,Ahmedabad,Standard
C02840,Pooja Singh,Pune,Standard
C02841,Kavya Joshi,Hyderabad,Basic
C02842,Kavya Reddy,Chennai,Premium
C02843,Priya Malhotra,Jaipur,Basic
C02844,Amit Singh,Delhi,Standard
C02845,Aditya Gupta,Bangalore,Basic
C02846,Karan Singh,Pune,Premium
C02847,Pooja Reddy,Kolkata,Basic
C02848,Ankit Joshi,Chennai,Basic
C02849,Arjun Singh,Hyderabad,Basic
C02850,Ankit Verma,Hyderabad,Standard
C02851,Pooja Verma,Mumbai,Basic
C02852,Priya Joshi,Mumbai,Basic
C02853,Arjun Sharma,Mumbai,Basic
C02854,Priya Mehta,Jaipur,Basic
C02855,Aditya Kapoor,Pune,Basic
C02856,Amit Iyer,Delhi,Basic
C02857,Rahul Sinha,Ahmedabad,Basic
C02858,Amit Verma,Pune,Basic
C02859,Ankit Mehta,Bangalore,Basic
C02860,Rahul Gupta,Ahmedabad,Standard
C02861,Raj Patel,Ahmedabad,Premium
C02862,Neha Malhotra,Mumbai,Standard
C02863,Vikram Sinha,Kolkata,Premium
C02864,Amit Mishra,Lucknow,Basic
C02865,Rohan Iyer,Hyderabad,Premium
C02866,Arjun Verma,Mumbai,Standard
C02867,Arjun Sinha,Lucknow,Premium
C02868,Rahul Patel,Pune,Premium
C02869,Kavya Singh,Lucknow,Basic
C02870,Arjun Khan,Jaipur,Premium
C02871,Vikram Malhotra,Lucknow,Basic
C02872,Vikram Das,Lucknow,Premium
C02873,Amit Das,Bangalore,Basic
C02874,Amit Khan,Chennai,Basic
C02875,Kavya Patel,Jaipur,Basic
C02876,Nisha Singh,Hyderabad,Basic
C02877,Rahul Malhotra,Jaipur,Basic
C02878,Rohan Joshi,Jaipur,Standard
C02879,Rahul Mehta,Mumbai,Standard
C02880,Sneha Mishra,Pune,Standard
C02881,Amit Joshi,Jaipur,Standard
C02882,Arjun Verma,Jaipur,Premium
C02883,Raj Malhotra,Hyderabad,Premium
C02884,Rohan Sinha,Pune,Basic
C02885,Arjun Verma,Mumbai,Standard
C02886,Neha Verma,Delhi,Basic
C02887,Nisha Sharma,Hyderabad,Basic
C02888,Sneha Gupta,Hyderabad,Premium
C02889,Priya Verma,Chennai,Premium
C02890,Vikram Joshi,Delhi,Premium
C02891,Arjun Mehta,Mumbai,Basic
C02892,Nisha Joshi,Kolkata,Standard
C02893,Neha Gupta,Ahmedabad,Premium
C02894,Ankit Mishra,Mumbai,Standard
C02895,Karan Iyer,Hyderabad,Premium
C02896,Nisha Das,Lucknow,Standard
C02897,Nisha Gupta,Ahmedabad,Basic
C02898,Amit Gupta,Mumbai,Premium
C02899,Sneha Verma,Delhi,Premium
C02900,Rahul Sinha,Ahmedabad,Premium
C02901,Rohan Das,Pune,Premium
C02902,Amit Joshi,Mumbai,Basic
C02903,Rahul Singh,Pune,Standard
C02904,Amit Das,Pune,Premium
C02905,Kavya Das,Lucknow,Premium
C02906,Arjun Mehta,Ahmedabad,Standard
C02907,Raj Das,Lucknow,Premium
C02908,Ankit Joshi,Mumbai,Standard
C02909,Karan Verma,Lucknow,Premium
C02910,Amit Gupta,Mumbai,Basic
C02911,Aditya Gupta,Lucknow,Premium
C02912,Raj Das,Bangalore,Basic
C02913,Karan Singh,Kolkata,Standard
C02914,Arjun Malhotra,Lucknow,Standard
C02915,Priya Patel,Bangalore,Premium
C02916,Rahul Khan,Chennai,Basic
C02917,Sneha Reddy,Kolkata,Standard
C02918,Pooja Sinha,Jaipur,Premium
C02919,Priya Kapoor,Chennai,Basic
C02920,Ankit Singh,Kolkata,Premium
C02921,Karan Das,Bangalore,Premium
C02922,Neha Reddy,Jaipur,Premium
C02923,Sneha Verma,Hyderabad,Premium
C02924,Vikram Sinha,Hyderabad,Premium
C02925,Ankit Patel,Ahmedabad,Basic
C02926,Aditya Kapoor,Lucknow,Basic
C02927,Ankit Mishra,Lucknow,Basic
C02928,Ankit Das,Chennai,Standard
C02929,Ankit Khan,Delhi,Standard
C02930,Raj Iyer,Mumbai,Standard
C02931,Neha Sinha,Mumbai,Basic
C02932,Neha Malhotra,Hyderabad,Standard
C02933,Pooja Patel,Hyderabad,Standard
C02934,Aditya Iyer,Kolkata,Basic
C02935,Sneha Patel,Pune,Premium
C02936,Kavya Sharma,Kolkata,Premium
C02937,Amit Verma,Mumbai,Basic
C02938,Amit Khan,Chennai,Standard
C02939,Neha Joshi,Lucknow,Standard
C02940,Rahul Sharma,Hyderabad,Premium
C02941,Rohan Khan,Hyderabad,Standard
C02942,Aditya Khan,Kolkata,Basic
C02943,Neha Khan,Hyderabad,Premium
C02944,Priya Mishra,Chennai,Premium
C02945,Rahul Mishra,Bangalore,Standard
C02946,Vikram Iyer,Delhi,Standard
C02947,Raj Patel,Chennai,Standard
C02948,Neha Verma,Kolkata,Basic
C02949,Priya Reddy,Lucknow,Standard
C02950,Raj Malhotra,Delhi,Premium
C02951,Priya Sinha,Bangalore,Premium
C02952,Neha Reddy,Pune,Basic
C02953,Ankit Verma,Lucknow,Standard
C02954,Vikram Patel,Mumbai,Basic
C02955,Pooja Patel,Jaipur,Standard
C02956,Nisha Khan,Kolkata,Premium
C02957,Rahul Joshi,Chennai,Premium
C02958,Kavya Reddy,Lucknow,Standard
C02959,Neha Malhotra,Delhi,Standard
C02960,Nisha Joshi,Lucknow,Premium
C02961,Priya Reddy,Pune,Basic
C02962,Nisha Reddy,Kolkata,Standard
C02963,Karan Kapoor,Bangalore,Standard
C02964,Aditya Verma,Jaipur,Basic
C02965,Arjun Malhotra,Ahmedabad,Standard
C02966,Rohan Das,Pune,Basic
C02967,Raj Iyer,Lucknow,Basic
C02968,Rahul Patel,Hyderabad,Premium
C02969,Arjun Mishra,Hyderabad,Standard
C02970,Neha Singh,Pune,Standard
C02971,Pooja Khan,Kolkata,Standard
C02972,Karan Gupta,Bangalore,Premium
C02973,Rohan Kapoor,Jaipur,Standard
C02974,Neha Das,Mumbai,Standard
C02975,Karan Das,Kolkata,Standard
C02976,Arjun Kapoor,Pune,Standard
C02977,Ankit Iyer,Ahmedabad,Standard
C02978,Rohan Mehta,Mumbai,Premium
C02979,Arjun Patel,Chennai,Basic
C02980,Amit Verma,Delhi,Standard
C02981,Kavya Reddy,Jaipur,Basic
C02982,Vikram Gupta,Chennai,Premium
C02983,Amit Gupta,Delhi,Standard
C02984,Rahul Reddy,Hyderabad,Standard
C02985,Neha Joshi,Kolkata,Standard
C02986,Rohan Malhotra,Chennai,Premium
C02987,Aditya Das,Bangalore,Basic
C02988,Aditya Reddy,Chennai,Premium
C02989,Nisha Singh,Chennai,Standard
C02990,Nisha Mehta,Pune,Basic
C02991,Nisha Joshi,Mumbai,Standard
C02992,Vikram Reddy,Bangalore,Standard
C02993,Neha Patel,Hyderabad,Standard
C02994,Neha Reddy,Lucknow,Basic
C02995,Nisha Kapoor,Ahmedabad,Standard
C02996,Nisha Gupta,Kolkata,Premium
C02997,Sneha Iyer,Pune,Premium
C02998,Arjun Kapoor,Jaipur,Premium
C02999,Ankit Khan,Lucknow,Premium
C03000,Rohan Malhotra,Mumbai,Standard
C03001,Nisha Joshi,Kolkata,Standard
C03002,Neha Mehta,Pune,Basic
C03003,Nisha Mehta,Jaipur,Standard
C03004,Ankit Das,Mumbai,Basic
C03005,Nisha Sharma,Bangalore,Premium
C03006,Ankit Das,Lucknow,Basic
C03007,Pooja Mishra,Pune,Standard
C03008,Neha Mehta,Delhi,Basic
C03009,Sneha Patel,Ahmedabad,Premium
C03010,Ankit Das,Ahmedabad,Basic
C03011,Raj Singh,Delhi,Premium
C03012,Amit Joshi,Jaipur,Premium
C03013,Rahul Mishra,Lucknow,Standard
C03014,Rahul Khan,Hyderabad,Premium
C03015,Raj Mehta,Chennai,Premium
C03016,Neha Singh,Jaipur,Premium
C03017,Arjun Sharma,Kolkata,Basic
C03018,Rahul Khan,Kolkata,Standard
C03019,Sneha Khan,Delhi,Premium
C03020,Karan Mehta,Ahmedabad,Basic
C03021,Amit Mehta,Hyderabad,Premium
C03022,Kavya Patel,Chennai,Standard
C03023,Kavya Malhotra,Ahmedabad,Premium
C03024,Pooja Das,Chennai,Basic
C03025,Neha Reddy,Ahmedabad,Standard
C03026,Neha Sharma,Bangalore,Standard
C03027,Amit Mishra,Pune,Basic
C03028,Nisha Patel,Jaipur,Standard
C03029,Raj Das,Ahmedabad,Standard
C03030,Arjun Das,Mumbai,Basic
C03031,Amit Singh,Ahmedabad,Standard
C03032,Aditya Mishra,Chennai,Standard
C03033,Pooja Mishra,Bangalore,Standard
C03034,Neha Khan,Lucknow,Basic
C03035,Sneha Kapoor,Pune,Basic
C03036,Priya Malhotra,Lucknow,Premium
C03037,Sneha Malhotra,Mumbai,Premium
C03038,Raj Mishra,Bangalore,Standard
C03039,Raj Joshi,Jaipur,Standard
C03040,Vikram Sinha,Delhi,Basic
C03041,Aditya Malhotra,Hyderabad,Standard
C03042,Sneha Iyer,Jaipur,Premium
C03043,Ankit Gupta,Delhi,Basic
C03044,Nisha Iyer,Kolkata,Standard
C03045,Arjun Khan,Chennai,Premium
C03046,Karan Sharma,Ahmedabad,Premium
C03047,Amit Joshi,Ahmedabad,Standard
C03048,Ankit Malhotra,Pune,Premium
C03049,Sneha Sharma,Mumbai,Standard
C03050,Amit Malhotra,Bangalore,Standard
C03051,Vikram Malhotra,Ahmedabad,Standard
C03052,Arjun Gupta,Delhi,Basic
C03053,Vikram Patel,Ahmedabad,Premium
C03054,Arjun Mishra,Chennai,Premium
C03055,Priya Mishra,Mumbai,Basic
C03056,Amit Khan,Chennai,Premium
C03057,Karan Malhotra,Pune,Premium
C03058,Amit Joshi,Mumbai,Basic
C03059,Rohan Khan,Ahmedabad,Standard
C03060,Priya Patel,Mumbai,Basic
C03061,Karan Patel,Ahmedabad,Basic
C03062,Rahul Mishra,Jaipur,Basic
C03063,Vikram Malhotra,Delhi,Standard
C03064,Aditya Singh,Ahmedabad,Premium
C03065,Pooja Sharma,Mumbai,Standard
C03066,Nisha Patel,Hyderabad,Standard
C03067,Raj Patel,Hyderabad,Premium
C03068,Rahul Mehta,Mumbai,Premium
C03069,Ankit Mishra,Hyderabad,Basic
C03070,Vikram Gupta,Hyderabad,Premium
C03071,Nisha Mishra,Bangalore,Basic
C03072,Priya Sharma,Pune,Basic
C03073,Amit Mishra,Kolkata,Standard
C03074,Karan Joshi,Hyderabad,Basic
C03075,Neha Sinha,Jaipur,Standard
C03076,Sneha Gupta,Hyderabad,Premium
C03077,Amit Verma,Kolkata,Premium
C03078,Rahul Mehta,Kolkata,Premium
C03079,Sneha Patel,Ahmedabad,Premium
C03080,Amit Joshi,Chennai,Basic
C03081,Pooja Verma,Mumbai,Premium
C03082,Raj Patel,Pune,Standard
C03083,Nisha Das,Ahmedabad,Premium
C03084,Aditya Reddy,Lucknow,Premium
C03085,Rohan Gupta,Lucknow,Standard
C03086,Vikram Malhotra,Pune,Basic
C03087,Raj Iyer,Bangalore,Standard
C03088,Priya Joshi,Kolkata,Basic
C03089,Arjun Gupta,Kolkata,Premium
C03090,Pooja Sinha,Lucknow,Standard
C03091,Sneha Reddy,Hyderabad,Basic
C03092,Pooja Malhotra,Mumbai,Premium
C03093,Rahul Das,Delhi,Standard
C03094,Neha Malhotra,Pune,Premium
C03095,Pooja Gupta,Mumbai,Premium
C03096,Ankit Kapoor,Chennai,Premium
C03097,Priya Mehta,Hyderabad,Basic
C03098,Rahul Patel,Lucknow,Standard
C03099,Aditya Sinha,Kolkata,Premium
C03100,Rohan Verma,Mumbai,Basic
C03101,Nisha Mehta,Chennai,Premium
C03102,Neha Mishra,Kolkata,Standard
C03103,Neha Patel,Jaipur,Premium
C03104,Raj Sinha,Hyderabad,Basic
C03105,Aditya Malhotra,Hyderabad,Basic
C03106,Kavya Mehta,Jaipur,Standard
C03107,Priya Kapoor,Mumbai,Premium
C03108,Kavya Kapoor,Delhi,Premium
C03109,Rahul Joshi,Bangalore,Premium
C03110,Priya Gupta,Bangalore,Basic
C03111,Karan Mishra,Hyderabad,Premium
C03112,Karan Gupta,Pune,Basic
C03113,Arjun Singh,Bangalore,Basic
C03114,Neha Patel,Pune,Premium
C03115,Pooja Patel,Chennai,Standard
C03116,Pooja Kapoor,Hyderabad,Standard
C03117,Kavya Iyer,Ahmedabad,Premium
C03118,Ankit Mehta,Pune,Premium
C03119,Arjun Kapoor,Pune,Basic
C03120,Pooja Malhotra,Pune,Premium
C03121,Kavya Iyer,Ahmedabad,Premium
C03122,Nisha Mehta,Pune,Premium
C03123,Nisha Sinha,Chennai,Basic
C03124,Karan Khan,Jaipur,Basic
C03125,Priya Singh,Pune,Standard
C03126,Rohan Kapoor,Chennai,Standard
C03127,Karan Das,Ahmedabad,Premium
C03128,Ankit Khan,Ahmedabad,Premium
C03129,Priya Sinha,Hyderabad,Premium
C03130,Rahul Mishra,Jaipur,Basic
C03131,Aditya Verma,Ahmedabad,Standard
C03132,Raj Mehta,Pune,Basic
C03133,Ankit Mehta,Ahmedabad,Standard
C03134,Vikram Das,Delhi,Standard
C03135,Raj Sharma,Delhi,Standard
C03136,Raj Das,Bangalore,Premium
C03137,Nisha Mehta,Chennai,Basic
C03138,Ankit Reddy,Ahmedabad,Basic
C03139,Aditya Verma,Mumbai,Basic
C03140,Sneha Sinha,Pune,Basic
C03141,Neha Patel,Ahmedabad,Premium
C03142,Raj Mishra,Kolkata,Basic
C03143,Aditya Joshi,Mumbai,Basic
C03144,Vikram Joshi,Bangalore,Standard
C03145,Pooja Kapoor,Bangalore,Standard
C03146,Neha Das,Lucknow,Basic
C03147,Kavya Khan,Mumbai,Premium
C03148,Nisha Gupta,Pune,Standard
C03149,Aditya Das,Delhi,Basic
C03150,Raj Patel,Pune,Premium
C03151,Kavya Mehta,Chennai,Basic
C03152,Rohan Reddy,Jaipur,Basic
C03153,Raj Mehta,Lucknow,Standard
C03154,Aditya Mehta,Delhi,Premium
C03155,Vikram Das,Kolkata,Premium
C03156,Rohan Malhotra,Hyderabad,Basic
C03157,Sneha Malhotra,Chennai,Premium
C03158,Priya Mishra,Ahmedabad,Premium
C03159,Amit Gupta,Pune,Basic
C03160,Sneha Joshi,Chennai,Basic
C03161,Sneha Khan,Bangalore,Standard
C03162,Priya Malhotra,Bangalore,Premium
C03163,Arjun Khan,Jaipur,Premium
C03164,Arjun Das,Hyderabad,Premium
C03165,Neha Sharma,Bangalore,Premium
C03166,Rohan Sinha,Pune,Standard
C03167,Vikram Sinha,Lucknow,Premium
C03168,Kavya Joshi,Bangalore,Premium
C03169,Rohan Gupta,Pune,Premium
C03170,Rohan Gupta,Kolkata,Premium
C03171,Pooja Patel,Ahmedabad,Standard
C03172,Vikram Iyer,Delhi,Premium
C03173,Rahul Singh,Mumbai,Basic
C03174,Pooja Iyer,Mumbai,Premium
C03175,Neha Reddy,Mumbai,Standard
C03176,Pooja Reddy,Chennai,Standard
C03177,Arjun Iyer,Kolkata,Basic
C03178,Sneha Verma,Kolkata,Basic
C03179,Raj Verma,Kolkata,Premium
C03180,Ankit Joshi,Pune,Standard
C03181,Pooja Sharma,Kolkata,Standard
C03182,Nisha Gupta,Mumbai,Standard
C03183,Kavya Malhotra,Pune,Basic
C03184,Kavya Sinha,Bangalore,Premium
C03185,Pooja Gupta,Jaipur,Standard
C03186,Aditya Iyer,Hyderabad,Standard
C03187,Arjun Das,Ahmedabad,Basic
C03188,Sneha Joshi,Hyderabad,Premium
C03189,Vikram Mishra,Kolkata,Premium
C03190,Vikram Verma,Mumbai,Basic
C03191,Ankit Joshi,Ahmedabad,Premium
C03192,Pooja Kapoor,Pune,Basic
C03193,Pooja Iyer,Delhi,Standard
C03194,Sneha Sinha,Ahmedabad,Basic
C03195,Kavya Malhotra,Delhi,Basic
C03196,Sneha Singh,Lucknow,Premium
C03197,Aditya Khan,Jaipur,Basic
C03198,Nisha Mishra,Jaipur,Premium
C03199,Priya Kapoor,Delhi,Standard
C03200,Kavya Joshi,Jaipur,Standard
C03201,Priya Sinha,Ahmedabad,Premium
C03202,Arjun Joshi,Jaipur,Premium
C03203,Neha Patel,Bangalore,Basic
C03204,Aditya Gupta,Delhi,Standard
C03205,Aditya Sharma,Bangalore,Standard
C03206,Raj Mehta,Chennai,Premium
C03207,Aditya Singh,Ahmedabad,Basic
C03208,Amit Joshi,Bangalore,Basic
C03209,Vikram Malhotra,Ahmedabad,Premium
C03210,Nisha Malhotra,Kolkata,Premium
C03211,Raj Das,Lucknow,Premium
C03212,Vikram Verma,Pune,Basic
C03213,Aditya Malhotra,Pune,Basic
C03214,Vikram Iyer,Jaipur,Standard
C03215,Nisha Patel,Hyderabad,Standard
C03216,Amit Singh,Delhi,Premium
C03217,Amit Verma,Lucknow,Premium
C03218,Aditya Gupta,Lucknow,Standard
C03219,Priya Mishra,Kolkata,Standard
C03220,Pooja Malhotra,Mumbai,Standard
C03221,Rahul Das,Jaipur,Premium
C03222,Kavya Mehta,Pune,Standard
C03223,Nisha Verma,Bangalore,Basic
C03224,Vikram Das,Lucknow,Premium
C03225,Amit Mehta,Mumbai,Basic
C03226,Kavya Kapoor,Kolkata,Premium
C03227,Kavya Singh,Hyderabad,Standard
C03228,Vikram Kapoor,Bangalore,Basic
C03229,Rohan Khan,Mumbai,Basic
C03230,Ankit Singh,Jaipur,Basic
C03231,Amit Singh,Lucknow,Standard
C03232,Vikram Mishra,Hyderabad,Standard
C03233,Rohan Malhotra,Pune,Premium
C03234,Nisha Verma,Bangalore,Basic
C03235,Neha Mishra,Hyderabad,Basic
C03236,Aditya Sharma,Bangalore,Standard
C03237,Aditya Mehta,Chennai,Basic
C03238,Raj Mishra,Bangalore,Premium
C03239,Karan Mehta,Kolkata,Standard
C03240,Vikram Kapoor,Kolkata,Standard
C03241,Sneha Gupta,Jaipur,Basic
C03242,Rohan Singh,Hyderabad,Basic
C03243,Kavya Reddy,Pune,Premium
C03244,Priya Verma,Lucknow,Premium
C03245,Kavya Sinha,Chennai,Standard
C03246,Vikram Khan,Lucknow,Premium
C03247,Arjun Malhotra,Ahmedabad,Standard
C03248,Raj Khan,Hyderabad,Premium
C03249,Nisha Malhotra,Hyderabad,Basic
C03250,Vikram Sharma,Kolkata,Basic
C03251,Kavya Das,Delhi,Basic
C03252,Nisha Mishra,Bangalore,Standard
C03253,Sneha Joshi,Bangalore,Premium
C03254,Amit Verma,Ahmedabad,Premium
C03255,Rahul Gupta,Jaipur,Basic
C03256,Ankit Das,Pune,Premium
C03257,Vikram Malhotra,Pune,Premium
C03258,Rahul Gupta,Hyderabad,
C03259,Arjun Singh,Lucknow,Premium
C03260,Vikram Malhotra,Pune,Basic
C03261,Nisha Joshi,Delhi,Standard
C03262,Kavya Mishra,Pune,Standard
C03263,Vikram Joshi,Ahmedabad,Standard
C03264,Rahul Gupta,Delhi,Premium
C03265,Amit Kapoor,Jaipur,Premium
C03266,Rahul Das,Lucknow,Basic
C03267,Arjun Singh,Delhi,Basic
C03268,Priya Mehta,Ahmedabad,Basic
C03269,Aditya Mehta,Chennai,Basic
C03270,Priya Gupta,Kolkata,Premium
C03271,Aditya Sinha,Jaipur,Premium
C03272,Sneha Mishra,Mumbai,Standard
C03273,Karan Mishra,Jaipur,Basic
C03274,Arjun Gupta,Jaipur,Basic
C03275,Karan Malhotra,Delhi,Premium
C03276,Vikram Sinha,Delhi,Premium
C03277,Kavya Das,Bangalore,Premium
C03278,Karan Kapoor,Kolkata,Premium
C03279,Rahul Khan,Lucknow,Premium
C03280,Vikram Khan,Delhi,Basic
C03281,Rohan Mishra,Mumbai,Premium
C03282,Amit Reddy,Chennai,Standard
C03283,Karan Khan,Pune,Basic
C03284,Rahul Patel,Chennai,Premium
C03285,Karan Sinha,Chennai,Basic
C03286,Karan Kapoor,Bangalore,Basic
C03287,Arjun Malhotra,Kolkata,Basic
C03288,Raj Verma,Lucknow,Basic
C03289,Karan Patel,Delhi,Basic
C03290,Kavya Sharma,Hyderabad,Premium
C03291,Neha Khan,Chennai,Premium
C03292,Priya Das,Jaipur,Premium
C03293,Pooja Verma,Chennai,Premium
C03294,Aditya Das,Pune,Premium
C03295,Karan Singh,Chennai,Standard
C03296,Vikram Sinha,Bangalore,Standard
C03297,Arjun Gupta,Chennai,Basic
C03298,Sneha Malhotra,Bangalore,Basic
C03299,Neha Gupta,Chennai,Basic
C03300,Aditya Joshi,Hyderabad,Basic
C03301,Ankit Das,Jaipur,Basic
C03302,Priya Mehta,Bangalore,Standard
C03303,Nisha Mehta,Pune,Premium
C03304,Pooja Patel,Delhi,Standard
C03305,Amit Reddy,Delhi,Basic
C03306,Karan Mehta,Delhi,Standard
C03307,Vikram Gupta,Kolkata,Standard
C03308,Nisha Singh,Bangalore,Premium
C03309,Rohan Sharma,Delhi,Standard
C03310,Neha Mehta,Delhi,Premium
C03311,Priya Reddy,Chennai,Basic
C03312,Kavya Iyer,Ahmedabad,Premium
C03313,Karan Verma,Lucknow,Standard
C03314,Karan Singh,Lucknow,Premium
C03315,Raj Sharma,Bangalore,Standard
C03316,Nisha Mehta,Bangalore,Standard
C03317,Nisha Malhotra,Jaipur,Basic
C03318,Pooja Sinha,Pune,Standard
C03319,Pooja Khan,Chennai,Premium
C03320,Vikram Reddy,Bangalore,Basic
C03321,Priya Khan,Pune,Basic
C03322,Aditya Singh,Mumbai,Basic
C03323,Vikram Verma,Hyderabad,Basic
C03324,Pooja Mehta,Ahmedabad,Premium
C03325,Arjun Verma,Ahmedabad,Basic
C03326,Rohan Singh,Pune,Basic
C03327,Aditya Sinha,Hyderabad,Standard
C03328,Vikram Mishra,Delhi,Standard
C03329,Sneha Iyer,Kolkata,Premium
C03330,Vikram Gupta,Delhi,Basic
C03331,Neha Gupta,Bangalore,Basic
C03332,Rahul Gupta,Chennai,Basic
C03333,Raj Kapoor,Mumbai,Standard
C03334,Vikram Reddy,Bangalore,Standard
C03335,Arjun Reddy,Jaipur,Basic
C03336,Amit Mehta,Mumbai,Basic
C03337,Neha Sinha,Mumbai,Basic
C03338,Sneha Malhotra,Jaipur,Basic
C03339,Ankit Patel,Jaipur,Basic
C03340,Pooja Sharma,Lucknow,Standard
C03341,Priya Joshi,Jaipur,Premium
C03342,Priya Gupta,Kolkata,Premium
C03343,Karan Verma,Mumbai,Standard
C03344,Arjun Mehta,Bangalore,Standard
C03345,Amit Verma,Hyderabad,Basic
C03346,Kavya Iyer,Delhi,Standard
C03347,Rohan Kapoor,Chennai,Standard
C03348,Neha Sharma,Lucknow,Standard
C03349,Neha Sinha,Chennai,Basic
C03350,Karan Mishra,Mumbai,Standard
C03351,Raj Das,Ahmedabad,Premium
C03352,Ankit Sharma,Lucknow,Standard
C03353,Ankit Singh,Kolkata,Premium
C03354,Rahul Verma,Bangalore,Standard
C03355,Ankit Sharma,Delhi,Standard
C03356,Arjun Patel,Delhi,Basic
C03357,Karan Sinha,Bangalore,Standard
C03358,Amit Sinha,Ahmedabad,Premium
C03359,Priya Iyer,Chennai,Premium
C03360,Arjun Mehta,Kolkata,Standard
C03361,Ankit Mehta,Bangalore,Basic
C03362,Nisha Singh,Delhi,Standard
C03363,Vikram Mishra,Ahmedabad,Premium
C03364,Priya Verma,Pune,Premium
C03365,Ankit Sinha,Hyderabad,Premium
C03366,Neha Singh,Mumbai,Premium
C03367,Sneha Mehta,Kolkata,Premium
C03368,Priya Joshi,Hyderabad,Standard
C03369,Vikram Singh,Delhi,Standard
C03370,Arjun Reddy,Ahmedabad,Basic
C03371,Aditya Khan,Kolkata,Standard
C03372,Karan Malhotra,Pune,Premium
C03373,Amit Gupta,Mumbai,Premium
C03374,Priya Verma,Jaipur,Premium
C03375,Nisha Joshi,Hyderabad,Premium
C03376,Vikram Mishra,Kolkata,Standard
C03377,Pooja Malhotra,Mumbai,Standard
C03378,Arjun Singh,Chennai,Standard
C03379,Amit Iyer,Pune,Premium
C03380,Pooja Khan,Jaipur,Premium
C03381,Neha Singh,Delhi,Standard
C03382,Aditya Patel,Pune,Premium
C03383,Arjun Malhotra,Delhi,Basic
C03384,Aditya Reddy,Lucknow,Premium
C03385,Neha Mishra,Lucknow,Basic
C03386,Vikram Khan,Hyderabad,Premium
C03387,Priya Mehta,Mumbai,Standard
C03388,Neha Sinha,Bangalore,Standard
C03389,Rahul Das,Hyderabad,Premium
C03390,Kavya Sharma,Pune,Standard
C03391,Karan Singh,Hyderabad,Premium
C03392,Ankit Mehta,Ahmedabad,Premium
C03393,Karan Mehta,Mumbai,Standard
C03394,Amit Singh,Kolkata,Standard
C03395,Ankit Malhotra,Pune,Premium
C03396,Ankit Sinha,Mumbai,Premium
C03397,Rahul Sharma,Mumbai,Basic
C03398,Aditya Verma,Hyderabad,Standard
C03399,Arjun Singh,Lucknow,Premium
C03400,Sneha Khan,Chennai,Standard
C03401,Ankit Verma,Chennai,Premium
C03402,Amit Joshi,Mumbai,Basic
C03403,Karan Iyer,Bangalore,Standard
C03404,Ankit Malhotra,Kolkata,Basic
C03405,Nisha Das,Jaipur,Basic
C03406,Ankit Patel,Chennai,Premium
C03407,Pooja Mehta,Delhi,Premium
C03408,Priya Joshi,Lucknow,Premium
C03409,Rahul Das,Hyderabad,Premium
C03410,Aditya Kapoor,Delhi,Premium
C03411,Karan Das,Kolkata,Standard
C03412,Aditya Kapoor,Hyderabad,Basic
C03413,Aditya Khan,Mumbai,Premium
C03414,Neha Mehta,Jaipur,Basic
C03415,Rohan Sinha,Jaipur,Standard
C03416,Raj Verma,Ahmedabad,Basic
C03417,Aditya Gupta,Pune,Premium
C03418,Arjun Mehta,Jaipur,Basic
C03419,Nisha Sharma,Bangalore,Basic
C03420,Rohan Malhotra,Bangalore,Standard
C03421,Rahul Das,Mumbai,Basic
C03422,Neha Malhotra,Pune,Standard
C03423,Vikram Reddy,Jaipur,Premium
C03424,Priya Kapoor,Jaipur,Standard
C03425,Karan Iyer,Pune,Standard
C03426,Pooja Singh,Hyderabad,Premium
C03427,Rahul Khan,Lucknow,Premium
C03428,Pooja Malhotra,Mumbai,Basic
C03429,Arjun Reddy,Jaipur,Standard
C03430,Rohan Mishra,Hyderabad,Standard
C03431,Aditya Singh,Jaipur,Premium
C03432,Priya Patel,Mumbai,Basic
C03433,Neha Singh,Mumbai,Basic
C03434,Priya Sinha,Chennai,Premium
C03435,Rohan Mishra,Mumbai,Basic
C03436,Neha Mishra,Hyderabad,Basic
C03437,Amit Sharma,Kolkata,Basic
C03438,Pooja Verma,Kolkata,Premium
C03439,Aditya Sinha,Jaipur,Standard
C03440,Aditya Khan,Pune,Basic
C03441,Rohan Verma,Mumbai,Basic
C03442,Kavya Sharma,Kolkata,Premium
C03443,Aditya Singh,Bangalore,Standard
C03444,Rahul Reddy,Lucknow,Premium
C03445,Aditya Malhotra,Pune,Basic
C03446,Rohan Mishra,Lucknow,Basic
C03447,Neha Mishra,Ahmedabad,Premium
C03448,Ankit Singh,Hyderabad,Basic
C03449,Vikram Iyer,Pune,Premium
C03450,Arjun Patel,Pune,Standard
C03451,Priya Sinha,Ahmedabad,Premium
C03452,Arjun Khan,Ahmedabad,Premium
C03453,Kavya Mishra,Bangalore,Premium
C03454,Pooja Kapoor,Bangalore,Basic
C03455,Rohan Sharma,Chennai,Premium
C03456,Raj Khan,Pune,Basic
C03457,Pooja Patel,Delhi,Premium
C03458,Amit Mehta,Hyderabad,Standard
C03459,Raj Joshi,Pune,Premium
C03460,Aditya Reddy,Bangalore,Basic
C03461,Nisha Iyer,Mumbai,Basic
C03462,Amit Mehta,Pune,Premium
C03463,Amit Mishra,Mumbai,Basic
C03464,Raj Sharma,Bangalore,Premium
C03465,Nisha Gupta,Chennai,Premium
C03466,Vikram Das,Mumbai,Premium
C03467,Nisha Gupta,Jaipur,Basic
C03468,Kavya Verma,Delhi,Premium
C03469,Priya Kapoor,Lucknow,Standard
C03470,Kavya Khan,Chennai,Standard
C03471,Arjun Khan,Hyderabad,Premium
C03472,Karan Malhotra,Chennai,Basic
C03473,Karan Gupta,Mumbai,Premium
C03474,Amit Reddy,Chennai,Premium
C03475,Karan Sinha,Pune,Premium
C03476,Rahul Sinha,Hyderabad,Premium
C03477,Neha Mehta,Pune,Premium
C03478,Ankit Joshi,Chennai,Premium
C03479,Raj Sinha,Pune,Basic
C03480,Raj Malhotra,Delhi,Standard
C03481,Priya Gupta,Hyderabad,Premium
C03482,Rohan Verma,Delhi,Basic
C03483,Ankit Gupta,Kolkata,Premium
C03484,Raj Sharma,Lucknow,Premium
C03485,Priya Mehta,Jaipur,Standard
C03486,Pooja Khan,Pune,Premium
C03487,Raj Joshi,Chennai,Basic
C03488,Kavya Singh,Kolkata,Premium
C03489,Rohan Sinha,Ahmedabad,Basic
C03490,Ankit Sinha,Chennai,Basic
C03491,Nisha Gupta,Mumbai,Premium
C03492,Nisha Joshi,Bangalore,Standard
C03493,Priya Mehta,Ahmedabad,Basic
C03494,Nisha Iyer,Ahmedabad,Premium
C03495,Amit Das,Pune,Basic
C03496,Rohan Khan,Delhi,Standard
C03497,Priya Khan,Pune,Standard
C03498,Ankit Kapoor,Pune,Standard
C03499,Aditya Mehta,Lucknow,Basic
C03500,Ankit Khan,Hyderabad,Standard
C03501,Sneha Reddy,Ahmedabad,Basic
C03502,Karan Kapoor,Jaipur,Basic
C03503,Kavya Patel,Pune,Premium
C03504,Pooja Malhotra,Pune,Basic
C03505,Pooja Iyer,Hyderabad,Basic
C03506,Amit Patel,Kolkata,Premium
C03507,Neha Mishra,Mumbai,Standard
C03508,Karan Kapoor,Bangalore,Premium
C03509,Rahul Sinha,Kolkata,Standard
C03510,Kavya Mishra,Bangalore,Standard
C03511,Arjun Khan,Jaipur,Standard
C03512,Neha Patel,Hyderabad,Premium
C03513,Aditya Khan,Delhi,Basic
C03514,Aditya Khan,Pune,Basic
C03515,Rahul Malhotra,Pune,Standard
C03516,Rahul Malhotra,Delhi,Basic
C03517,Pooja Gupta,Ahmedabad,Basic
C03518,Kavya Khan,Mumbai,Premium
C03519,Ankit Khan,Delhi,Premium
C03520,Amit Sharma,Lucknow,Standard
C03521,Priya Iyer,Bangalore,Standard
C03522,Aditya Khan,Jaipur,Basic
C03523,Rohan Kapoor,Pune,Basic
C03524,Ankit Kapoor,Mumbai,Standard
C03525,Amit Khan,Mumbai,Basic
C03526,Rahul Das,Bangalore,Basic
C03527,Priya Sharma,Pune,Standard
C03528,Vikram Sinha,Ahmedabad,
C03529,Aditya Mishra,Chennai,Basic
C03530,Karan Singh,Hyderabad,Standard
C03531,Raj Khan,Chennai,Premium
C03532,Karan Mehta,Bangalore,Basic
C03533,Neha Mehta,Lucknow,Premium
C03534,Neha Mehta,Bangalore,Basic
C03535,Karan Das,Delhi,Basic
C03536,Arjun Kapoor,Kolkata,Basic
C03537,Vikram Mehta,Pune,Premium
C03538,Rahul Iyer,Kolkata,Basic
C03539,Sneha Patel,Chennai,Premium
C03540,Amit Gupta,Kolkata,Basic
C03541,Nisha Mishra,Kolkata,Premium
C03542,Neha Singh,Bangalore,Basic
C03543,Amit Gupta,Hyderabad,Basic
C03544,Rahul Iyer,Chennai,Premium
C03545,Karan Patel,Mumbai,Premium
C03546,Rohan Gupta,Lucknow,Basic
C03547,Rahul Das,Ahmedabad,Premium
C03548,Rahul Verma,Delhi,Standard
C03549,Rahul Verma,Chennai,Standard
C03550,Karan Patel,Kolkata,Standard
C03551,Aditya Verma,Bangalore,Basic
C03552,Vikram Gupta,Kolkata,Standard
C03553,Raj Malhotra,Jaipur,Premium
C03554,Karan Iyer,Bangalore,Premium
C03555,Pooja Iyer,Pune,Standard
C03556,Pooja Mishra,Mumbai,Standard
C03557,Priya Khan,Ahmedabad,Premium
C03558,Raj Joshi,Delhi,Basic
C03559,Neha Sinha,Hyderabad,Basic
C03560,Vikram Khan,Bangalore,Basic
C03561,Karan Malhotra,Lucknow,Basic
C03562,Karan Sinha,Kolkata,Standard
C03563,Nisha Khan,Kolkata,Standard
C03564,Ankit Das,Pune,Premium
C03565,Raj Malhotra,Pune,Premium
C03566,Neha Das,Lucknow,Premium
C03567,Priya Das,Ahmedabad,Premium
C03568,Nisha Sharma,Bangalore,Standard
C03569,Karan Mishra,Delhi,Standard
C03570,Amit Kapoor,Kolkata,Premium
C03571,Raj Singh,Bangalore,Premium
C03572,Rohan Das,Kolkata,Standard
C03573,Amit Gupta,Bangalore,Basic
C03574,Nisha Kapoor,Chennai,Standard
C03575,Rohan Iyer,Ahmedabad,Basic
C03576,Raj Khan,Delhi,Basic
C03577,Arjun Sharma,Kolkata,Standard
C03578,Sneha Mehta,Lucknow,Basic
C03579,Priya Kapoor,Kolkata,Basic
C03580,Kavya Das,Kolkata,Standard
C03581,Amit Joshi,Pune,Basic
C03582,Arjun Singh,Mumbai,Basic
C03583,Vikram Sharma,,Basic
C03584,Kavya Reddy,Mumbai,Premium
C03585,Kavya Gupta,Chennai,Standard
C03586,Priya Das,Pune,Premium
C03587,Neha Mehta,Ahmedabad,Basic
C03588,Amit Verma,Ahmedabad,Standard
C03589,Vikram Reddy,Ahmedabad,Premium
C03590,Amit Khan,Delhi,Standard
C03591,Nisha Mehta,Hyderabad,Standard
C03592,Ankit Gupta,Kolkata,Standard
C03593,Pooja Kapoor,Hyderabad,Basic
C03594,Aditya Kapoor,Delhi,Standard
C03595,Arjun Sharma,Jaipur,Premium
C03596,Arjun Khan,Hyderabad,Standard
C03597,Pooja Sharma,Lucknow,Standard
C03598,Rahul Sinha,Kolkata,Standard
C03599,Arjun Patel,Mumbai,Premium
C03600,Kavya Sharma,Pune,Standard
C03601,Rohan Joshi,Bangalore,Premium
C03602,Priya Gupta,Chennai,Standard
C03603,Amit Singh,Ahmedabad,Standard
C03604,Karan Patel,Chennai,Premium
C03605,Kavya Sharma,Delhi,Standard
C03606,Ankit Iyer,Chennai,Premium
C03607,Neha Verma,Pune,Standard
C03608,Arjun Reddy,Bangalore,Basic
C03609,Sneha Verma,Lucknow,Standard
C03610,Kavya Sharma,Jaipur,Basic
C03611,Neha Gupta,Lucknow,Basic
C03612,Priya Verma,Kolkata,
C03613,Priya Sinha,Ahmedabad,Premium
C03614,Arjun Mishra,Kolkata,Premium
C03615,Nisha Joshi,Pune,Standard
C03616,Karan Malhotra,Mumbai,Standard
C03617,Kavya Mishra,Bangalore,Basic
C03618,Arjun Joshi,Lucknow,Premium
C03619,Rahul Patel,Hyderabad,Standard
C03620,Aditya Reddy,Bangalore,Basic
C03621,Sneha Patel,Kolkata,Premium
C03622,Neha Joshi,Lucknow,Premium
C03623,Ankit Mishra,Kolkata,Premium
C03624,Rohan Sinha,Chennai,Basic
C03625,Kavya Mishra,Delhi,Basic
C03626,Arjun Joshi,Ahmedabad,Standard
C03627,Sneha Verma,Kolkata,Basic
C03628,Sneha Reddy,Kolkata,Premium
C03629,Raj Khan,Ahmedabad,Standard
C03630,Ankit Khan,Jaipur,Basic
C03631,Priya Reddy,Pune,Standard
C03632,Rohan Mishra,Pune,Basic
C03633,Rohan Malhotra,Lucknow,Premium
C03634,Amit Iyer,Delhi,Premium
C03635,Vikram Sharma,Lucknow,Standard
C03636,Amit Kapoor,Lucknow,Basic
C03637,Amit Joshi,Ahmedabad,Basic
C03638,Pooja Iyer,Mumbai,Basic
C03639,Rohan Mishra,Pune,Premium
C03640,Neha Iyer,Ahmedabad,Basic
C03641,Sneha Gupta,Hyderabad,Standard
C03642,Amit Verma,Ahmedabad,Standard
C03643,Raj Mishra,Pune,Premium
C03644,Ankit Iyer,Hyderabad,Basic
C03645,Rohan Singh,Chennai,Standard
C03646,Kavya Sinha,Pune,Basic
C03647,Neha Sharma,Pune,Premium
C03648,Rahul Sharma,Bangalore,Standard
C03649,Kavya Mishra,Jaipur,Basic
C03650,Pooja Verma,Kolkata,Premium
C03651,Pooja Mehta,Hyderabad,Basic
C03652,Sneha Patel,Lucknow,Basic
C03653,Sneha Mishra,Mumbai,Basic
C03654,Sneha Khan,Pune,Basic
C03655,Priya Mehta,Kolkata,Basic
C03656,Priya Mehta,Hyderabad,Premium
C03657,Aditya Iyer,Bangalore,Basic
C03658,Amit Joshi,,Standard
C03659,Kavya Iyer,Chennai,Basic
C03660,Priya Verma,Hyderabad,Premium
C03661,Amit Sharma,Pune,Premium
C03662,Vikram Iyer,Lucknow,Premium
C03663,Rahul Das,Jaipur,Premium
C03664,Pooja Mehta,Mumbai,Basic
C03665,Aditya Khan,Ahmedabad,Basic
C03666,Vikram Iyer,Kolkata,Premium
C03667,Neha Joshi,Hyderabad,Standard
C03668,Neha Reddy,Hyderabad,Basic
C03669,Nisha Iyer,Pune,Standard
C03670,Vikram Sharma,Chennai,Premium
C03671,Raj Khan,Mumbai,Basic
C03672,Pooja Mishra,Delhi,Premium
C03673,Arjun Sinha,Lucknow,Premium
C03674,Amit Khan,Chennai,Standard
C03675,Raj Khan,Delhi,Premium
C03676,Arjun Mishra,Kolkata,Premium
C03677,Sneha Gupta,Ahmedabad,Premium
C03678,Sneha Gupta,Ahmedabad,Basic
C03679,Amit Patel,Pune,Standard
C03680,Raj Verma,Ahmedabad,Premium
C03681,Priya Singh,Mumbai,Premium
C03682,Vikram Das,Lucknow,Premium
C03683,Amit Verma,Kolkata,Standard
C03684,Pooja Das,Jaipur,Premium
C03685,Priya Reddy,Chennai,Premium
C03686,Neha Das,Mumbai,Basic
C03687,Rahul Reddy,Jaipur,Premium
C03688,Neha Mishra,Kolkata,Premium
C03689,Raj Patel,Mumbai,Standard
C03690,Priya Patel,Delhi,Basic
C03691,Aditya Khan,Chennai,Standard
C03692,Arjun Patel,Delhi,Standard
C03693,Aditya Reddy,Chennai,Standard
C03694,Aditya Iyer,Ahmedabad,Standard
C03695,Karan Mehta,Hyderabad,Standard
C03696,Priya Patel,Chennai,Standard
C03697,Amit Das,Lucknow,Standard
C03698,Priya Iyer,Hyderabad,Basic
C03699,Arjun Mehta,Ahmedabad,Standard
C03700,Pooja Malhotra,Chennai,Standard
C03701,Pooja Gupta,Lucknow,Standard
C03702,Sneha Patel,Lucknow,Standard
C03703,Ankit Sinha,Delhi,Standard
C03704,Priya Sinha,Mumbai,Basic
C03705,Rohan Das,Pune,Standard
C03706,Pooja Mishra,Jaipur,Standard
C03707,Sneha Sharma,Delhi,Premium
C03708,Nisha Verma,Pune,Premium
C03709,Ankit Patel,Delhi,Premium
C03710,Vikram Verma,Kolkata,Premium
C03711,Nisha Verma,Delhi,Premium
C03712,Ankit Malhotra,Mumbai,Basic
C03713,Ankit Patel,Ahmedabad,Basic
C03714,Nisha Verma,Hyderabad,Basic
C03715,Amit Mehta,Chennai,Basic
C03716,Neha Reddy,Hyderabad,Premium
C03717,Karan Singh,Lucknow,Basic
C03718,Amit Das,Pune,Basic
C03719,Nisha Mehta,Kolkata,Standard
C03720,Neha Patel,Mumbai,Standard
C03721,Arjun Sharma,Chennai,Standard
C03722,Amit Gupta,Ahmedabad,Premium
C03723,Pooja Verma,Lucknow,Standard
C03724,Neha Das,Mumbai,Standard
C03725,Rahul Joshi,Lucknow,Premium
C03726,Raj Kapoor,Chennai,Premium
C03727,Kavya Mehta,Mumbai,Basic
C03728,Raj Reddy,Mumbai,Standard
C03729,Vikram Sharma,Delhi,Standard
C03730,Amit Mishra,Pune,Basic
C03731,Rohan Singh,Kolkata,Standard
C03732,Sneha Gupta,Jaipur,Standard
C03733,Arjun Das,Mumbai,Standard
C03734,Rohan Malhotra,Ahmedabad,Standard
C03735,Kavya Joshi,Delhi,Standard
C03736,Pooja Gupta,Mumbai,Premium
C03737,Rahul Mishra,Mumbai,Premium
C03738,Amit Verma,Pune,Premium
C03739,Priya Gupta,Hyderabad,Basic
C03740,Raj Iyer,Kolkata,Basic
C03741,Rahul Sinha,Mumbai,Standard
C03742,Raj Iyer,Mumbai,Premium
C03743,Rahul Singh,Delhi,Standard
C03744,Ankit Malhotra,Lucknow,Standard
C03745,Rohan Malhotra,Bangalore,Premium
C03746,Pooja Kapoor,Delhi,Premium
C03747,Ankit Mishra,Bangalore,Basic
C03748,Raj Mishra,Pune,Basic
C03749,Arjun Joshi,Delhi,Basic
C03750,Karan Patel,Lucknow,Standard
C03751,Vikram Kapoor,Chennai,Standard
C03752,Nisha Malhotra,Ahmedabad,Premium
C03753,Amit Singh,Chennai,Basic
C03754,Amit Verma,Jaipur,Premium
C03755,Vikram Joshi,Hyderabad,Basic
C03756,Amit Gupta,Ahmedabad,Premium
C03757,Neha Sharma,Hyderabad,Standard
C03758,Kavya Mehta,Hyderabad,Standard
C03759,Amit Verma,Hyderabad,Basic
C03760,Nisha Reddy,Jaipur,Standard
C03761,Nisha Singh,Ahmedabad,Basic
C03762,Priya Mishra,Jaipur,Premium
C03763,Raj Khan,Hyderabad,Standard
C03764,Sneha Kapoor,Lucknow,Basic
C03765,Neha Iyer,Pune,Premium
C03766,Amit Singh,Pune,Premium
C03767,Vikram Singh,Lucknow,Basic
C03768,Amit Khan,Ahmedabad,Premium
C03769,Aditya Gupta,Hyderabad,Premium
C03770,Raj Kapoor,Bangalore,Standard
C03771,Rahul Kapoor,Jaipur,Standard
C03772,Ankit Singh,Delhi,Basic
C03773,Amit Verma,Pune,Premium
C03774,Priya Mehta,Jaipur,Standard
C03775,Karan Verma,Mumbai,Standard
C03776,Rohan Verma,Delhi,Premium
C03777,Vikram Mehta,Pune,Premium
C03778,Rohan Patel,Pune,Premium
C03779,Pooja Singh,Jaipur,Basic
C03780,Arjun Reddy,Pune,Premium
C03781,Vikram Sharma,Hyderabad,Premium
C03782,Neha Gupta,Mumbai,Premium
C03783,Pooja Singh,Hyderabad,Premium
C03784,Karan Gupta,Chennai,Premium
C03785,Raj Das,Pune,Standard
C03786,Sneha Gupta,Hyderabad,Basic
C03787,Kavya Sinha,Chennai,Standard
C03788,Neha Khan,Hyderabad,Standard
C03789,Vikram Singh,Lucknow,Standard
C03790,Aditya Sharma,Delhi,Premium
C03791,Karan Sinha,Lucknow,Standard
C03792,Aditya Singh,Hyderabad,Premium
C03793,Ankit Joshi,Delhi,Premium
C03794,Priya Verma,Ahmedabad,Premium
C03795,Rahul Joshi,Ahmedabad,Standard
C03796,Ankit Sharma,Bangalore,Standard
C03797,Raj Gupta,Bangalore,Basic
C03798,Nisha Mishra,Mumbai,Basic
C03799,Ankit Kapoor,Lucknow,Premium
C03800,Arjun Mishra,Hyderabad,Standard
C03801,Amit Sharma,Mumbai,Basic
C03802,Vikram Singh,Hyderabad,Basic
C03803,Karan Khan,Bangalore,Premium
C03804,Amit Singh,Kolkata,Standard
C03805,Arjun Malhotra,Kolkata,Basic
C03806,Rohan Joshi,Ahmedabad,Standard
C03807,Ankit Kapoor,Mumbai,Standard
C03808,Rohan Malhotra,Kolkata,Basic
C03809,Nisha Joshi,Lucknow,Standard
C03810,Amit Singh,Jaipur,Basic
C03811,Vikram Sharma,Bangalore,Standard
C03812,Kavya Patel,,Standard
C03813,Arjun Sharma,Hyderabad,Basic
C03814,Aditya Malhotra,Pune,Standard
C03815,Neha Malhotra,Delhi,Premium
C03816,Raj Mehta,Delhi,Standard
C03817,Raj Joshi,Jaipur,Standard
C03818,Raj Reddy,Bangalore,Standard
C03819,Raj Joshi,Kolkata,Standard
C03820,Sneha Das,Pune,Standard
C03821,Rohan Patel,Mumbai,Basic
C03822,Karan Malhotra,Kolkata,Basic
C03823,Amit Mehta,Ahmedabad,Basic
C03824,Nisha Iyer,Kolkata,Standard
C03825,Amit Sharma,Ahmedabad,Basic
C03826,Priya Kapoor,Bangalore,Basic
C03827,Rohan Das,Jaipur,Basic
C03828,Priya Singh,Ahmedabad,Standard
C03829,Amit Iyer,Chennai,Premium
C03830,Arjun Sharma,Hyderabad,Standard
C03831,Kavya Das,Delhi,Premium
C03832,Arjun Singh,Mumbai,Standard
C03833,Ankit Joshi,Mumbai,Premium
C03834,Rohan Khan,Kolkata,Standard
C03835,Nisha Mishra,Jaipur,Basic
C03836,Nisha Reddy,Bangalore,Premium
C03837,Aditya Singh,Bangalore,Basic
C03838,Neha Mehta,Lucknow,Premium
C03839,Rohan Patel,Mumbai,Standard
C03840,Raj Verma,Hyderabad,Basic
C03841,Vikram Mehta,Pune,Standard
C03842,Raj Gupta,Chennai,Standard
C03843,Pooja Singh,Bangalore,Basic
C03844,Sneha Joshi,Kolkata,Basic
C03845,Priya Joshi,Hyderabad,Standard
C03846,Priya Mehta,Jaipur,Premium
C03847,Rohan Singh,Delhi,Standard
C03848,Pooja Sinha,Ahmedabad,Basic
C03849,Priya Mehta,Pune,Premium
C03850,Priya Reddy,Ahmedabad,Basic
C03851,Ankit Reddy,Kolkata,Standard
C03852,Ankit Mehta,Ahmedabad,Standard
C03853,Sneha Kapoor,Mumbai,Basic
C03854,Rahul Iyer,Pune,Premium
C03855,Nisha Khan,Lucknow,Standard
C03856,Nisha Patel,Lucknow,Basic
C03857,Ankit Khan,Lucknow,Basic
C03858,Raj Das,Chennai,Premium
C03859,Nisha Mishra,Pune,Premium
C03860,Sneha Joshi,Mumbai,Standard
C03861,Nisha Iyer,Jaipur,Standard
C03862,Kavya Sharma,Delhi,Premium
C03863,Rohan Mishra,Delhi,Standard
C03864,Pooja Gupta,Chennai,Basic
C03865,Arjun Malhotra,Kolkata,Premium
C03866,Amit Malhotra,Lucknow,Basic
C03867,Karan Malhotra,Mumbai,Basic
C03868,Neha Reddy,Bangalore,Basic
C03869,Aditya Kapoor,Bangalore,Premium
C03870,Raj Joshi,Bangalore,Standard
C03871,Vikram Singh,Mumbai,Standard
C03872,Pooja Malhotra,Hyderabad,Premium
C03873,Amit Sharma,Bangalore,Basic
C03874,Raj Gupta,Jaipur,Premium
C03875,Neha Patel,Delhi,Standard
C03876,Rahul Mishra,Jaipur,Standard
C03877,Sneha Sharma,Delhi,Standard
C03878,Sneha Kapoor,Bangalore,Premium
C03879,Kavya Mishra,Jaipur,Standard
C03880,Kavya Das,Ahmedabad,Basic
C03881,Pooja Gupta,Pune,Premium
C03882,Vikram Sharma,Bangalore,Premium
C03883,Kavya Malhotra,Hyderabad,Premium
C03884,Karan Malhotra,Jaipur,Premium
C03885,Arjun Kapoor,Chennai,Standard
C03886,Vikram Gupta,Lucknow,Standard
C03887,Ankit Joshi,Chennai,Standard
C03888,Sneha Malhotra,Delhi,Standard
C03889,Sneha Mishra,Pune,Premium
C03890,Rahul Singh,Ahmedabad,Premium
C03891,Pooja Mehta,Mumbai,Basic
C03892,Rohan Sharma,Lucknow,Standard
C03893,Rahul Sinha,Kolkata,Premium
C03894,Arjun Sinha,Ahmedabad,Standard
C03895,Rahul Khan,Kolkata,Basic
C03896,Kavya Mishra,Jaipur,Premium
C03897,Ankit Sinha,Jaipur,Standard
C03898,Karan Gupta,Bangalore,Basic
C03899,Priya Verma,Lucknow,Standard
C03900,Arjun Malhotra,Bangalore,Standard
C03901,Nisha Iyer,Chennai,Standard
C03902,Amit Sinha,Ahmedabad,Standard
C03903,Arjun Das,Bangalore,Basic
C03904,Aditya Sinha,Jaipur,Basic
C03905,Karan Singh,Bangalore,Basic
C03906,Ankit Das,Lucknow,Standard
C03907,Pooja Das,Pune,Premium
C03908,Rahul Sharma,Bangalore,Premium
C03909,Amit Joshi,Delhi,Standard
C03910,Raj Joshi,Ahmedabad,Standard
C03911,Nisha Patel,Hyderabad,Premium
C03912,Raj Sinha,Bangalore,Basic
C03913,Raj Mehta,Pune,Premium
C03914,Rahul Das,Chennai,Premium
C03915,Rahul Mishra,Delhi,Standard
C03916,Nisha Verma,Lucknow,Basic
C03917,Kavya Sharma,Bangalore,Standard
C03918,Amit Malhotra,Ahmedabad,Standard
C03919,Priya Joshi,Lucknow,Basic
C03920,Neha Patel,Chennai,Standard
C03921,Arjun Joshi,Chennai,Premium
C03922,Neha Malhotra,Bangalore,Standard
C03923,Kavya Reddy,Hyderabad,Premium
C03924,Pooja Sharma,Delhi,Premium
C03925,Rahul Iyer,Bangalore,Premium
C03926,Ankit Iyer,Pune,Basic
C03927,Karan Mishra,Delhi,Standard
C03928,Priya Joshi,Jaipur,Standard
C03929,Neha Mishra,Hyderabad,Basic
C03930,Kavya Kapoor,Jaipur,Standard
C03931,Ankit Das,Jaipur,Premium
C03932,Nisha Gupta,Ahmedabad,Standard
C03933,Vikram Mehta,Delhi,Basic
C03934,Amit Khan,Jaipur,Standard
C03935,Amit Gupta,Ahmedabad,Premium
C03936,Rahul Das,Jaipur,Standard
C03937,Rahul Patel,Chennai,Standard
C03938,Sneha Malhotra,Kolkata,Premium
C03939,Kavya Mishra,Bangalore,Standard
C03940,Amit Reddy,Lucknow,Premium
C03941,Kavya Reddy,Lucknow,Basic
C03942,Rohan Mehta,Lucknow,Premium
C03943,Karan Malhotra,Delhi,Basic
C03944,Arjun Sinha,Chennai,Basic
C03945,Rahul Sharma,Kolkata,Standard
C03946,Rohan Patel,Kolkata,Premium
C03947,Priya Patel,Jaipur,Basic
C03948,Ankit Sinha,Mumbai,Premium
C03949,Arjun Gupta,Lucknow,Basic
C03950,Aditya Mishra,Mumbai,Standard
C03951,Amit Mehta,Lucknow,Basic
C03952,Pooja Sinha,Delhi,Basic
C03953,Arjun Khan,Chennai,Basic
C03954,Rahul Gupta,Mumbai,Standard
C03955,Karan Patel,Kolkata,Standard
C03956,Arjun Singh,Hyderabad,Premium
C03957,Raj Sharma,Mumbai,Premium
C03958,Karan Das,Pune,Basic
C03959,Vikram Malhotra,Mumbai,Basic
C03960,Arjun Sharma,Pune,Standard
C03961,Aditya Khan,Pune,Basic
C03962,Sneha Reddy,Bangalore,Premium
C03963,Arjun Gupta,Lucknow,Standard
C03964,Ankit Patel,Kolkata,Standard
C03965,Raj Sharma,Hyderabad,Premium
C03966,Amit Das,Mumbai,Premium
C03967,Sneha Malhotra,Jaipur,Basic
C03968,Rahul Iyer,Mumbai,Basic
C03969,Neha Mishra,Mumbai,Premium
C03970,Rahul Khan,Ahmedabad,Premium
C03971,Rohan Sharma,Kolkata,Standard
C03972,Pooja Joshi,Hyderabad,Standard
C03973,Priya Das,Pune,Standard
C03974,Vikram Gupta,Delhi,Premium
C03975,Rohan Reddy,Hyderabad,Standard
C03976,Aditya Malhotra,Kolkata,Premium
C03977,Arjun Malhotra,Chennai,Standard
C03978,Nisha Reddy,Chennai,Basic
C03979,Neha Reddy,Chennai,Standard
C03980,Aditya Reddy,Jaipur,Premium
C03981,Rahul Verma,Pune,Basic
C03982,Pooja Kapoor,Chennai,Premium
C03983,Neha Sinha,Bangalore,Basic
C03984,Neha Singh,Jaipur,Premium
C03985,Amit Verma,Bangalore,Premium
C03986,Neha Malhotra,Ahmedabad,Basic
C03987,Nisha Kapoor,Delhi,Premium
C03988,Arjun Mishra,Mumbai,Standard
C03989,Rohan Das,Pune,Standard
C03990,Kavya Gupta,Mumbai,Standard
C03991,Kavya Das,Pune,Standard
C03992,Rahul Mishra,Pune,Standard
C03993,Arjun Sharma,Hyderabad,Premium
C03994,Sneha Khan,Pune,Basic
C03995,Rahul Joshi,Chennai,Premium
C03996,Karan Iyer,Kolkata,Premium
C03997,Raj Das,Kolkata,Standard
C03998,Nisha Iyer,Lucknow,Premium
C03999,Nisha Sharma,Kolkata,Basic
C04000,Kavya Das,Pune,Standard
C04001,Nisha Malhotra,Mumbai,Premium
C04002,Karan Mehta,Chennai,Basic
C04003,Arjun Mehta,Lucknow,Basic
C04004,Pooja Iyer,Jaipur,Standard
C04005,Priya Mehta,Ahmedabad,Basic
C04006,Raj Patel,Bangalore,Premium
C04007,Rohan Iyer,Chennai,Premium
C04008,Neha Iyer,Jaipur,Standard
C04009,Ankit Das,Pune,Premium
C04010,Pooja Singh,Kolkata,Standard
C04011,Vikram Singh,Lucknow,Premium
C04012,Amit Singh,Lucknow,Basic
C04013,Ankit Mishra,,Premium
C04014,Arjun Kapoor,Mumbai,Standard
C04015,Rahul Kapoor,Mumbai,Standard
C04016,Arjun Joshi,Jaipur,Premium
C04017,Sneha Sharma,Lucknow,Premium
C04018,Rohan Sinha,Lucknow,Basic
C04019,Ankit Gupta,Ahmedabad,Premium
C04020,Rohan Iyer,Chennai,Standard
C04021,Kavya Kapoor,Bangalore,Premium
C04022,Vikram Khan,Bangalore,Basic
C04023,Vikram Sharma,Hyderabad,Premium
C04024,Vikram Sharma,Bangalore,Basic
C04025,Karan Mishra,Ahmedabad,Basic
C04026,Ankit Sharma,Jaipur,Basic
C04027,Neha Sharma,Chennai,Standard
C04028,Rahul Joshi,Kolkata,Basic
C04029,Aditya Sharma,Lucknow,Premium
C04030,Ankit Gupta,Delhi,Basic
C04031,Arjun Gupta,Jaipur,Premium
C04032,Neha Patel,Kolkata,Basic
C04033,Ankit Mishra,Pune,Premium
C04034,Vikram Mehta,Chennai,Premium
C04035,Rahul Verma,Lucknow,Standard
C04036,Ankit Mehta,Kolkata,Standard
C04037,Rohan Das,Mumbai,Premium
C04038,Ankit Sharma,Chennai,Premium
C04039,Raj Das,Mumbai,Premium
C04040,Pooja Patel,Kolkata,Basic
C04041,Aditya Iyer,Jaipur,Basic
C04042,Aditya Verma,Hyderabad,Standard
C04043,Kavya Das,Mumbai,Basic
C04044,Aditya Khan,Pune,Basic
C04045,Amit Gupta,Hyderabad,Basic
C04046,Karan Das,Jaipur,Basic
C04047,Sneha Reddy,Delhi,Basic
C04048,Nisha Sharma,Lucknow,Standard
C04049,Vikram Reddy,Jaipur,Standard
C04050,Ankit Singh,Hyderabad,Basic
C04051,Rohan Sinha,Hyderabad,Standard
C04052,Neha Iyer,Kolkata,Premium
C04053,Arjun Verma,Delhi,Basic
C04054,Neha Kapoor,Pune,Standard
C04055,Amit Verma,Jaipur,Basic
C04056,Amit Sinha,Kolkata,Basic
C04057,Arjun Das,Hyderabad,Standard
C04058,Nisha Mehta,Hyderabad,Basic
C04059,Kavya Mishra,Bangalore,Basic
C04060,Neha Iyer,Pune,Basic
C04061,Pooja Joshi,Bangalore,Basic
C04062,Rohan Iyer,Chennai,Standard
C04063,Ankit Gupta,Delhi,Standard
C04064,Sneha Reddy,Bangalore,Basic
C04065,Arjun Joshi,Hyderabad,Premium
C04066,Raj Kapoor,Mumbai,Premium
C04067,Amit Mehta,Chennai,Basic
C04068,Aditya Sinha,Ahmedabad,Basic
C04069,Amit Khan,Mumbai,Standard
C04070,Rahul Malhotra,Bangalore,Premium
C04071,Priya Reddy,Jaipur,Standard
C04072,Raj Mehta,Kolkata,Premium
C04073,Sneha Malhotra,Jaipur,Premium
C04074,Aditya Singh,Delhi,Standard
C04075,Raj Mishra,Kolkata,Basic
C04076,Pooja Das,Delhi,Basic
C04077,Rahul Gupta,Kolkata,Standard
C04078,Raj Mehta,Ahmedabad,Basic
C04079,Kavya Mehta,Chennai,Standard
C04080,Aditya Khan,Bangalore,Basic
C04081,Nisha Das,Jaipur,Premium
C04082,Priya Sinha,Mumbai,Basic
C04083,Pooja Verma,Ahmedabad,Standard
C04084,Ankit Kapoor,Bangalore,Basic
C04085,Aditya Das,Chennai,Premium
C04086,Neha Singh,Ahmedabad,Standard
C04087,Rahul Das,Jaipur,Basic
C04088,Pooja Reddy,Pune,Standard
C04089,Ankit Mehta,Kolkata,Premium
C04090,Priya Sharma,Hyderabad,Standard
C04091,Karan Singh,Lucknow,Basic
C04092,Ankit Gupta,Kolkata,Standard
C04093,Priya Gupta,Chennai,Standard
C04094,Arjun Kapoor,Hyderabad,Premium
C04095,Rohan Sinha,Chennai,Basic
C04096,Nisha Gupta,Hyderabad,Basic
C04097,Rohan Khan,Delhi,Premium
C04098,Karan Mishra,Jaipur,Premium
C04099,Rahul Das,Mumbai,Basic
C04100,Karan Iyer,Hyderabad,Premium
C04101,Arjun Mishra,Mumbai,Standard
C04102,Neha Singh,Lucknow,Standard
C04103,Aditya Kapoor,Jaipur,Premium
C04104,Kavya Kapoor,Chennai,Premium
C04105,Aditya Malhotra,Delhi,Standard
C04106,Raj Mehta,Ahmedabad,Standard
C04107,Amit Mishra,Bangalore,Standard
C04108,Aditya Joshi,Delhi,Standard
C04109,Nisha Gupta,Hyderabad,Basic
C04110,Amit Verma,Bangalore,Basic
C04111,Ankit Singh,Ahmedabad,Basic
C04112,Aditya Reddy,Delhi,Basic
C04113,Aditya Verma,Mumbai,Standard
C04114,Amit Sinha,Jaipur,Standard
C04115,Neha Mishra,Jaipur,Basic
C04116,Kavya Sinha,Mumbai,Basic
C04117,Vikram Sharma,Hyderabad,Premium
C04118,Pooja Mehta,Hyderabad,Basic
C04119,Neha Singh,Ahmedabad,Premium
C04120,Arjun Mishra,Bangalore,Basic
C04121,Arjun Singh,Bangalore,Premium
C04122,Vikram Sinha,Delhi,Basic
C04123,Kavya Malhotra,Hyderabad,Premium
C04124,Sneha Gupta,Ahmedabad,Basic
C04125,Pooja Patel,Bangalore,Premium
C04126,Sneha Malhotra,Chennai,Basic
C04127,Sneha Joshi,Lucknow,Premium
C04128,Vikram Verma,Ahmedabad,Basic
C04129,Vikram Khan,Chennai,Premium
C04130,Raj Singh,Ahmedabad,Standard
C04131,Nisha Joshi,Pune,Basic
C04132,Ankit Reddy,Ahmedabad,Standard
C04133,Amit Patel,Delhi,Standard
C04134,Sneha Kapoor,Kolkata,Premium
C04135,Vikram Mehta,Delhi,Premium
C04136,Arjun Verma,Delhi,Standard
C04137,Aditya Mehta,Bangalore,Standard
C04138,Kavya Iyer,Ahmedabad,Basic
C04139,Sneha Joshi,Hyderabad,Premium
C04140,Rohan Singh,Jaipur,Premium
C04141,Raj Mishra,Pune,Premium
C04142,Karan Iyer,Kolkata,Standard
C04143,Vikram Verma,Pune,Standard
C04144,Nisha Kapoor,Pune,Standard
C04145,Rohan Sinha,Mumbai,Standard
C04146,Arjun Malhotra,Hyderabad,Standard
C04147,Vikram Mishra,Mumbai,Standard
C04148,Arjun Mehta,Hyderabad,Basic
C04149,Raj Khan,Jaipur,Premium
C04150,Nisha Joshi,Delhi,Basic
C04151,Pooja Verma,Bangalore,Basic
C04152,Karan Sharma,Mumbai,Standard
C04153,Amit Iyer,Kolkata,Standard
C04154,Nisha Iyer,Jaipur,Premium
C04155,Vikram Sharma,Jaipur,Premium
C04156,Ankit Reddy,Hyderabad,Premium
C04157,Kavya Reddy,Pune,Basic
C04158,Neha Singh,Bangalore,Standard
C04159,Ankit Mehta,Hyderabad,Basic
C04160,Aditya Patel,Mumbai,Premium
C04161,Kavya Sharma,Jaipur,Premium
C04162,Karan Mehta,Ahmedabad,Premium
C04163,Priya Singh,Chennai,Premium
C04164,Neha Joshi,Hyderabad,Premium
C04165,Rohan Malhotra,Delhi,Standard
C04166,Vikram Mehta,Bangalore,Basic
C04167,Raj Singh,Delhi,Premium
C04168,Amit Reddy,Pune,Premium
C04169,Rahul Malhotra,Jaipur,Basic
C04170,Raj Khan,Delhi,Basic
C04171,Pooja Iyer,Pune,Premium
C04172,Kavya Das,Chennai,Standard
C04173,Sneha Reddy,Mumbai,Standard
C04174,Rohan Kapoor,Hyderabad,Premium
C04175,Rohan Joshi,Lucknow,Standard
C04176,Sneha Singh,Pune,Premium
C04177,Neha Mehta,Jaipur,Standard
C04178,Arjun Singh,Jaipur,Basic
C04179,Neha Mehta,Mumbai,Standard
C04180,Aditya Mehta,Kolkata,Basic
C04181,Aditya Gupta,Ahmedabad,Premium
C04182,Pooja Sharma,Pune,Premium
C04183,Arjun Verma,Ahmedabad,Basic
C04184,Amit Joshi,Chennai,Standard
C04185,Priya Iyer,Delhi,Premium
C04186,Karan Khan,Hyderabad,Standard
C04187,Pooja Patel,Delhi,Premium
C04188,Sneha Das,Ahmedabad,Basic
C04189,Aditya Mishra,Lucknow,Premium
C04190,Rahul Iyer,Ahmedabad,Standard
C04191,Sneha Singh,Kolkata,Premium
C04192,Rahul Verma,Lucknow,Basic
C04193,Sneha Mishra,Mumbai,Standard
C04194,Aditya Patel,Jaipur,Standard
C04195,Karan Kapoor,Kolkata,Basic
C04196,Neha Verma,Ahmedabad,Basic
C04197,Arjun Reddy,Jaipur,Basic
C04198,Aditya Gupta,Delhi,Standard
C04199,Aditya Gupta,Pune,Premium
C04200,Nisha Sharma,Bangalore,Basic
C04201,Aditya Gupta,Bangalore,Premium
C04202,Arjun Mishra,Delhi,Premium
C04203,Raj Mehta,Ahmedabad,Premium
C04204,Vikram Iyer,Jaipur,Standard
C04205,Priya Malhotra,Jaipur,Standard
C04206,Sneha Sharma,Chennai,Premium
C04207,Sneha Singh,Chennai,Basic
C04208,Ankit Das,Kolkata,Basic
C04209,Vikram Khan,Bangalore,Standard
C04210,Karan Joshi,Hyderabad,Basic
C04211,Aditya Verma,Jaipur,Basic
C04212,Rohan Kapoor,Ahmedabad,Premium
C04213,Raj Verma,Bangalore,Premium
C04214,Karan Malhotra,Ahmedabad,Premium
C04215,Ankit Mehta,Bangalore,Premium
C04216,Arjun Gupta,Mumbai,Standard
C04217,Aditya Patel,Hyderabad,Basic
C04218,Amit Reddy,Ahmedabad,Standard
C04219,Amit Sharma,Lucknow,Standard
C04220,Pooja Khan,Delhi,Standard
C04221,Vikram Reddy,Hyderabad,Standard
C04222,Vikram Sharma,Hyderabad,Standard
C04223,Rohan Mishra,Pune,Basic
C04224,Aditya Singh,Kolkata,Basic
C04225,Nisha Mehta,Chennai,Basic
C04226,Karan Joshi,Hyderabad,Premium
C04227,Pooja Khan,Delhi,Basic
C04228,Neha Singh,Bangalore,Standard
C04229,Pooja Gupta,Bangalore,Basic
C04230,Pooja Joshi,Pune,Standard
C04231,Pooja Iyer,Lucknow,Basic
C04232,Rohan Iyer,Lucknow,Basic
C04233,Raj Kapoor,Hyderabad,Premium
C04234,Rahul Iyer,Hyderabad,Premium
C04235,Amit Sinha,Lucknow,Premium
C04236,Priya Khan,Ahmedabad,Premium
C04237,Ankit Gupta,Mumbai,Premium
C04238,Karan Iyer,Ahmedabad,Standard
C04239,Vikram Kapoor,Kolkata,Standard
C04240,Karan Iyer,Delhi,Premium
C04241,Karan Mehta,Pune,Standard
C04242,Aditya Kapoor,Kolkata,Standard
C04243,Kavya Reddy,Kolkata,Basic
C04244,Amit Sinha,Lucknow,Premium
C04245,Priya Joshi,Chennai,Basic
C04246,Priya Mishra,Pune,Basic
C04247,Arjun Kapoor,Chennai,Basic
C04248,Amit Reddy,Pune,Basic
C04249,Ankit Khan,Mumbai,Standard
C04250,Kavya Kapoor,Kolkata,Basic
C04251,Sneha Patel,Lucknow,Basic
C04252,Raj Sinha,Hyderabad,Standard
C04253,Ankit Khan,Mumbai,Premium
C04254,Arjun Verma,Jaipur,Premium
C04255,Rahul Das,Chennai,Standard
C04256,Amit Sinha,Kolkata,Standard
C04257,Karan Sinha,Mumbai,Basic
C04258,Rohan Sharma,Chennai,Basic
C04259,Arjun Mehta,Mumbai,Basic
C04260,Aditya Singh,Chennai,Basic
C04261,Rahul Das,Mumbai,Basic
C04262,Raj Kapoor,Lucknow,Basic
C04263,Arjun Kapoor,Bangalore,Standard
C04264,Aditya Mishra,Jaipur,Premium
C04265,Rahul Verma,Mumbai,Basic
C04266,Raj Malhotra,Bangalore,Basic
C04267,Aditya Khan,Bangalore,Premium
C04268,Sneha Mishra,Delhi,Premium
C04269,Arjun Joshi,Mumbai,Standard
C04270,Amit Mishra,Jaipur,Standard
C04271,Kavya Patel,Lucknow,Basic
C04272,Rahul Verma,Kolkata,Basic
C04273,Priya Sinha,Lucknow,Basic
C04274,Ankit Reddy,Mumbai,Basic
C04275,Sneha Mehta,Mumbai,Premium
C04276,Neha Mishra,Jaipur,Premium
C04277,Aditya Singh,Delhi,Premium
C04278,Arjun Sharma,Chennai,Basic
C04279,Neha Malhotra,Jaipur,Standard
C04280,Priya Joshi,Mumbai,Standard
C04281,Rohan Reddy,Kolkata,Premium
C04282,Ankit Kapoor,Lucknow,Basic
C04283,Amit Das,Ahmedabad,Premium
C04284,Amit Sinha,Delhi,Premium
C04285,Aditya Gupta,Bangalore,Standard
C04286,Pooja Joshi,Mumbai,Premium
C04287,Nisha Sharma,Hyderabad,Basic
C04288,Ankit Kapoor,Delhi,Basic
C04289,Neha Singh,Hyderabad,Basic
C04290,Nisha Malhotra,Bangalore,Standard
C04291,Rahul Mehta,Chennai,Premium
C04292,Rohan Khan,Lucknow,Standard
C04293,Sneha Patel,Hyderabad,Standard
C04294,Raj Patel,Bangalore,Standard
C04295,Rohan Malhotra,Ahmedabad,Standard
C04296,Amit Kapoor,Kolkata,Basic
C04297,Ankit Verma,Jaipur,Standard
C04298,Kavya Joshi,Bangalore,Premium
C04299,Kavya Das,Pune,Premium
C04300,Karan Das,Hyderabad,Basic
C04301,Sneha Verma,Chennai,Premium
C04302,Ankit Malhotra,Jaipur,Basic
C04303,Kavya Malhotra,Chennai,Premium
C04304,Karan Iyer,Hyderabad,Standard
C04305,Neha Kapoor,Chennai,Premium
C04306,Raj Gupta,Jaipur,Basic
C04307,Vikram Khan,Ahmedabad,Premium
C04308,Arjun Das,Kolkata,Standard
C04309,Pooja Mehta,Lucknow,Premium
C04310,Ankit Malhotra,Delhi,Basic
C04311,Ankit Mishra,Mumbai,Premium
C04312,Sneha Kapoor,Kolkata,Standard
C04313,Vikram Sinha,Delhi,Premium
C04314,Raj Verma,Chennai,Premium
C04315,Arjun Reddy,Bangalore,Premium
C04316,Arjun Iyer,Lucknow,Standard
C04317,Pooja Das,Pune,Basic
C04318,Sneha Kapoor,Hyderabad,Standard
C04319,Aditya Verma,Lucknow,Standard
C04320,Arjun Joshi,Pune,Standard
C04321,Rahul Sinha,Hyderabad,Basic
C04322,Amit Mehta,Pune,Standard
C04323,Pooja Mehta,Lucknow,Premium
C04324,Priya Reddy,Bangalore,Standard
C04325,Raj Das,Jaipur,Premium
C04326,Pooja Iyer,Bangalore,Premium
C04327,Vikram Verma,Mumbai,Premium
C04328,Rohan Iyer,Bangalore,Standard
C04329,Arjun Mehta,Bangalore,Standard
C04330,Rahul Joshi,Bangalore,Premium
C04331,Raj Khan,Chennai,Standard
C04332,Amit Khan,Hyderabad,Premium
C04333,Sneha Gupta,Hyderabad,Premium
C04334,Vikram Reddy,Kolkata,Premium
C04335,Arjun Khan,Kolkata,Premium
C04336,Arjun Reddy,Pune,Basic
C04337,Neha Sinha,Ahmedabad,Basic
C04338,Sneha Mishra,Ahmedabad,Basic
C04339,Neha Iyer,Delhi,Standard
C04340,Priya Verma,Bangalore,Standard
C04341,Nisha Verma,Chennai,Basic
C04342,Aditya Mishra,Pune,Basic
C04343,Sneha Reddy,Delhi,Standard
C04344,Arjun Joshi,Lucknow,Premium
C04345,Neha Sinha,Lucknow,Premium
C04346,Nisha Patel,Kolkata,Standard
C04347,Ankit Reddy,Mumbai,Basic
C04348,Pooja Iyer,Pune,Premium
C04349,Vikram Patel,Bangalore,Standard
C04350,Neha Sharma,Hyderabad,Standard
C04351,Sneha Gupta,Kolkata,Standard
C04352,Vikram Khan,Pune,Premium
C04353,Rohan Singh,Pune,Basic
C04354,Kavya Kapoor,Mumbai,Standard
C04355,Sneha Khan,Bangalore,Standard
C04356,Vikram Reddy,Delhi,Standard
C04357,Nisha Gupta,Kolkata,Basic
C04358,Aditya Gupta,Pune,Premium
C04359,Priya Verma,Bangalore,Basic
C04360,Karan Mehta,Ahmedabad,Premium
C04361,Arjun Joshi,Pune,Standard
C04362,Nisha Sharma,Chennai,Standard
C04363,Rohan Malhotra,Delhi,Basic
C04364,Nisha Iyer,Ahmedabad,Basic
C04365,Ankit Iyer,Ahmedabad,Basic
C04366,Ankit Mishra,Jaipur,Standard
C04367,Amit Iyer,Bangalore,Standard
C04368,Karan Iyer,Pune,Basic
C04369,Amit Khan,Mumbai,Standard
C04370,Raj Malhotra,Lucknow,Standard
C04371,Neha Reddy,Lucknow,Basic
C04372,Kavya Kapoor,Pune,Premium
C04373,Arjun Singh,Mumbai,Premium
C04374,Kavya Kapoor,Ahmedabad,Standard
C04375,Rahul Sinha,Lucknow,Basic
C04376,Ankit Singh,Pune,Standard
C04377,Vikram Singh,Mumbai,Basic
C04378,Rohan Khan,Chennai,Standard
C04379,Sneha Sharma,Ahmedabad,Standard
C04380,Rohan Joshi,Mumbai,Basic
C04381,Amit Verma,Mumbai,Basic
C04382,Aditya Mehta,Hyderabad,Premium
C04383,Amit Reddy,Delhi,Premium
C04384,Aditya Khan,Ahmedabad,Standard
C04385,Raj Singh,Kolkata,Standard
C04386,Aditya Das,Hyderabad,Basic
C04387,Kavya Reddy,Lucknow,Standard
C04388,Rahul Gupta,Kolkata,Standard
C04389,Rahul Khan,Lucknow,Basic
C04390,Vikram Iyer,Delhi,Standard
C04391,Karan Malhotra,Delhi,Standard
C04392,Raj Joshi,Chennai,Standard
C04393,Sneha Sharma,Bangalore,Basic
C04394,Rohan Malhotra,Delhi,Standard
C04395,Amit Iyer,Hyderabad,Basic
C04396,Rohan Singh,Lucknow,Basic
C04397,Karan Mishra,Hyderabad,Basic
C04398,Nisha Sharma,Kolkata,Basic
C04399,Arjun Patel,Pune,Standard
C04400,Aditya Malhotra,Bangalore,Standard
C04401,Karan Joshi,Mumbai,Basic
C04402,Sneha Sinha,Bangalore,Basic
C04403,Rohan Singh,Mumbai,Standard
C04404,Neha Sharma,Pune,Basic
C04405,Priya Singh,Chennai,Standard
C04406,Pooja Iyer,Kolkata,Premium
C04407,Neha Patel,Mumbai,Basic
C04408,Ankit Patel,Delhi,Basic
C04409,Rohan Malhotra,Lucknow,Standard
C04410,Pooja Mehta,Lucknow,Standard
C04411,Karan Mehta,Ahmedabad,Basic
C04412,Rahul Verma,Kolkata,Standard
C04413,Ankit Mishra,Ahmedabad,Premium
C04414,Arjun Mishra,Ahmedabad,Premium
C04415,Karan Malhotra,Bangalore,Basic
C04416,Sneha Singh,Pune,Premium
C04417,Vikram Mishra,Lucknow,Premium
C04418,Vikram Kapoor,Jaipur,Standard
C04419,Amit Patel,Jaipur,Standard
C04420,Rohan Singh,Kolkata,Standard
C04421,Vikram Kapoor,Mumbai,Premium
C04422,Pooja Das,Bangalore,Basic
C04423,Ankit Das,Pune,Standard
C04424,Nisha Sharma,Chennai,Basic
C04425,Aditya Kapoor,Hyderabad,Standard
C04426,Raj Reddy,Bangalore,Standard
C04427,Pooja Mishra,Delhi,Premium
C04428,Sneha Patel,Hyderabad,Premium
C04429,Pooja Singh,Bangalore,Premium
C04430,Nisha Iyer,Pune,Basic
C04431,Sneha Verma,Hyderabad,Standard
C04432,Raj Das,Chennai,Standard
C04433,Nisha Verma,Delhi,Basic
C04434,Raj Joshi,Kolkata,Basic
C04435,Karan Reddy,Pune,Premium
C04436,Kavya Mehta,Ahmedabad,Standard
C04437,Rohan Mishra,Ahmedabad,Premium
C04438,Raj Mishra,Bangalore,Standard
C04439,Rohan Sharma,Jaipur,Standard
C04440,Nisha Kapoor,Bangalore,Basic
C04441,Raj Gupta,Pune,Basic
C04442,Vikram Mehta,Pune,Standard
C04443,Neha Joshi,Mumbai,Basic
C04444,Neha Khan,Lucknow,Basic
C04445,Karan Gupta,Lucknow,Basic
C04446,Aditya Mehta,Mumbai,Standard
C04447,Pooja Patel,Bangalore,Basic
C04448,Vikram Kapoor,Delhi,Standard
C04449,Rahul Malhotra,Lucknow,Basic
C04450,Sneha Reddy,Jaipur,Premium
C04451,Kavya Sinha,Bangalore,Standard
C04452,Ankit Malhotra,Hyderabad,Premium
C04453,Arjun Sinha,Hyderabad,Standard
C04454,Priya Singh,Delhi,Premium
C04455,Neha Das,Ahmedabad,Standard
C04456,Neha Joshi,Lucknow,Standard
C04457,Neha Iyer,Bangalore,Standard
C04458,Karan Joshi,Delhi,Basic
C04459,Kavya Verma,Bangalore,Premium
C04460,Arjun Malhotra,Delhi,Premium
C04461,Aditya Sharma,Pune,Basic
C04462,Arjun Mishra,Pune,Premium
C04463,Nisha Mehta,Chennai,Basic
C04464,Karan Gupta,Lucknow,Basic
C04465,Karan Malhotra,Mumbai,Standard
C04466,Arjun Mishra,Mumbai,Standard
C04467,Nisha Mehta,Mumbai,Standard
C04468,Sneha Malhotra,Jaipur,Basic
C04469,Vikram Kapoor,Pune,Premium
C04470,Amit Khan,Chennai,Basic
C04471,Nisha Iyer,Delhi,Basic
C04472,Priya Verma,Pune,Basic
C04473,Ankit Khan,Hyderabad,Standard
C04474,Neha Singh,Delhi,Standard
C04475,Vikram Malhotra,Delhi,Standard
C04476,Raj Malhotra,Ahmedabad,Premium
C04477,Nisha Singh,Kolkata,Standard
C04478,Aditya Kapoor,Kolkata,Standard
C04479,Aditya Singh,Lucknow,Standard
C04480,Pooja Sharma,Bangalore,Premium
C04481,Karan Singh,Mumbai,Premium
C04482,Raj Verma,Lucknow,Standard
C04483,Aditya Singh,Chennai,Basic
C04484,Priya Das,Chennai,Standard
C04485,Aditya Kapoor,Chennai,Premium
C04486,Aditya Iyer,Bangalore,Premium
C04487,Pooja Singh,Pune,Standard
C04488,Vikram Patel,Mumbai,Premium
C04489,Pooja Singh,Bangalore,Basic
C04490,Rahul Singh,Kolkata,Basic
C04491,Karan Malhotra,Jaipur,Standard
C04492,Arjun Das,Bangalore,Standard
C04493,Vikram Khan,Lucknow,Basic
C04494,Ankit Reddy,Kolkata,Standard
C04495,Kavya Sinha,Ahmedabad,Basic
C04496,Priya Mishra,Jaipur,Standard
C04497,Priya Kapoor,Pune,Premium
C04498,Vikram Gupta,Kolkata,Premium
C04499,Rohan Patel,Hyderabad,Premium
C04500,Rohan Das,Delhi,Basic
C04501,Neha Verma,Ahmedabad,Standard
C04502,Pooja Sinha,Mumbai,Basic
C04503,Kavya Mishra,Jaipur,Premium
C04504,Aditya Patel,Kolkata,Basic
C04505,Rahul Mehta,Delhi,Standard
C04506,Karan Gupta,Chennai,Basic
C04507,Karan Mishra,,Premium
C04508,Nisha Sharma,Ahmedabad,Basic
C04509,Karan Patel,Hyderabad,Standard
C04510,Nisha Malhotra,Bangalore,Basic
C04511,Raj Joshi,Hyderabad,Premium
C04512,Aditya Malhotra,Ahmedabad,Premium
C04513,Rahul Das,Chennai,Basic
C04514,Rohan Gupta,Hyderabad,Basic
C04515,Kavya Sinha,Delhi,Premium
C04516,Karan Singh,Mumbai,Premium
C04517,Neha Patel,Lucknow,Basic
C04518,Arjun Kapoor,Delhi,Basic
C04519,Raj Iyer,Mumbai,Standard
C04520,Nisha Joshi,Delhi,Premium
C04521,Arjun Gupta,Ahmedabad,Premium
C04522,Arjun Patel,Delhi,Basic
C04523,Pooja Patel,Lucknow,Standard
C04524,Rohan Das,Mumbai,Basic
C04525,Sneha Mishra,Delhi,Basic
C04526,Raj Kapoor,Hyderabad,Basic
C04527,Nisha Joshi,Lucknow,Standard
C04528,Rahul Singh,Pune,Basic
C04529,Rohan Kapoor,Bangalore,Standard
C04530,Karan Kapoor,Jaipur,Standard
C04531,Vikram Singh,Chennai,Basic
C04532,Neha Verma,Chennai,Basic
C04533,Karan Reddy,Chennai,Basic
C04534,Arjun Gupta,Bangalore,Standard
C04535,Rahul Verma,Jaipur,Standard
C04536,Arjun Khan,Bangalore,Premium
C04537,Nisha Mehta,Chennai,Premium
C04538,Raj Mishra,Ahmedabad,Standard
C04539,Vikram Joshi,Jaipur,Premium
C04540,Neha Iyer,Delhi,Premium
C04541,Neha Singh,Jaipur,Standard
C04542,Ankit Iyer,Jaipur,Standard
C04543,Amit Joshi,Chennai,Basic
C04544,Neha Das,Bangalore,Standard
C04545,Priya Patel,Pune,Premium
C04546,Kavya Khan,Lucknow,Basic
C04547,Priya Verma,Jaipur,Standard
C04548,Vikram Das,Pune,Basic
C04549,Rohan Patel,Chennai,Standard
C04550,Raj Mishra,Chennai,Standard
C04551,Priya Singh,Kolkata,Basic
C04552,Ankit Mishra,Kolkata,Standard
C04553,Rohan Mehta,Lucknow,
C04554,Nisha Mehta,Mumbai,Standard
C04555,Rahul Mehta,Kolkata,Basic
C04556,Nisha Khan,Ahmedabad,Standard
C04557,Rahul Mishra,Hyderabad,Premium
C04558,Vikram Malhotra,Chennai,
C04559,Kavya Verma,Mumbai,Standard
C04560,Sneha Iyer,Pune,Standard
C04561,Karan Reddy,Hyderabad,Premium
C04562,Pooja Reddy,Ahmedabad,Standard
C04563,Amit Gupta,Hyderabad,Premium
C04564,Ankit Malhotra,Ahmedabad,Basic
C04565,Pooja Kapoor,Mumbai,Basic
C04566,Sneha Malhotra,Ahmedabad,Premium
C04567,Rohan Das,Lucknow,Standard
C04568,Rahul Gupta,Mumbai,Basic
C04569,Ankit Singh,Jaipur,Standard
C04570,Arjun Sinha,Chennai,Premium
C04571,Arjun Khan,Delhi,Standard
C04572,Nisha Malhotra,Pune,Premium
C04573,Kavya Khan,Lucknow,Standard
C04574,Pooja Patel,Jaipur,Premium
C04575,Arjun Patel,Kolkata,Basic
C04576,Karan Iyer,Chennai,Basic
C04577,Karan Mishra,Chennai,Basic
C04578,Rahul Khan,Delhi,Basic
C04579,Aditya Malhotra,Kolkata,Standard
C04580,Raj Iyer,Ahmedabad,Basic
C04581,Raj Patel,Bangalore,Standard
C04582,Arjun Patel,Ahmedabad,Standard
C04583,Ankit Patel,Chennai,Standard
C04584,Pooja Malhotra,Mumbai,Premium
C04585,Amit Joshi,Pune,Standard
C04586,Sneha Iyer,Ahmedabad,Premium
C04587,Kavya Reddy,Mumbai,Basic
C04588,Ankit Sharma,Lucknow,Standard
C04589,Rahul Reddy,Kolkata,Basic
C04590,Arjun Singh,Lucknow,Standard
C04591,Vikram Gupta,Delhi,Basic
C04592,Amit Reddy,Delhi,Basic
C04593,Priya Iyer,Jaipur,Premium
C04594,Pooja Sinha,Ahmedabad,Basic
C04595,Vikram Patel,Delhi,Basic
C04596,Sneha Mishra,Chennai,Standard
C04597,Arjun Sinha,Bangalore,Basic
C04598,Ankit Gupta,Bangalore,Basic
C04599,Pooja Verma,Ahmedabad,Basic
C04600,Nisha Malhotra,Pune,Premium
C04601,Sneha Das,Chennai,Premium
C04602,Pooja Mishra,Pune,Premium
C04603,Rahul Patel,Kolkata,Standard
C04604,Priya Singh,Hyderabad,Basic
C04605,Vikram Iyer,Kolkata,Basic
C04606,Arjun Joshi,Hyderabad,Basic
C04607,Raj Verma,Lucknow,Premium
C04608,Neha Iyer,Bangalore,Premium
C04609,Rohan Khan,Delhi,Premium
C04610,Karan Das,Mumbai,Premium
C04611,Karan Verma,Delhi,Standard
C04612,Kavya Verma,Hyderabad,Basic
C04613,Neha Patel,Chennai,Premium
C04614,Sneha Singh,Hyderabad,Premium
C04615,Nisha Verma,Mumbai,Premium
C04616,Raj Sinha,Ahmedabad,Premium
C04617,Kavya Mehta,Mumbai,Standard
C04618,Kavya Malhotra,Hyderabad,Standard
C04619,Rahul Kapoor,Ahmedabad,Standard
C04620,Neha Patel,Pune,Basic
C04621,Kavya Gupta,Delhi,Premium
C04622,Karan Sinha,Lucknow,Basic
C04623,Karan Gupta,Bangalore,Premium
C04624,Amit Kapoor,Lucknow,Standard
C04625,Aditya Verma,Pune,Premium
C04626,Neha Gupta,Jaipur,Standard
C04627,Arjun Singh,Jaipur,Premium
C04628,Arjun Sharma,Mumbai,Standard
C04629,Nisha Mehta,Pune,Premium
C04630,Ankit Verma,Chennai,Premium
C04631,Sneha Mishra,Chennai,Premium
C04632,Aditya Gupta,Pune,Standard
C04633,Rahul Singh,Kolkata,Premium
C04634,Priya Mishra,Hyderabad,Premium
C04635,Pooja Sharma,Bangalore,Basic
C04636,Priya Khan,Ahmedabad,Premium
C04637,Rahul Das,Hyderabad,Basic
C04638,Vikram Singh,Kolkata,Basic
C04639,Sneha Mishra,Bangalore,Standard
C04640,Priya Khan,Jaipur,Premium
C04641,Aditya Iyer,Bangalore,Standard
C04642,Raj Sinha,Delhi,Premium
C04643,Rahul Kapoor,Hyderabad,Standard
C04644,Sneha Joshi,Kolkata,Standard
C04645,Pooja Verma,Mumbai,Premium
C04646,Ankit Sharma,Ahmedabad,Premium
C04647,Aditya Mishra,Bangalore,Standard
C04648,Rahul Reddy,Pune,Basic
C04649,Aditya Reddy,Bangalore,Premium
C04650,Amit Sharma,Kolkata,Premium
C04651,Amit Mehta,Delhi,Premium
C04652,Arjun Kapoor,Pune,Basic
C04653,Arjun Khan,Lucknow,Basic
C04654,Rahul Singh,Ahmedabad,Standard
C04655,Raj Sinha,Chennai,Premium
C04656,Ankit Joshi,Jaipur,Standard
C04657,Pooja Joshi,Delhi,Standard
C04658,Arjun Malhotra,Lucknow,Premium
C04659,Priya Patel,Jaipur,Premium
C04660,Nisha Khan,Hyderabad,Basic
C04661,Amit Malhotra,Delhi,Basic
C04662,Sneha Singh,Lucknow,Premium
C04663,Neha Patel,Chennai,Premium
C04664,Aditya Joshi,Chennai,Standard
C04665,Aditya Kapoor,Lucknow,Basic
C04666,Karan Das,Chennai,Premium
C04667,Ankit Mehta,Kolkata,Basic
C04668,Priya Das,Mumbai,Basic
C04669,Raj Iyer,Pune,Basic
C04670,Rahul Iyer,Hyderabad,Premium
C04671,Rahul Khan,Mumbai,Premium
C04672,Priya Mehta,Kolkata,Premium
C04673,Pooja Kapoor,Ahmedabad,Standard
C04674,Neha Joshi,Lucknow,Standard
C04675,Arjun Patel,Ahmedabad,Basic
C04676,Rohan Reddy,Ahmedabad,Premium
C04677,Aditya Singh,Jaipur,Standard
C04678,Ankit Sinha,Bangalore,Standard
C04679,Ankit Iyer,Ahmedabad,Basic
C04680,Arjun Joshi,Delhi,Basic
C04681,Kavya Verma,Jaipur,Standard
C04682,Amit Iyer,Kolkata,Standard
C04683,Vikram Sharma,Jaipur,Premium
C04684,Amit Patel,Ahmedabad,Premium
C04685,Amit Reddy,Chennai,Premium
C04686,Kavya Verma,Chennai,Standard
C04687,Sneha Reddy,Delhi,Basic
C04688,Priya Mehta,Jaipur,Premium
C04689,Priya Mishra,Hyderabad,Premium
C04690,Neha Malhotra,Kolkata,Basic
C04691,Pooja Iyer,Bangalore,Basic
C04692,Kavya Reddy,Jaipur,Premium
C04693,Nisha Reddy,Kolkata,Basic
C04694,Neha Malhotra,Jaipur,Premium
C04695,Ankit Khan,Delhi,Basic
C04696,Priya Joshi,Lucknow,Premium
C04697,Kavya Sinha,Bangalore,Basic
C04698,Pooja Mehta,Hyderabad,Standard
C04699,Rahul Mehta,Chennai,Standard
C04700,Raj Reddy,Pune,Standard
C04701,Arjun Verma,Bangalore,Basic
C04702,Rohan Sharma,Delhi,Standard
C04703,Aditya Reddy,Chennai,Premium
C04704,Raj Malhotra,Lucknow,Basic
C04705,Amit Sharma,Pune,Premium
C04706,Priya Kapoor,Bangalore,Premium
C04707,Sneha Iyer,Bangalore,Basic
C04708,Sneha Mehta,Lucknow,Premium
C04709,Neha Mishra,Kolkata,Premium
C04710,Neha Singh,Bangalore,Standard
C04711,Amit Malhotra,Lucknow,Basic
C04712,Priya Patel,Ahmedabad,Premium
C04713,Vikram Singh,Kolkata,Premium
C04714,Vikram Gupta,Jaipur,Standard
C04715,Karan Gupta,Lucknow,Standard
C04716,Neha Joshi,Ahmedabad,Standard
C04717,Kavya Gupta,Jaipur,Basic
C04718,Pooja Kapoor,Bangalore,Premium
C04719,Raj Iyer,Kolkata,Standard
C04720,Rahul Mehta,Chennai,Premium
C04721,Vikram Kapoor,Pune,Basic
C04722,Priya Sinha,Ahmedabad,Standard
C04723,Neha Reddy,Delhi,Premium
C04724,Aditya Das,Lucknow,Standard
C04725,Neha Mishra,Ahmedabad,Basic
C04726,Sneha Mehta,Mumbai,Basic
C04727,Amit Mishra,Chennai,Basic
C04728,Aditya Singh,Chennai,Basic
C04729,Karan Verma,Pune,Basic
C04730,Kavya Singh,Kolkata,Premium
C04731,Rahul Gupta,Ahmedabad,Premium
C04732,Pooja Kapoor,Hyderabad,Basic
C04733,Sneha Joshi,Chennai,Premium
C04734,Nisha Mishra,Ahmedabad,Basic
C04735,Pooja Mishra,Lucknow,Standard
C04736,Pooja Reddy,Pune,Premium
C04737,Pooja Gupta,Lucknow,Basic
C04738,Amit Das,Delhi,Premium
C04739,Nisha Patel,Kolkata,Basic
C04740,Vikram Malhotra,Lucknow,Standard
C04741,Kavya Mehta,Mumbai,Standard
C04742,Vikram Iyer,Ahmedabad,Standard
C04743,Pooja Mishra,Jaipur,Premium
C04744,Sneha Mishra,Pune,Basic
C04745,Raj Sharma,Hyderabad,Basic
C04746,Priya Sharma,Kolkata,Premium
C04747,Rohan Sinha,Pune,Premium
C04748,Aditya Kapoor,Chennai,Standard
C04749,Kavya Joshi,Kolkata,Standard
C04750,Neha Singh,Ahmedabad,Premium
C04751,Ankit Kapoor,Chennai,Premium
C04752,Neha Reddy,Jaipur,Basic
C04753,Ankit Malhotra,Pune,Standard
C04754,Nisha Mishra,Bangalore,Standard
C04755,Kavya Gupta,Kolkata,Standard
C04756,Pooja Reddy,Hyderabad,Standard
C04757,Kavya Singh,Delhi,Basic
C04758,Amit Joshi,Pune,Standard
C04759,Pooja Kapoor,Bangalore,Standard
C04760,Neha Singh,Ahmedabad,Standard
C04761,Ankit Iyer,Ahmedabad,Standard
C04762,Nisha Khan,Bangalore,Standard
C04763,Rahul Gupta,Hyderabad,Basic
C04764,Rohan Sinha,Jaipur,Basic
C04765,Vikram Reddy,Chennai,Basic
C04766,Karan Khan,Pune,Basic
C04767,Aditya Gupta,Hyderabad,Premium
C04768,Amit Malhotra,Lucknow,Basic
C04769,Sneha Mishra,Chennai,Premium
C04770,Aditya Verma,Jaipur,Standard
C04771,Sneha Khan,Pune,Premium
C04772,Kavya Malhotra,Chennai,Basic
C04773,Pooja Gupta,Kolkata,Premium
C04774,Arjun Mishra,Mumbai,Premium
C04775,Karan Khan,Chennai,Premium
C04776,Arjun Patel,Hyderabad,Premium
C04777,Raj Patel,Ahmedabad,Basic
C04778,Nisha Patel,Bangalore,Premium
C04779,Rohan Patel,Mumbai,Basic
C04780,Arjun Mishra,Ahmedabad,Standard
C04781,Karan Reddy,Lucknow,Premium
C04782,Sneha Khan,Jaipur,Basic
C04783,Sneha Joshi,Lucknow,Standard
C04784,Aditya Singh,Kolkata,Standard
C04785,Sneha Verma,Kolkata,Premium
C04786,Ankit Reddy,Kolkata,Premium
C04787,Aditya Khan,Kolkata,Basic
C04788,Neha Iyer,Jaipur,Basic
C04789,Priya Gupta,Jaipur,Basic
C04790,Arjun Reddy,Kolkata,Premium
C04791,Nisha Mishra,Lucknow,Premium
C04792,Aditya Verma,Jaipur,Premium
C04793,Arjun Singh,Lucknow,Premium
C04794,Arjun Das,Ahmedabad,Standard
C04795,Pooja Mehta,Delhi,Premium
C04796,Rahul Reddy,Ahmedabad,Basic
C04797,Vikram Sharma,Kolkata,Standard
C04798,Kavya Malhotra,Bangalore,Premium
C04799,Vikram Verma,Delhi,Basic
C04800,Rohan Das,Chennai,Basic
C04801,Rahul Malhotra,Lucknow,Standard
C04802,Sneha Malhotra,Bangalore,Standard
C04803,Neha Joshi,Ahmedabad,Standard
C04804,Karan Malhotra,Chennai,Standard
C04805,Neha Das,Jaipur,Standard
C04806,Priya Iyer,Jaipur,Basic
C04807,Pooja Verma,Mumbai,Basic
C04808,Rahul Malhotra,Kolkata,Basic
C04809,Amit Iyer,Delhi,Basic
C04810,Amit Reddy,Pune,Basic
C04811,Priya Malhotra,Hyderabad,Premium
C04812,Pooja Iyer,Bangalore,Premium
C04813,Rahul Joshi,Ahmedabad,Basic
C04814,Amit Verma,Delhi,Premium
C04815,Sneha Das,Pune,Standard
C04816,Sneha Malhotra,Ahmedabad,Premium
C04817,Kavya Verma,Bangalore,Premium
C04818,Rohan Verma,Bangalore,Basic
C04819,Sneha Sinha,Chennai,Standard
C04820,Amit Khan,Chennai,Standard
C04821,Neha Patel,Kolkata,Basic
C04822,Vikram Gupta,Kolkata,Standard
C04823,Nisha Gupta,Jaipur,Standard
C04824,Rahul Sinha,Lucknow,Premium
C04825,Karan Sharma,Kolkata,Premium
C04826,Priya Sharma,Jaipur,Premium
C04827,Rahul Verma,Pune,Standard
C04828,Rahul Iyer,Lucknow,Basic
C04829,Ankit Mishra,Delhi,Premium
C04830,Neha Joshi,Lucknow,Standard
C04831,Priya Reddy,Hyderabad,Standard
C04832,Amit Mishra,Bangalore,Basic
C04833,Ankit Das,Bangalore,Standard
C04834,Aditya Mishra,Bangalore,Basic
C04835,Priya Mishra,Ahmedabad,Premium
C04836,Pooja Sharma,Jaipur,Premium
C04837,Nisha Sinha,Chennai,Standard
C04838,Amit Verma,Bangalore,Basic
C04839,Karan Khan,Delhi,Standard
C04840,Neha Das,Bangalore,Basic
C04841,Raj Verma,Ahmedabad,Basic
C04842,Karan Mishra,Pune,Standard
C04843,Amit Joshi,Jaipur,Premium
C04844,Ankit Patel,Kolkata,Premium
C04845,Neha Mishra,Ahmedabad,Premium
C04846,Nisha Mehta,Mumbai,Standard
C04847,Rahul Sinha,Ahmedabad,Basic
C04848,Aditya Iyer,Lucknow,Premium
C04849,Kavya Reddy,Delhi,Basic
C04850,Vikram Verma,Jaipur,Basic
C04851,Pooja Malhotra,Jaipur,Basic
C04852,Sneha Iyer,Jaipur,Basic
C04853,Neha Singh,Kolkata,Premium
C04854,Arjun Iyer,Hyderabad,Standard
C04855,Vikram Mehta,Pune,Standard
C04856,Sneha Gupta,Ahmedabad,Premium
C04857,Arjun Gupta,Kolkata,Basic
C04858,Arjun Das,Pune,Standard
C04859,Arjun Iyer,Chennai,Basic
C04860,Aditya Sharma,Jaipur,Premium
C04861,Neha Gupta,Chennai,Basic
C04862,Aditya Sinha,Lucknow,Basic
C04863,Priya Joshi,Kolkata,Basic
C04864,Rahul Reddy,Mumbai,Premium
C04865,Rohan Mehta,Hyderabad,Standard
C04866,Karan Sharma,Pune,Basic
C04867,Karan Reddy,Bangalore,Basic
C04868,Ankit Joshi,Mumbai,Premium
C04869,Amit Kapoor,Bangalore,Premium
C04870,Aditya Verma,Delhi,Basic
C04871,Neha Kapoor,Hyderabad,Basic
C04872,Vikram Das,Mumbai,Premium
C04873,Raj Mehta,Hyderabad,Basic
C04874,Amit Sinha,Chennai,Premium
C04875,Raj Patel,Kolkata,Premium
C04876,Sneha Mishra,Hyderabad,Standard
C04877,Raj Mishra,Pune,Premium
C04878,Priya Khan,Lucknow,Premium
C04879,Pooja Joshi,Chennai,Standard
C04880,Vikram Das,Chennai,Premium
C04881,Raj Joshi,Chennai,Standard
C04882,Aditya Sharma,Pune,Standard
C04883,Sneha Singh,Hyderabad,Standard
C04884,Rohan Das,Mumbai,Basic
C04885,Aditya Mehta,Mumbai,Basic
C04886,Nisha Kapoor,Bangalore,Basic
C04887,Aditya Patel,Delhi,Basic
C04888,Amit Gupta,Bangalore,Standard
C04889,Amit Khan,Jaipur,Standard
C04890,Priya Malhotra,Chennai,Basic
C04891,Aditya Sinha,Pune,Standard
C04892,Karan Singh,Chennai,Basic
C04893,Rohan Gupta,Delhi,Standard
C04894,Kavya Sinha,Hyderabad,Premium
C04895,Karan Mishra,Ahmedabad,Premium
C04896,Priya Reddy,Mumbai,Standard
C04897,Arjun Gupta,Delhi,Premium
C04898,Rahul Mishra,Pune,Premium
C04899,Amit Iyer,Delhi,Premium
C04900,Sneha Das,Kolkata,Standard
C04901,Aditya Khan,Ahmedabad,Basic
C04902,Nisha Sharma,Jaipur,Premium
C04903,Nisha Patel,Kolkata,Premium
C04904,Pooja Sharma,Bangalore,Standard
C04905,Kavya Singh,Bangalore,Standard
C04906,Arjun Patel,Mumbai,Standard
C04907,Sneha Khan,Chennai,Basic
C04908,Amit Patel,Bangalore,Basic
C04909,Neha Verma,Ahmedabad,Premium
C04910,Kavya Kapoor,Delhi,Premium
C04911,Pooja Reddy,Chennai,Basic
C04912,Priya Khan,Jaipur,Standard
C04913,Rahul Gupta,Delhi,Standard
C04914,Karan Reddy,Mumbai,Basic
C04915,Aditya Khan,Kolkata,Standard
C04916,Rahul Khan,Delhi,Basic
C04917,Neha Sharma,Pune,Premium
C04918,Pooja Sharma,Pune,Basic
C04919,Amit Mishra,Hyderabad,Basic
C04920,Rahul Das,Jaipur,Premium
C04921,Rahul Joshi,Ahmedabad,Basic
C04922,Vikram Mehta,Chennai,Basic
C04923,Pooja Mehta,Ahmedabad,Basic
C04924,Neha Joshi,Ahmedabad,Basic
C04925,Rohan Verma,Ahmedabad,Standard
C04926,Raj Sinha,Bangalore,Standard
C04927,Karan Sinha,Kolkata,Premium
C04928,Priya Singh,Bangalore,Standard
C04929,Rohan Sinha,Bangalore,Standard
C04930,Aditya Sharma,Pune,Standard
C04931,Priya Sharma,Ahmedabad,Standard
C04932,Aditya Sinha,Jaipur,Premium
C04933,Sneha Khan,Kolkata,Premium
C04934,Sneha Mehta,Pune,Standard
C04935,Aditya Kapoor,Ahmedabad,Standard
C04936,Arjun Verma,Kolkata,Standard
C04937,Vikram Mehta,Bangalore,Basic
C04938,Karan Patel,Hyderabad,Premium
C04939,Aditya Patel,Lucknow,Premium
C04940,Kavya Malhotra,Lucknow,Standard
C04941,Raj Kapoor,Jaipur,Standard
C04942,Ankit Joshi,Chennai,Premium
C04943,Sneha Khan,Ahmedabad,Premium
C04944,Karan Joshi,Ahmedabad,Standard
C04945,Raj Mishra,Lucknow,Standard
C04946,Rahul Patel,Hyderabad,Standard
C04947,Karan Sinha,Bangalore,Basic
C04948,Sneha Sinha,Jaipur,Standard
C04949,Priya Kapoor,Mumbai,Basic
C04950,Neha Mehta,Lucknow,Basic
C04951,Priya Singh,Lucknow,Premium
C04952,Vikram Mehta,Lucknow,Premium
C04953,Priya Mehta,Kolkata,Standard
C04954,Neha Mishra,Bangalore,Standard
C04955,Ankit Das,Lucknow,Basic
C04956,Aditya Joshi,Mumbai,Basic
C04957,Amit Iyer,Delhi,Premium
C04958,Rahul Sharma,Mumbai,Standard
C04959,Kavya Gupta,Kolkata,Standard
C04960,Neha Malhotra,Bangalore,Premium
C04961,Rohan Mishra,Delhi,Standard
C04962,Pooja Sinha,Kolkata,Basic
C04963,Raj Mishra,Ahmedabad,Standard
C04964,Ankit Malhotra,Bangalore,Standard
C04965,Rohan Gupta,Jaipur,Premium
C04966,Raj Sinha,Bangalore,Premium
C04967,Sneha Gupta,Jaipur,Basic
C04968,Sneha Khan,Jaipur,Basic
C04969,Vikram Kapoor,Chennai,Basic
C04970,Kavya Sinha,Hyderabad,Premium
C04971,Vikram Khan,Ahmedabad,Premium
C04972,Nisha Sharma,Bangalore,Standard
C04973,Arjun Mehta,Ahmedabad,Premium
C04974,Nisha Sharma,Lucknow,Basic
C04975,Kavya Verma,Ahmedabad,Basic
C04976,Pooja Khan,Ahmedabad,Premium
C04977,Arjun Joshi,Lucknow,Standard
C04978,Raj Verma,Delhi,Standard
C04979,Amit Khan,Bangalore,Basic
C04980,Rohan Joshi,Pune,Premium
C04981,Amit Sinha,Hyderabad,Basic
C04982,Ankit Singh,Delhi,Standard
C04983,Pooja Iyer,Ahmedabad,Premium
C04984,Pooja Sinha,Lucknow,Standard
C04985,Priya Verma,Chennai,Premium
C04986,Karan Singh,Jaipur,Premium
C04987,Arjun Verma,Bangalore,Premium
C04988,Vikram Patel,Chennai,Standard
C04989,Arjun Mehta,Kolkata,Premium
C04990,Rohan Malhotra,Ahmedabad,Basic
C04991,Amit Verma,Jaipur,Premium
C04992,Priya Mishra,Lucknow,Premium
C04993,Aditya Das,Mumbai,Standard
C04994,Sneha Patel,Ahmedabad,Standard
C04995,Sneha Sharma,Chennai,Basic
C04996,Sneha Verma,Kolkata,Basic
C04997,Kavya Iyer,Pune,Standard
C04998,Aditya Verma,Bangalore,Standard
C04999,Aditya Singh,Jaipur,Premium
C05000,Arjun Singh,Chennai,Premium
C05001,Raj Kapoor,Delhi,Basic
C05002,Raj Verma,Jaipur,Premium
C05003,Rahul Iyer,Bangalore,Premium
C05004,Neha Gupta,Bangalore,Standard
C05005,Amit Khan,Lucknow,Premium
C05006,Nisha Gupta,Delhi,Premium
C05007,Aditya Sharma,Kolkata,Basic
C05008,Amit Khan,Lucknow,Basic
C05009,Kavya Kapoor,Kolkata,Basic
C05010,Amit Das,Delhi,Premium
C05011,Aditya Khan,Hyderabad,Basic
C05012,Raj Gupta,Bangalore,Premium
C05013,Aditya Gupta,Mumbai,Standard
C05014,Nisha Joshi,Hyderabad,Premium
C05015,Rahul Malhotra,Delhi,Standard
C05016,Ankit Joshi,Jaipur,Premium
C05017,Arjun Mishra,Hyderabad,Basic
C05018,Arjun Das,Bangalore,Standard
C05019,Rohan Malhotra,Lucknow,Premium
C05020,Arjun Khan,Jaipur,Premium
C05021,Amit Khan,Hyderabad,Standard
C05022,Priya Sinha,Jaipur,Basic
C05023,Neha Malhotra,Delhi,Basic
C05024,Nisha Gupta,Hyderabad,Premium
C05025,Kavya Verma,Hyderabad,Premium
C05026,Sneha Joshi,Lucknow,Standard
C05027,Pooja Mehta,Jaipur,Basic
C05028,Rohan Patel,Pune,Standard
C05029,Kavya Verma,Hyderabad,Basic
C05030,Rahul Joshi,Chennai,Standard
C05031,Nisha Khan,Delhi,Premium
C05032,Amit Kapoor,Kolkata,Basic
C05033,Rahul Das,Pune,Premium
C05034,Vikram Iyer,Ahmedabad,Premium
C05035,Aditya Joshi,Delhi,Standard
C05036,Pooja Iyer,Kolkata,Basic
C05037,Vikram Das,Delhi,Basic
C05038,Rohan Malhotra,Kolkata,Standard
C05039,Ankit Malhotra,Ahmedabad,Standard
C05040,Arjun Singh,Ahmedabad,Standard
C05041,Karan Malhotra,Hyderabad,Premium
C05042,Pooja Khan,Mumbai,Basic
C05043,Ankit Mehta,Ahmedabad,Standard
C05044,Ankit Sinha,Pune,Standard
C05045,Kavya Sinha,Ahmedabad,Standard
C05046,Priya Khan,Pune,Standard
C05047,Rahul Mishra,Bangalore,Standard
C05048,Sneha Mishra,Bangalore,Standard
C05049,Ankit Sharma,Pune,Basic
C05050,Raj Khan,Bangalore,Basic
C05051,Priya Patel,Delhi,Premium
C05052,Sneha Kapoor,Bangalore,Standard
C05053,Ankit Patel,Mumbai,Standard
C05054,Sneha Khan,Chennai,Basic
C05055,Rohan Patel,Hyderabad,Standard
C05056,Pooja Malhotra,Ahmedabad,Standard
C05057,Sneha Mishra,Bangalore,Standard
C05058,Vikram Sharma,Kolkata,Premium
C05059,Amit Verma,Ahmedabad,Basic
C05060,Rohan Khan,Hyderabad,Basic
C05061,Arjun Iyer,Hyderabad,Standard
C05062,Arjun Sharma,Chennai,Basic
C05063,Priya Verma,Chennai,Basic
C05064,Pooja Mehta,Lucknow,Premium
C05065,Pooja Khan,Jaipur,Standard
C05066,Ankit Malhotra,Kolkata,Basic
C05067,Kavya Khan,Kolkata,Basic
C05068,Arjun Gupta,Mumbai,Standard
C05069,Ankit Mehta,Hyderabad,Premium
C05070,Ankit Malhotra,Hyderabad,Standard
C05071,Vikram Sinha,Ahmedabad,Standard
C05072,Karan Verma,Lucknow,Standard
C05073,Aditya Patel,Bangalore,Standard
C05074,Nisha Joshi,Lucknow,Premium
C05075,Aditya Das,Lucknow,Premium
C05076,Kavya Mishra,Hyderabad,Standard
C05077,Pooja Kapoor,Mumbai,Standard
C05078,Karan Sinha,Delhi,Standard
C05079,Nisha Khan,Lucknow,Standard
C05080,Amit Reddy,Ahmedabad,Standard
C05081,Pooja Sinha,Chennai,Premium
C05082,Arjun Mehta,Hyderabad,Standard
C05083,Aditya Khan,Kolkata,Premium
C05084,Arjun Patel,Hyderabad,Basic
C05085,Rahul Verma,Kolkata,Basic
C05086,Arjun Reddy,Bangalore,Standard
C05087,Ankit Kapoor,Kolkata,Basic
C05088,Raj Reddy,Hyderabad,Basic
C05089,Neha Sinha,Lucknow,Basic
C05090,Amit Singh,Mumbai,Basic
C05091,Raj Patel,Jaipur,Basic
C05092,Rohan Patel,Pune,Standard
C05093,Aditya Mishra,Mumbai,Standard
C05094,Rohan Patel,Bangalore,Standard
C05095,Rahul Sharma,Pune,Premium
C05096,Ankit Kapoor,Bangalore,Standard
C05097,Vikram Mehta,Jaipur,Premium
C05098,Pooja Kapoor,Kolkata,Premium
C05099,Raj Singh,Ahmedabad,Standard
C05100,Neha Malhotra,Lucknow,Standard
C05101,Rohan Khan,Lucknow,Premium
C05102,Ankit Sharma,Delhi,Premium
C05103,Kavya Verma,Jaipur,Standard
C05104,Ankit Khan,Kolkata,Basic
C05105,Sneha Reddy,Mumbai,Basic
C05106,Sneha Joshi,Kolkata,Standard
C05107,Priya Verma,Lucknow,Premium
C05108,Vikram Singh,Kolkata,Basic
C05109,Nisha Das,Mumbai,Basic
C05110,Rahul Malhotra,Bangalore,Standard
C05111,Amit Sinha,Delhi,Premium
C05112,Priya Gupta,Jaipur,Premium
C05113,Aditya Patel,Delhi,Standard
C05114,Ankit Verma,Delhi,Standard
C05115,Ankit Iyer,Delhi,Standard
C05116,Sneha Reddy,Mumbai,Basic
C05117,Sneha Joshi,Pune,Basic
C05118,Priya Reddy,Delhi,Premium
C05119,Arjun Khan,Delhi,Standard
C05120,Neha Patel,Mumbai,Basic
C05121,Vikram Reddy,Mumbai,Premium
C05122,Vikram Mishra,Hyderabad,Standard
C05123,Rahul Sharma,Hyderabad,Premium
C05124,Priya Mishra,Bangalore,Basic
C05125,Ankit Verma,Pune,Basic
C05126,Vikram Mehta,Mumbai,Basic
C05127,Nisha Singh,Ahmedabad,Premium
C05128,Vikram Malhotra,Pune,Basic
C05129,Amit Sharma,Hyderabad,Basic
C05130,Rahul Patel,Hyderabad,Basic
C05131,Arjun Sharma,Kolkata,Basic
C05132,Amit Das,Kolkata,Basic
C05133,Raj Mishra,Bangalore,Standard
C05134,Neha Khan,Jaipur,Premium
C05135,Raj Joshi,Lucknow,Standard
C05136,Rohan Reddy,Kolkata,Basic
C05137,Sneha Khan,Hyderabad,Basic
C05138,Rohan Verma,Hyderabad,Standard
C05139,Raj Singh,Pune,Premium
C05140,Vikram Singh,Ahmedabad,Premium
C05141,Arjun Das,Jaipur,Standard
C05142,Neha Khan,Delhi,Premium
C05143,Sneha Iyer,Delhi,Basic
C05144,Raj Mishra,Hyderabad,Premium
C05145,Nisha Das,Chennai,Basic
C05146,Vikram Patel,Lucknow,Standard
C05147,Ankit Kapoor,Mumbai,Basic
C05148,Vikram Patel,Lucknow,Standard
C05149,Neha Reddy,Mumbai,Standard
C05150,Rahul Patel,Bangalore,Standard
C05151,Neha Kapoor,Pune,Basic
C05152,Ankit Kapoor,Pune,Basic
C05153,Nisha Khan,Ahmedabad,Standard
C05154,Karan Das,Chennai,Basic
C05155,Kavya Patel,Delhi,Basic
C05156,Amit Sinha,Mumbai,Premium
C05157,Pooja Sharma,Mumbai,Standard
C05158,Raj Sharma,Chennai,Standard
C05159,Sneha Malhotra,Lucknow,Premium
C05160,Amit Sharma,Kolkata,Premium
C05161,Vikram Patel,Pune,Basic
C05162,Raj Verma,Delhi,Standard
C05163,Sneha Joshi,Mumbai,Standard
C05164,Nisha Sharma,Delhi,Standard
C05165,Priya Singh,Ahmedabad,Premium
C05166,Amit Sinha,Mumbai,Standard
C05167,Priya Sharma,Delhi,Premium
C05168,Aditya Patel,Ahmedabad,Basic
C05169,Aditya Reddy,Chennai,Standard
C05170,Rahul Malhotra,Lucknow,Standard
C05171,Amit Malhotra,Bangalore,Premium
C05172,Amit Mehta,Pune,Premium
C05173,Rahul Kapoor,Pune,Standard
C05174,Sneha Khan,Mumbai,Basic
C05175,Raj Sharma,Delhi,Standard
C05176,Aditya Singh,Ahmedabad,Premium
C05177,Nisha Singh,Mumbai,Basic
C05178,Rohan Mishra,Hyderabad,Premium
C05179,Aditya Kapoor,Mumbai,Basic
C05180,Rahul Mishra,Lucknow,Standard
C05181,Karan Malhotra,Ahmedabad,Premium
C05182,Aditya Mishra,Mumbai,Standard
C05183,Ankit Gupta,Lucknow,Standard
C05184,Arjun Mishra,Ahmedabad,Basic
C05185,Priya Verma,Kolkata,Basic
C05186,Karan Reddy,Bangalore,Standard
C05187,Aditya Joshi,Kolkata,Standard
C05188,Priya Das,Pune,Standard
C05189,Arjun Verma,Chennai,Premium
C05190,Kavya Joshi,Ahmedabad,Basic
C05191,Karan Mehta,Kolkata,Standard
C05192,Amit Das,Chennai,Premium
C05193,Ankit Sinha,Kolkata,Basic
C05194,Arjun Kapoor,Jaipur,Basic
C05195,Priya Sinha,Mumbai,Standard
C05196,Karan Sinha,Bangalore,Basic
C05197,Ankit Reddy,Bangalore,Basic
C05198,Priya Mishra,Hyderabad,Basic
C05199,Sneha Gupta,Pune,Premium
C05200,Karan Reddy,Mumbai,Basic
C05201,Amit Das,Mumbai,Standard
C05202,Raj Reddy,Bangalore,Basic
C05203,Neha Joshi,Kolkata,Standard
C05204,Amit Verma,Kolkata,Basic
C05205,Raj Mehta,Jaipur,Basic
C05206,Kavya Mehta,Hyderabad,Basic
C05207,Ankit Malhotra,Pune,Basic
C05208,Nisha Gupta,Hyderabad,Basic
C05209,Vikram Kapoor,Bangalore,Basic
C05210,Raj Iyer,Hyderabad,Basic
C05211,Rahul Sinha,Jaipur,Premium
C05212,Arjun Khan,Delhi,Basic
C05213,Rohan Patel,Pune,Standard
C05214,Kavya Patel,Jaipur,Basic
C05215,Amit Mishra,Hyderabad,Premium
C05216,Rahul Sharma,Chennai,Premium
C05217,Neha Khan,Delhi,Premium
C05218,Rohan Kapoor,Delhi,Standard
C05219,Ankit Joshi,Pune,Premium
C05220,Aditya Das,Chennai,Standard
C05221,Sneha Verma,Hyderabad,Standard
C05222,Sneha Das,Lucknow,Standard
C05223,Vikram Das,Lucknow,Premium
C05224,Vikram Kapoor,Mumbai,Standard
C05225,Ankit Verma,Mumbai,Standard
C05226,Aditya Kapoor,Pune,Basic
C05227,Nisha Gupta,Pune,Basic
C05228,Pooja Das,Kolkata,Basic
C05229,Arjun Sharma,Pune,Premium
C05230,Arjun Iyer,Delhi,Standard
C05231,Rohan Reddy,Delhi,Premium
C05232,Neha Malhotra,Delhi,Standard
C05233,Sneha Malhotra,Kolkata,Premium
C05234,Pooja Kapoor,Mumbai,Standard
C05235,Rohan Reddy,Ahmedabad,Premium
C05236,Pooja Mehta,Delhi,Premium
C05237,Vikram Khan,Lucknow,Basic
C05238,Nisha Sharma,Jaipur,Standard
C05239,Amit Reddy,Bangalore,Standard
C05240,Rohan Malhotra,Lucknow,Standard
C05241,Nisha Sinha,Jaipur,Basic
C05242,Aditya Sharma,Chennai,Basic
C05243,Amit Malhotra,Jaipur,Standard
C05244,Priya Sinha,Ahmedabad,Standard
C05245,Kavya Khan,Mumbai,Standard
C05246,Pooja Verma,Pune,Premium
C05247,Vikram Khan,Delhi,Premium
C05248,Arjun Kapoor,Hyderabad,Premium
C05249,Sneha Iyer,Bangalore,Standard
C05250,Rahul Singh,Bangalore,Premium
C05251,Ankit Mishra,Lucknow,Standard
C05252,Neha Malhotra,Ahmedabad,Basic
C05253,Raj Gupta,Delhi,Premium
C05254,Priya Khan,Lucknow,Basic
C05255,Rahul Kapoor,Ahmedabad,Standard
C05256,Nisha Malhotra,Pune,Premium
C05257,Aditya Reddy,Kolkata,Basic
C05258,Karan Gupta,Pune,Standard
C05259,Rahul Singh,Pune,Basic
C05260,Aditya Mehta,Delhi,Premium
C05261,Amit Singh,Kolkata,Standard
C05262,Sneha Reddy,Hyderabad,Premium
C05263,Amit Sharma,Bangalore,Premium
C05264,Pooja Khan,Hyderabad,Standard
C05265,Vikram Reddy,Kolkata,Basic
C05266,Rohan Kapoor,Delhi,Basic
C05267,Priya Das,Pune,Premium
C05268,Karan Sharma,Hyderabad,Premium
C05269,Priya Singh,Bangalore,Basic
C05270,Aditya Mehta,Mumbai,Standard
C05271,Rahul Reddy,Mumbai,Premium
C05272,Karan Joshi,Chennai,Basic
C05273,Karan Sharma,Chennai,Premium
C05274,Ankit Sinha,Hyderabad,Standard
C05275,Nisha Patel,Hyderabad,Basic
C05276,Arjun Kapoor,Ahmedabad,Premium
C05277,Amit Khan,Pune,Basic
C05278,Vikram Joshi,Jaipur,Premium
C05279,Priya Joshi,Bangalore,Basic
C05280,Priya Mishra,Delhi,Standard
C05281,Karan Gupta,Lucknow,Premium
C05282,Neha Joshi,Pune,Basic
C05283,Ankit Patel,Chennai,Standard
C05284,Rahul Iyer,Pune,Premium
C05285,Kavya Verma,Pune,Premium
C05286,Neha Joshi,Kolkata,Standard
C05287,Arjun Das,Hyderabad,Basic
C05288,Raj Khan,Ahmedabad,Basic
C05289,Nisha Reddy,Pune,Basic
C05290,Kavya Iyer,Bangalore,Premium
C05291,Pooja Reddy,Chennai,Standard
C05292,Nisha Gupta,Pune,Basic
C05293,Rahul Mehta,Delhi,Basic
C05294,Amit Malhotra,Bangalore,Basic
C05295,Rahul Verma,Chennai,Standard
C05296,Rohan Kapoor,Kolkata,Standard
C05297,Kavya Reddy,Lucknow,Standard
C05298,Raj Singh,Ahmedabad,Basic
C05299,Arjun Mehta,Lucknow,Basic
C05300,Karan Sinha,Lucknow,Basic
C05301,Vikram Iyer,Lucknow,Premium
C05302,Arjun Verma,Delhi,Basic
C05303,Arjun Verma,Jaipur,Basic
C05304,Pooja Joshi,Delhi,Standard
C05305,Vikram Singh,Chennai,Standard
C05306,Pooja Reddy,Hyderabad,Standard
C05307,Raj Sinha,Kolkata,Premium
C05308,Pooja Patel,Kolkata,Standard
C05309,Neha Mishra,Kolkata,Basic
C05310,Vikram Mehta,Chennai,Standard
C05311,Pooja Mehta,Hyderabad,Basic
C05312,Raj Iyer,Bangalore,Basic
C05313,Rohan Patel,Kolkata,Basic
C05314,Karan Reddy,Kolkata,Premium
C05315,Nisha Kapoor,Lucknow,Basic
C05316,Priya Gupta,Chennai,Basic
C05317,Neha Patel,Lucknow,Basic
C05318,Kavya Verma,Bangalore,Basic
C05319,Nisha Kapoor,Kolkata,Premium
C05320,Sneha Kapoor,Chennai,Basic
C05321,Arjun Reddy,Kolkata,Premium
C05322,Rohan Das,Delhi,Standard
C05323,Amit Mehta,Jaipur,Standard
C05324,Rahul Gupta,Hyderabad,Standard
C05325,Raj Kapoor,Ahmedabad,Basic
C05326,Pooja Mishra,Chennai,Basic
C05327,Pooja Mehta,Hyderabad,Standard
C05328,Rahul Mehta,Ahmedabad,Basic
C05329,Amit Kapoor,Pune,Standard
C05330,Ankit Gupta,Bangalore,Premium
C05331,Amit Verma,Mumbai,Premium
C05332,Kavya Gupta,Chennai,Premium
C05333,Karan Reddy,Chennai,Premium
C05334,Nisha Gupta,Pune,Premium
C05335,Rahul Sinha,Lucknow,Premium
C05336,Rahul Gupta,Kolkata,Basic
C05337,Aditya Singh,Chennai,Standard
C05338,Neha Patel,Hyderabad,Basic
C05339,Pooja Das,Chennai,Basic
C05340,Ankit Mishra,Hyderabad,Premium
C05341,Rahul Reddy,Lucknow,Standard
C05342,Nisha Patel,Bangalore,Standard
C05343,Neha Reddy,Lucknow,Premium
C05344,Priya Gupta,Lucknow,Basic
C05345,Pooja Singh,Ahmedabad,Premium
C05346,Amit Patel,Pune,Premium
C05347,Neha Kapoor,Lucknow,Premium
C05348,Raj Khan,Hyderabad,Standard
C05349,Amit Sharma,Hyderabad,Basic
C05350,Rohan Mehta,Lucknow,Basic
C05351,Kavya Mehta,Ahmedabad,Premium
C05352,Neha Gupta,Delhi,Standard
C05353,Aditya Kapoor,Ahmedabad,Premium
C05354,Aditya Sinha,Pune,Basic
C05355,Nisha Mehta,Mumbai,Basic
C05356,Nisha Singh,Hyderabad,Basic
C05357,Arjun Mehta,Jaipur,Standard
C05358,Ankit Sharma,Ahmedabad,Basic
C05359,Pooja Mehta,Ahmedabad,Basic
C05360,Neha Verma,Bangalore,Basic
C05361,Amit Das,Pune,Premium
C05362,Nisha Mehta,Hyderabad,Premium
C05363,Ankit Verma,Pune,Standard
C05364,Neha Malhotra,Chennai,Premium
C05365,Sneha Das,Ahmedabad,Premium
C05366,Vikram Sinha,Lucknow,Premium
C05367,Vikram Malhotra,Delhi,Standard
C05368,Aditya Iyer,Mumbai,Standard
C05369,Pooja Verma,Kolkata,Standard
C05370,Rahul Kapoor,Pune,Basic
C05371,Arjun Sinha,Pune,Premium
C05372,Sneha Singh,Kolkata,Premium
C05373,Rohan Verma,Chennai,Standard
C05374,Priya Khan,Hyderabad,Basic
C05375,Vikram Reddy,Lucknow,Basic
C05376,Nisha Patel,Mumbai,Standard
C05377,Ankit Sharma,Hyderabad,Premium
C05378,Aditya Sinha,Bangalore,Premium
C05379,Pooja Malhotra,Jaipur,Premium
C05380,Rohan Gupta,Jaipur,Standard
C05381,Arjun Khan,Chennai,Premium
C05382,Kavya Mehta,Chennai,Premium
C05383,Neha Mehta,Chennai,Premium
C05384,Karan Gupta,Hyderabad,Premium
C05385,Pooja Sharma,Lucknow,Basic
C05386,Nisha Iyer,Bangalore,Standard
C05387,Karan Kapoor,Pune,Premium
C05388,Neha Sharma,Hyderabad,Basic
C05389,Aditya Gupta,Delhi,Premium
C05390,Rohan Mishra,Bangalore,Basic
C05391,Amit Iyer,Ahmedabad,Basic
C05392,Nisha Verma,Bangalore,Premium
C05393,Karan Sinha,Bangalore,Premium
C05394,Nisha Sharma,Kolkata,Premium
C05395,Nisha Singh,Jaipur,Premium
C05396,Karan Reddy,Mumbai,Standard
C05397,Priya Khan,Mumbai,Standard
C05398,Priya Mishra,Bangalore,Premium
C05399,Kavya Das,Kolkata,Basic
C05400,Nisha Singh,Ahmedabad,Premium
C05401,Arjun Khan,Delhi,Basic
C05402,Neha Khan,Lucknow,Premium
C05403,Amit Mehta,Bangalore,Premium
C05404,Rohan Kapoor,Jaipur,Standard
C05405,Vikram Iyer,Pune,Basic
C05406,Karan Malhotra,Pune,Basic
C05407,Arjun Joshi,Jaipur,Standard
C05408,Nisha Das,Lucknow,Basic
C05409,Kavya Malhotra,Pune,Standard
C05410,Karan Sinha,Pune,Premium
C05411,Karan Mishra,Ahmedabad,Premium
C05412,Nisha Sharma,Hyderabad,Premium
C05413,Pooja Verma,Chennai,Premium
C05414,Pooja Sinha,Pune,Standard
C05415,Sneha Singh,Kolkata,Premium
C05416,Ankit Kapoor,Hyderabad,Premium
C05417,Neha Mehta,Bangalore,Standard
C05418,Kavya Das,Bangalore,Basic
C05419,Nisha Singh,Pune,Premium
C05420,Priya Sharma,Hyderabad,Standard
C05421,Rohan Kapoor,Pune,Standard
C05422,Aditya Kapoor,Kolkata,Premium
C05423,Arjun Khan,Pune,Premium
C05424,Neha Khan,Delhi,Standard
C05425,Ankit Sharma,Kolkata,Standard
C05426,Raj Mehta,Pune,Premium
C05427,Pooja Singh,Kolkata,Basic
C05428,Karan Kapoor,Mumbai,Standard
C05429,Amit Verma,Kolkata,Premium
C05430,Rohan Sinha,Jaipur,Premium
C05431,Rahul Gupta,Bangalore,Basic
C05432,Aditya Reddy,Chennai,Premium
C05433,Rahul Reddy,Hyderabad,Basic
C05434,Karan Verma,Mumbai,Standard
C05435,Sneha Verma,Lucknow,Standard
C05436,Ankit Das,Kolkata,Standard
C05437,Ankit Sharma,Jaipur,Basic
C05438,Amit Sinha,Ahmedabad,Standard
C05439,Sneha Iyer,Jaipur,Premium
C05440,Vikram Iyer,Jaipur,Basic
C05441,Aditya Das,Jaipur,Premium
C05442,Priya Sinha,Pune,Standard
C05443,Vikram Malhotra,Ahmedabad,Basic
C05444,Aditya Joshi,Chennai,Premium
C05445,Priya Iyer,Hyderabad,Premium
C05446,Pooja Mehta,Chennai,Standard
C05447,Neha Sharma,Mumbai,Standard
C05448,Rahul Khan,Hyderabad,Standard
C05449,Pooja Patel,Pune,Premium
C05450,Sneha Reddy,Lucknow,Standard
C05451,Raj Patel,Mumbai,Premium
C05452,Priya Mishra,Mumbai,Standard
C05453,Aditya Kapoor,Delhi,Premium
C05454,Arjun Sinha,Bangalore,Basic
C05455,Arjun Gupta,Delhi,Basic
C05456,Arjun Iyer,Kolkata,Basic
C05457,Aditya Verma,Ahmedabad,Standard
C05458,Pooja Reddy,Jaipur,Basic
C05459,Ankit Joshi,Kolkata,Basic
C05460,Priya Joshi,Lucknow,Basic
C05461,Vikram Singh,Lucknow,Premium
C05462,Neha Mishra,Mumbai,Standard
C05463,Arjun Singh,Kolkata,Basic
C05464,Rohan Kapoor,Pune,Premium
C05465,Pooja Singh,Chennai,Premium
C05466,Kavya Khan,Jaipur,Premium
C05467,Kavya Iyer,Hyderabad,Premium
C05468,Arjun Sinha,Bangalore,Premium
C05469,Aditya Reddy,Jaipur,Standard
C05470,Sneha Malhotra,Pune,Standard
C05471,Pooja Verma,Chennai,Premium
C05472,Neha Khan,Lucknow,Standard
C05473,Raj Joshi,Delhi,Standard
C05474,Raj Sinha,Mumbai,Standard
C05475,Sneha Mishra,Pune,Premium
C05476,Sneha Kapoor,Mumbai,Standard
C05477,Ankit Gupta,Chennai,Premium
C05478,Arjun Sinha,Ahmedabad,Standard
C05479,Pooja Patel,Pune,Standard
C05480,Kavya Patel,Chennai,Premium
C05481,Pooja Iyer,Bangalore,Standard
C05482,Priya Das,Kolkata,Basic
C05483,Sneha Mishra,Delhi,Premium
C05484,Amit Gupta,Mumbai,Premium
C05485,Karan Mehta,Ahmedabad,Premium
C05486,Raj Iyer,Bangalore,Premium
C05487,Rahul Kapoor,Bangalore,Premium
C05488,Priya Singh,Kolkata,Basic
C05489,Vikram Sinha,Kolkata,Basic
C05490,Pooja Gupta,Mumbai,Premium
C05491,Raj Singh,Kolkata,Premium
C05492,Rahul Das,Delhi,Premium
C05493,Pooja Sharma,Hyderabad,Premium
C05494,Raj Mehta,Ahmedabad,Premium
C05495,Rohan Das,Chennai,Basic
C05496,Kavya Reddy,Delhi,Basic
C05497,Rohan Khan,Delhi,Standard
C05498,Pooja Mishra,Chennai,Premium
C05499,Vikram Iyer,Jaipur,Premium
C05500,Arjun Das,Hyderabad,Basic
C05501,Rohan Sharma,Pune,Standard
C05502,Vikram Khan,Ahmedabad,Standard
C05503,Ankit Reddy,Chennai,Standard
C05504,Vikram Malhotra,Pune,Standard
C05505,Nisha Sinha,Hyderabad,Standard
C05506,Vikram Verma,Hyderabad,Premium
C05507,Arjun Khan,Bangalore,Premium
C05508,Amit Sharma,Lucknow,Premium
C05509,Priya Gupta,Ahmedabad,Premium
C05510,Priya Malhotra,Delhi,Standard
C05511,Nisha Verma,Kolkata,Basic
C05512,Neha Malhotra,Ahmedabad,Standard
C05513,Sneha Gupta,Jaipur,Basic
C05514,Pooja Singh,Hyderabad,Standard
C05515,Vikram Sharma,Kolkata,
C05516,Sneha Patel,Kolkata,Premium
C05517,Rahul Sharma,Chennai,Standard
C05518,Priya Mishra,Ahmedabad,Standard
C05519,Vikram Mehta,Kolkata,Standard
C05520,Priya Mishra,Kolkata,Basic
C05521,Aditya Mehta,Kolkata,Basic
C05522,Kavya Malhotra,Bangalore,Premium
C05523,Kavya Iyer,Bangalore,Standard
C05524,Sneha Gupta,Ahmedabad,Standard
C05525,Priya Sharma,Bangalore,Premium
C05526,Karan Das,Ahmedabad,Standard
C05527,Raj Patel,Bangalore,Standard
C05528,Rahul Iyer,Mumbai,Basic
C05529,Ankit Malhotra,Kolkata,Basic
C05530,Ankit Verma,Mumbai,Premium
C05531,Arjun Iyer,Jaipur,Premium
C05532,Neha Khan,Kolkata,Basic
C05533,Vikram Mishra,Jaipur,Standard
C05534,Karan Mehta,Jaipur,Basic
C05535,Pooja Sinha,Lucknow,Premium
C05536,Sneha Iyer,Mumbai,Standard
C05537,Aditya Das,Jaipur,Standard
C05538,Karan Iyer,Ahmedabad,Premium
C05539,Rohan Verma,Mumbai,Standard
C05540,Pooja Joshi,Delhi,Standard
C05541,Kavya Sinha,Pune,Standard
C05542,Raj Sinha,Lucknow,Basic
C05543,Neha Sinha,Kolkata,Basic
C05544,Neha Kapoor,Chennai,Standard
C05545,Raj Joshi,Mumbai,Premium
C05546,Vikram Sinha,Lucknow,Standard
C05547,Sneha Singh,Mumbai,Basic
C05548,Neha Sharma,Hyderabad,Standard
C05549,Neha Mehta,Mumbai,Standard
C05550,Rahul Gupta,Chennai,Basic
C05551,Kavya Sinha,Jaipur,Standard
C05552,Rahul Reddy,Chennai,Basic
C05553,Vikram Sharma,Ahmedabad,Basic
C05554,Neha Reddy,Jaipur,Standard
C05555,Nisha Gupta,Hyderabad,Standard
C05556,Karan Malhotra,Kolkata,Premium
C05557,Karan Joshi,Hyderabad,Premium
C05558,Vikram Mehta,Delhi,Standard
C05559,Vikram Patel,Ahmedabad,Premium
C05560,Amit Khan,Chennai,Premium
C05561,Vikram Singh,Chennai,Standard
C05562,Priya Sinha,Pune,Premium
C05563,Aditya Khan,Kolkata,Premium
C05564,Nisha Sinha,Chennai,Standard
C05565,Karan Malhotra,Jaipur,Basic
C05566,Amit Gupta,Bangalore,Premium
C05567,Kavya Sinha,Mumbai,Premium
C05568,Amit Iyer,Chennai,Premium
C05569,Amit Iyer,Ahmedabad,Standard
C05570,Amit Reddy,Jaipur,Standard
C05571,Karan Gupta,Ahmedabad,Basic
C05572,Pooja Singh,Delhi,Standard
C05573,Nisha Gupta,Kolkata,Premium
C05574,Sneha Iyer,Hyderabad,Basic
C05575,Rohan Malhotra,Mumbai,
C05576,Nisha Iyer,Delhi,Premium
C05577,Priya Khan,Kolkata,Premium
C05578,Karan Mishra,Jaipur,Premium
C05579,Arjun Sinha,Kolkata,Premium
C05580,Ankit Mishra,Pune,Standard
C05581,Amit Iyer,Jaipur,Standard
C05582,Neha Khan,Hyderabad,Basic
C05583,Vikram Kapoor,Lucknow,Basic
C05584,Aditya Gupta,Hyderabad,Basic
C05585,Raj Sinha,Ahmedabad,Basic
C05586,Nisha Kapoor,Pune,Standard
C05587,Vikram Verma,Hyderabad,Premium
C05588,Rahul Kapoor,Hyderabad,Premium
C05589,Pooja Verma,Mumbai,Basic
C05590,Raj Verma,Kolkata,Standard
C05591,Aditya Mishra,Mumbai,Standard
C05592,Kavya Kapoor,Delhi,Premium
C05593,Kavya Gupta,Lucknow,Basic
C05594,Karan Iyer,Delhi,Basic
C05595,Priya Kapoor,Ahmedabad,Basic
C05596,Karan Malhotra,Kolkata,Premium
C05597,Pooja Iyer,Mumbai,Basic
C05598,Ankit Patel,Chennai,Basic
C05599,Kavya Mehta,Chennai,Premium
C05600,Kavya Gupta,Mumbai,Standard
C05601,Vikram Khan,Chennai,Standard
C05602,Priya Singh,Kolkata,Standard
C05603,Amit Reddy,Kolkata,Premium
C05604,Arjun Singh,Chennai,Standard
C05605,Rahul Sharma,Chennai,Standard
C05606,Priya Malhotra,Delhi,Premium
C05607,Raj Reddy,Lucknow,Basic
C05608,Kavya Gupta,Kolkata,Premium
C05609,Amit Singh,Kolkata,Standard
C05610,Raj Gupta,Bangalore,Basic
C05611,Neha Das,Delhi,Premium
C05612,Rahul Singh,Chennai,Basic
C05613,Nisha Reddy,Delhi,Basic
C05614,Karan Sinha,Lucknow,Basic
C05615,Karan Singh,Jaipur,Basic
C05616,Rohan Gupta,Pune,Premium
C05617,Rohan Sinha,Pune,Premium
C05618,Vikram Verma,Chennai,Basic
C05619,Rahul Khan,Delhi,Premium
C05620,Pooja Sharma,Delhi,Standard
C05621,Rahul Kapoor,Kolkata,Standard
C05622,Karan Gupta,Chennai,Premium
C05623,Pooja Reddy,Hyderabad,Premium
C05624,Ankit Khan,Bangalore,Basic
C05625,Raj Das,Delhi,Basic
C05626,Nisha Sharma,Ahmedabad,Premium
C05627,Aditya Malhotra,Bangalore,Premium
C05628,Aditya Mishra,Jaipur,Premium
C05629,Sneha Sharma,Jaipur,Standard
C05630,Pooja Iyer,Hyderabad,Standard
C05631,Karan Patel,Mumbai,Standard
C05632,Neha Das,Pune,Premium
C05633,Kavya Reddy,Chennai,Standard
C05634,Priya Mehta,Lucknow,Standard
C05635,Raj Das,Chennai,Standard
C05636,Neha Das,Delhi,Basic
C05637,Sneha Singh,Lucknow,Standard
C05638,Rahul Gupta,Pune,Basic
C05639,Neha Malhotra,Chennai,Basic
C05640,Priya Das,Bangalore,Basic
C05641,Pooja Gupta,Hyderabad,Premium
C05642,Aditya Sharma,Hyderabad,Premium
C05643,Aditya Sharma,Delhi,Basic
C05644,Sneha Khan,Hyderabad,Standard
C05645,Amit Das,Mumbai,Basic
C05646,Neha Malhotra,Delhi,Basic
C05647,Rahul Mehta,Delhi,Standard
C05648,Neha Kapoor,Bangalore,Premium
C05649,Aditya Joshi,Delhi,Standard
C05650,Ankit Mehta,Pune,Basic
C05651,Karan Joshi,Chennai,Standard
C05652,Vikram Patel,Bangalore,Premium
C05653,Sneha Verma,Hyderabad,Basic
C05654,Kavya Joshi,Hyderabad,Standard
C05655,Arjun Singh,Pune,Premium
C05656,Rohan Sharma,Pune,Standard
C05657,Priya Sharma,Mumbai,Basic
C05658,Arjun Reddy,Chennai,Premium
C05659,Sneha Gupta,Chennai,Premium
C05660,Rohan Singh,Bangalore,Standard
C05661,Nisha Sharma,Ahmedabad,Basic
C05662,Amit Das,Ahmedabad,Standard
C05663,Rohan Joshi,Hyderabad,Standard
C05664,Neha Malhotra,Chennai,Standard
C05665,Sneha Singh,Bangalore,Standard
C05666,Neha Kapoor,Bangalore,Premium
C05667,Nisha Patel,Ahmedabad,Standard
C05668,Neha Reddy,Jaipur,Basic
C05669,Raj Khan,Delhi,Standard
C05670,Aditya Verma,Jaipur,Standard
C05671,Aditya Gupta,Chennai,Basic
C05672,Karan Iyer,Chennai,Basic
C05673,Sneha Sharma,Delhi,Basic
C05674,Raj Gupta,Hyderabad,Standard
C05675,Rohan Iyer,Hyderabad,Basic
C05676,Raj Reddy,Lucknow,Basic
C05677,Nisha Sinha,Jaipur,Premium
C05678,Vikram Kapoor,Jaipur,Premium
C05679,Priya Sharma,Kolkata,Basic
C05680,Nisha Reddy,Pune,Basic
C05681,Ankit Sharma,Ahmedabad,Premium
C05682,Priya Gupta,Chennai,Basic
C05683,Nisha Mehta,Chennai,Basic
C05684,Nisha Singh,Lucknow,Premium
C05685,Vikram Mehta,Lucknow,Basic
C05686,Pooja Verma,Delhi,Standard
C05687,Arjun Das,Hyderabad,Premium
C05688,Ankit Sharma,Kolkata,Standard
C05689,Arjun Iyer,Hyderabad,Basic
C05690,Ankit Kapoor,Hyderabad,Standard
C05691,Karan Sharma,Delhi,Premium
C05692,Pooja Sinha,Bangalore,Premium
C05693,Sneha Mishra,Mumbai,Premium
C05694,Arjun Mehta,Jaipur,Basic
C05695,Amit Gupta,Jaipur,Standard
C05696,Aditya Khan,Hyderabad,Basic
C05697,Neha Patel,Kolkata,Premium
C05698,Rahul Singh,Mumbai,Basic
C05699,Sneha Gupta,Chennai,Basic
C05700,Pooja Sinha,Ahmedabad,Premium
C05701,Amit Verma,Hyderabad,Basic
C05702,Amit Gupta,Chennai,Basic
C05703,Karan Malhotra,Hyderabad,Premium
C05704,Arjun Malhotra,Chennai,Basic
C05705,Priya Joshi,Mumbai,Standard
C05706,Kavya Patel,Pune,Standard
C05707,Amit Gupta,Jaipur,Basic
C05708,Neha Sinha,Lucknow,Standard
C05709,Rahul Mehta,Kolkata,Standard
C05710,Nisha Kapoor,Jaipur,Basic
C05711,Priya Sharma,Delhi,Basic
C05712,Pooja Sharma,Chennai,Premium
C05713,Priya Mishra,Bangalore,Premium
C05714,Aditya Sharma,Bangalore,Premium
C05715,Kavya Patel,Hyderabad,Premium
C05716,Rohan Kapoor,Mumbai,Basic
C05717,Arjun Patel,Lucknow,Premium
C05718,Rahul Gupta,Hyderabad,Standard
C05719,Vikram Iyer,Chennai,Basic
C05720,Sneha Khan,Delhi,Premium
C05721,Arjun Mehta,Mumbai,Premium
C05722,Ankit Sharma,Jaipur,Premium
C05723,Vikram Mishra,Pune,Premium
C05724,Amit Iyer,Bangalore,Premium
C05725,Amit Khan,Pune,Premium
C05726,Sneha Patel,Bangalore,Standard
C05727,Aditya Reddy,Jaipur,Basic
C05728,Karan Sinha,Lucknow,Basic
C05729,Ankit Sinha,Ahmedabad,Premium
C05730,Kavya Das,Jaipur,Basic
C05731,Pooja Patel,Ahmedabad,Standard
C05732,Priya Das,Ahmedabad,Standard
C05733,Ankit Singh,Lucknow,Premium
C05734,Raj Malhotra,Mumbai,Premium
C05735,Sneha Singh,Pune,Basic
C05736,Arjun Sinha,Delhi,Basic
C05737,Amit Iyer,Bangalore,Premium
C05738,Neha Malhotra,Jaipur,Premium
C05739,Karan Kapoor,Pune,Basic
C05740,Pooja Malhotra,Bangalore,Premium
C05741,Karan Khan,Jaipur,Premium
C05742,Nisha Khan,Hyderabad,Premium
C05743,Karan Mishra,Lucknow,Basic
C05744,Raj Gupta,Hyderabad,Basic
C05745,Karan Gupta,Kolkata,Basic
C05746,Karan Gupta,Chennai,Standard
C05747,Ankit Reddy,Bangalore,Premium
C05748,Rahul Mehta,Ahmedabad,Premium
C05749,Priya Iyer,Hyderabad,Basic
C05750,Vikram Gupta,Jaipur,Premium
C05751,Pooja Kapoor,Delhi,Standard
C05752,Aditya Joshi,Jaipur,Premium
C05753,Aditya Iyer,Kolkata,Standard
C05754,Priya Joshi,Chennai,Standard
C05755,Rahul Sharma,Mumbai,Premium
C05756,Nisha Joshi,Mumbai,Basic
C05757,Rahul Gupta,Kolkata,Premium
C05758,Nisha Malhotra,Lucknow,Premium
C05759,Amit Malhotra,Hyderabad,Standard
C05760,Nisha Gupta,Ahmedabad,Basic
C05761,Vikram Verma,Mumbai,Basic
C05762,Aditya Das,Mumbai,Basic
C05763,Priya Verma,Kolkata,Standard
C05764,Vikram Gupta,Jaipur,Basic
C05765,Rohan Iyer,Chennai,Standard
C05766,Priya Gupta,Jaipur,Premium
C05767,Pooja Joshi,Lucknow,Basic
C05768,Arjun Singh,Ahmedabad,Basic
C05769,Raj Iyer,Delhi,Premium
C05770,Priya Mishra,Chennai,Basic
C05771,Pooja Iyer,Mumbai,Standard
C05772,Sneha Kapoor,Mumbai,Basic
C05773,Sneha Kapoor,Mumbai,Premium
C05774,Pooja Sharma,Mumbai,Basic
C05775,Rohan Sinha,Hyderabad,Standard
C05776,Ankit Joshi,Kolkata,Premium
C05777,Ankit Malhotra,Jaipur,Standard
C05778,Karan Khan,Pune,Standard
C05779,Pooja Gupta,Hyderabad,Standard
C05780,Priya Iyer,Chennai,Basic
C05781,Neha Verma,Kolkata,Basic
C05782,Rahul Verma,Chennai,Premium
C05783,Nisha Das,Pune,Basic
C05784,Rahul Reddy,Mumbai,Basic
C05785,Arjun Sharma,Pune,Premium
C05786,Neha Mehta,Lucknow,Basic
C05787,Karan Kapoor,Lucknow,Standard
C05788,Nisha Sharma,Lucknow,Basic
C05789,Kavya Sinha,Jaipur,Premium
C05790,Priya Gupta,Mumbai,Standard
C05791,Nisha Sharma,Delhi,Standard
C05792,Rohan Mishra,Jaipur,Premium
C05793,Raj Reddy,Jaipur,Basic
C05794,Rahul Singh,Chennai,Basic
C05795,Priya Reddy,Ahmedabad,Standard
C05796,Raj Sinha,Hyderabad,Basic
C05797,Neha Mehta,Hyderabad,Basic
C05798,Vikram Gupta,Pune,Standard
C05799,Neha Khan,Delhi,Premium
C05800,Aditya Mehta,Lucknow,Basic
C05801,Rohan Malhotra,Bangalore,Basic
C05802,Pooja Joshi,Chennai,Standard
C05803,Rohan Khan,Mumbai,Premium
C05804,Raj Mehta,Bangalore,Standard
C05805,Aditya Malhotra,Jaipur,Standard
C05806,Neha Gupta,Chennai,Standard
C05807,Amit Kapoor,Mumbai,Standard
C05808,Rohan Joshi,Pune,Premium
C05809,Ankit Iyer,Kolkata,Standard
C05810,Kavya Mishra,Mumbai,Premium
C05811,Sneha Iyer,Hyderabad,Basic
C05812,Vikram Verma,Kolkata,Basic
C05813,Vikram Khan,Chennai,Premium
C05814,Kavya Sinha,Mumbai,Basic
C05815,Amit Kapoor,Pune,Standard
C05816,Sneha Iyer,Chennai,Standard
C05817,Karan Das,Jaipur,Basic
C05818,Raj Sinha,Mumbai,Premium
C05819,Aditya Gupta,Kolkata,Premium
C05820,Karan Malhotra,Jaipur,Basic
C05821,Priya Mishra,Chennai,Standard
C05822,Aditya Khan,Ahmedabad,Basic
C05823,Kavya Malhotra,Mumbai,Basic
C05824,Aditya Verma,Mumbai,Standard
C05825,Vikram Joshi,Mumbai,Standard
C05826,Neha Patel,Hyderabad,Premium
C05827,Nisha Mishra,Kolkata,Premium
C05828,Kavya Reddy,Chennai,Basic
C05829,Ankit Sinha,Delhi,Standard
C05830,Aditya Patel,Bangalore,Premium
C05831,Amit Gupta,Lucknow,Standard
C05832,Karan Kapoor,Delhi,Basic
C05833,Rahul Das,Hyderabad,Premium
C05834,Pooja Gupta,Hyderabad,Standard
C05835,Neha Khan,Pune,Basic
C05836,Ankit Patel,Mumbai,Standard
C05837,Kavya Sharma,Delhi,Premium
C05838,Raj Iyer,Lucknow,Basic
C05839,Arjun Iyer,Kolkata,Standard
C05840,Amit Kapoor,Jaipur,Standard
C05841,Nisha Reddy,Jaipur,Premium
C05842,Rahul Sinha,Bangalore,Premium
C05843,Kavya Sharma,Mumbai,Basic
C05844,Amit Verma,Pune,Premium
C05845,Karan Khan,Lucknow,Basic
C05846,Raj Sharma,Hyderabad,Basic
C05847,Sneha Verma,Ahmedabad,Basic
C05848,Aditya Kapoor,Chennai,Basic
C05849,Rohan Mishra,Lucknow,Premium
C05850,Aditya Sinha,Pune,Premium
C05851,Raj Das,Hyderabad,Standard
C05852,Ankit Das,Kolkata,Premium
C05853,Raj Sharma,Delhi,Standard
C05854,Pooja Gupta,Delhi,Basic
C05855,Vikram Iyer,Lucknow,Standard
C05856,Amit Reddy,Chennai,Premium
C05857,Neha Mehta,Jaipur,Standard
C05858,Ankit Mishra,Mumbai,Basic
C05859,Priya Iyer,Pune,Premium
C05860,Priya Mishra,Bangalore,Premium
C05861,Pooja Das,Jaipur,Premium
C05862,Amit Patel,Ahmedabad,Standard
C05863,Ankit Verma,Pune,Premium
C05864,Amit Singh,Mumbai,Basic
C05865,Aditya Mishra,Chennai,Premium
C05866,Karan Reddy,Pune,Basic
C05867,Rahul Mishra,Kolkata,Basic
C05868,Rahul Iyer,Kolkata,Premium
C05869,Arjun Sinha,Pune,Standard
C05870,Sneha Iyer,Mumbai,Basic
C05871,Aditya Gupta,Delhi,Basic
C05872,Priya Mehta,Mumbai,Premium
C05873,Neha Mishra,Mumbai,Basic
C05874,Raj Patel,Kolkata,Standard
C05875,Sneha Sinha,Lucknow,Premium
C05876,Kavya Mishra,Mumbai,Standard
C05877,Priya Joshi,Ahmedabad,Premium
C05878,Ankit Malhotra,Hyderabad,Premium
C05879,Priya Iyer,Hyderabad,Standard
C05880,Raj Verma,Kolkata,Premium
C05881,Kavya Mehta,Jaipur,Basic
C05882,Priya Mehta,Lucknow,
C05883,Arjun Joshi,Ahmedabad,Standard
C05884,Nisha Reddy,Bangalore,Basic
C05885,Neha Reddy,Chennai,Standard
C05886,Aditya Sharma,Delhi,Premium
C05887,Rohan Sinha,Jaipur,Premium
C05888,Nisha Reddy,Ahmedabad,Premium
C05889,Ankit Singh,Hyderabad,Standard
C05890,Kavya Joshi,Jaipur,Basic
C05891,Raj Reddy,Bangalore,Standard
C05892,Rahul Patel,Hyderabad,Basic
C05893,Ankit Das,Delhi,Premium
C05894,Amit Joshi,Kolkata,Standard
C05895,Aditya Malhotra,Mumbai,Basic
C05896,Kavya Sharma,Jaipur,Standard
C05897,Pooja Das,Delhi,Standard
C05898,Rohan Das,Bangalore,Premium
C05899,Aditya Kapoor,Chennai,Basic
C05900,Nisha Khan,Pune,Basic
C05901,Aditya Das,Lucknow,Basic
C05902,Sneha Iyer,Lucknow,Basic
C05903,Nisha Mehta,Chennai,Basic
C05904,Vikram Das,Lucknow,Basic
C05905,Aditya Joshi,Ahmedabad,Premium
C05906,Raj Reddy,Chennai,Premium
C05907,Karan Iyer,Kolkata,Basic
C05908,Sneha Joshi,Lucknow,Premium
C05909,Priya Verma,Lucknow,Premium
C05910,Rohan Sharma,Jaipur,Standard
C05911,Pooja Das,Hyderabad,Premium
C05912,Raj Patel,Delhi,Premium
C05913,Kavya Iyer,Hyderabad,Standard
C05914,Nisha Khan,Pune,Standard
C05915,Pooja Reddy,Mumbai,Standard
C05916,Pooja Malhotra,Mumbai,Basic
C05917,Arjun Khan,Pune,Basic
C05918,Amit Kapoor,Pune,Premium
C05919,Vikram Kapoor,Bangalore,Basic
C05920,Neha Singh,Jaipur,Basic
C05921,Neha Reddy,Lucknow,Premium
C05922,Ankit Joshi,Lucknow,Standard
C05923,Vikram Patel,Jaipur,Premium
C05924,Vikram Sinha,Jaipur,Premium
C05925,Kavya Mishra,Chennai,Premium
C05926,Raj Verma,Pune,Basic
C05927,Amit Khan,Lucknow,Basic
C05928,Sneha Verma,Mumbai,Basic
C05929,Nisha Mishra,Bangalore,Standard
C05930,Pooja Iyer,Kolkata,Basic
C05931,Vikram Khan,Pune,Basic
C05932,Rohan Gupta,Jaipur,Standard
C05933,Pooja Mehta,Kolkata,Standard
C05934,Vikram Gupta,Hyderabad,Premium
C05935,Karan Kapoor,Pune,Premium
C05936,Vikram Mishra,Bangalore,Premium
C05937,Nisha Reddy,Kolkata,Basic
C05938,Ankit Sinha,Delhi,Standard
C05939,Kavya Patel,Chennai,Standard
C05940,Karan Khan,Hyderabad,Basic
C05941,Nisha Iyer,Chennai,Basic
C05942,Rohan Joshi,Mumbai,Premium
C05943,Kavya Khan,Ahmedabad,Premium
C05944,Rahul Sharma,Jaipur,Standard
C05945,Pooja Mehta,Pune,Premium
C05946,Rahul Gupta,Pune,Basic
C05947,Neha Gupta,Delhi,Basic
C05948,Neha Mishra,Lucknow,Standard
C05949,Kavya Mishra,Mumbai,Premium
C05950,Amit Mehta,Jaipur,Premium
C05951,Pooja Joshi,Chennai,Premium
C05952,Rohan Joshi,Lucknow,Premium
C05953,Kavya Malhotra,Kolkata,Premium
C05954,Arjun Mehta,Bangalore,Basic
C05955,Karan Patel,Lucknow,Standard
C05956,Vikram Mehta,Bangalore,Premium
C05957,Aditya Verma,Hyderabad,Basic
C05958,Rohan Singh,Mumbai,Standard
C05959,Arjun Kapoor,Lucknow,Standard
C05960,Sneha Khan,Mumbai,Basic
C05961,Arjun Sinha,Bangalore,Basic
C05962,Sneha Iyer,Pune,Basic
C05963,Priya Das,Bangalore,Standard
C05964,Rahul Reddy,Delhi,Basic
C05965,Kavya Kapoor,Ahmedabad,Standard
C05966,Raj Sharma,Bangalore,Basic
C05967,Aditya Sinha,Lucknow,Premium
C05968,Nisha Iyer,Chennai,Premium
C05969,Sneha Sinha,Jaipur,Basic
C05970,Karan Singh,Delhi,Premium
C05971,Neha Patel,Ahmedabad,Premium
C05972,Amit Sinha,Bangalore,Standard
C05973,Ankit Malhotra,Bangalore,Premium
C05974,Ankit Sinha,Pune,Premium
C05975,Arjun Reddy,Delhi,Standard
C05976,Rahul Patel,Bangalore,Basic
C05977,Amit Gupta,Lucknow,Premium
C05978,Rahul Mehta,Delhi,Premium
C05979,Nisha Mehta,Hyderabad,Basic
C05980,Vikram Verma,Bangalore,Standard
C05981,Arjun Reddy,Lucknow,Standard
C05982,Sneha Gupta,Hyderabad,Premium
C05983,Arjun Gupta,Jaipur,Standard
C05984,Rohan Singh,Lucknow,Premium
C05985,Aditya Khan,Lucknow,Standard
C05986,Rahul Khan,Pune,Standard
C05987,Karan Sharma,Delhi,Standard
C05988,Rohan Singh,Mumbai,Premium
C05989,Arjun Patel,Chennai,Premium
C05990,Sneha Kapoor,Jaipur,Premium
C05991,Raj Khan,Ahmedabad,Basic
C05992,Nisha Kapoor,Jaipur,Premium
C05993,Raj Khan,Delhi,Premium
C05994,Kavya Khan,Delhi,Standard
C05995,Raj Mishra,Lucknow,Basic
C05996,Kavya Khan,Delhi,Basic
C05997,Neha Singh,Jaipur,Standard
C05998,Priya Das,Jaipur,Standard
C05999,Aditya Mishra,Ahmedabad,Basic
C06000,Vikram Das,Ahmedabad,Premium
C06001,Nisha Mehta,Hyderabad,Basic
C06002,Neha Sinha,Delhi,Basic
C06003,Priya Reddy,Kolkata,Standard
C06004,Rahul Verma,Hyderabad,Basic
C06005,Nisha Kapoor,Mumbai,Standard
C06006,Nisha Malhotra,Lucknow,Basic
C06007,Aditya Joshi,Pune,Standard
C06008,Vikram Sinha,Delhi,Standard
C06009,Arjun Malhotra,Mumbai,Standard
C06010,Kavya Kapoor,Hyderabad,Standard
C06011,Karan Iyer,Bangalore,Premium
C06012,Ankit Iyer,Mumbai,Standard
C06013,Karan Khan,Delhi,Basic
C06014,Kavya Khan,Bangalore,Premium
C06015,Vikram Verma,Kolkata,Basic
C06016,Priya Gupta,Pune,Basic
C06017,Kavya Joshi,Kolkata,Premium
C06018,Nisha Verma,Jaipur,Standard
C06019,Raj Gupta,Chennai,Standard
C06020,Pooja Khan,Delhi,Basic
C06021,Vikram Iyer,Bangalore,Premium
C06022,Pooja Khan,Kolkata,Basic
C06023,Sneha Kapoor,Lucknow,Premium
C06024,Karan Das,Jaipur,Basic
C06025,Rohan Patel,Pune,Basic
C06026,Pooja Reddy,Chennai,Basic
C06027,Kavya Sharma,Bangalore,Premium
C06028,Raj Sinha,Mumbai,Standard
C06029,Nisha Sharma,Lucknow,Basic
C06030,Aditya Patel,Jaipur,Standard
C06031,Aditya Das,Chennai,Basic
C06032,Rohan Joshi,Bangalore,Standard
C06033,Raj Das,Kolkata,Basic
C06034,Pooja Reddy,Jaipur,Basic
C06035,Amit Joshi,Delhi,Standard
C06036,Ankit Kapoor,Jaipur,Basic
C06037,Arjun Iyer,Mumbai,Basic
C06038,Vikram Kapoor,Delhi,Standard
C06039,Raj Khan,Hyderabad,Basic
C06040,Sneha Kapoor,Pune,Standard
C06041,Neha Reddy,Bangalore,Premium
C06042,Raj Das,Ahmedabad,Standard
C06043,Sneha Iyer,Delhi,Basic
C06044,Amit Malhotra,Ahmedabad,Standard
C06045,Pooja Reddy,Ahmedabad,Standard
C06046,Karan Khan,Lucknow,Basic
C06047,Raj Mehta,Jaipur,Standard
C06048,Aditya Mishra,Bangalore,Premium
C06049,Ankit Reddy,Lucknow,Premium
C06050,Arjun Malhotra,Mumbai,Basic
C06051,Karan Verma,Jaipur,Premium
C06052,Sneha Joshi,Bangalore,Basic
C06053,Vikram Iyer,Hyderabad,Standard
C06054,Rahul Malhotra,Chennai,Premium
C06055,Vikram Sinha,Kolkata,Standard
C06056,Sneha Malhotra,Lucknow,Standard
C06057,Vikram Kapoor,Lucknow,Premium
C06058,Rahul Joshi,Delhi,Premium
C06059,Rohan Sinha,Jaipur,Premium
C06060,Nisha Malhotra,Kolkata,Standard
C06061,Rohan Singh,Bangalore,Basic
C06062,Sneha Kapoor,Lucknow,Standard
C06063,Neha Khan,Kolkata,Basic
C06064,Rohan Khan,Hyderabad,Basic
C06065,Priya Joshi,Jaipur,Basic
C06066,Pooja Mishra,Chennai,Standard
C06067,Kavya Mishra,Hyderabad,Premium
C06068,Karan Sinha,Lucknow,Premium
C06069,Ankit Mehta,Bangalore,Standard
C06070,Amit Joshi,Kolkata,Premium
C06071,Karan Iyer,Kolkata,Basic
C06072,Raj Kapoor,Bangalore,Standard
C06073,Sneha Khan,Lucknow,Premium
C06074,Sneha Das,Hyderabad,Basic
C06075,Neha Verma,Jaipur,Basic
C06076,Nisha Joshi,Kolkata,Premium
C06077,Neha Mishra,Jaipur,Premium
C06078,Karan Malhotra,Pune,Standard
C06079,Ankit Sharma,Ahmedabad,Basic
C06080,Rohan Mehta,Jaipur,Standard
C06081,Rahul Das,Kolkata,Standard
C06082,Nisha Joshi,Chennai,Standard
C06083,Neha Sharma,Hyderabad,Standard
C06084,Vikram Das,Delhi,Basic
C06085,Raj Reddy,Lucknow,Premium
C06086,Raj Mishra,Delhi,Standard
C06087,Pooja Kapoor,Bangalore,Premium
C06088,Neha Reddy,Kolkata,Basic
C06089,Neha Singh,Mumbai,Premium
C06090,Kavya Verma,Hyderabad,Standard
C06091,Rohan Gupta,Kolkata,Standard
C06092,Arjun Gupta,Kolkata,Standard
C06093,Neha Gupta,Hyderabad,Basic
C06094,Priya Verma,Lucknow,Premium
C06095,Kavya Mehta,Ahmedabad,Basic
C06096,Kavya Reddy,Delhi,Premium
C06097,Nisha Mehta,Ahmedabad,Standard
C06098,Rahul Sharma,Lucknow,Standard
C06099,Kavya Khan,Delhi,Standard
C06100,Nisha Iyer,Delhi,Premium
C06101,Nisha Verma,Bangalore,Standard
C06102,Sneha Das,Jaipur,Premium
C06103,Aditya Das,Jaipur,Standard
C06104,Karan Sharma,Lucknow,Basic
C06105,Kavya Khan,Ahmedabad,Premium
C06106,Rohan Verma,Bangalore,Premium
C06107,Kavya Reddy,Jaipur,Basic
C06108,Kavya Iyer,Kolkata,Standard
C06109,Priya Sinha,Bangalore,Standard
C06110,Karan Iyer,Pune,Standard
C06111,Rahul Verma,Lucknow,Basic
C06112,Sneha Iyer,Ahmedabad,Basic
C06113,Arjun Singh,Chennai,Premium
C06114,Priya Kapoor,Kolkata,Basic
C06115,Ankit Malhotra,Chennai,Basic
C06116,Vikram Verma,Lucknow,Standard
C06117,Ankit Iyer,Kolkata,Basic
C06118,Kavya Das,Chennai,Premium
C06119,Karan Khan,Chennai,Basic
C06120,Raj Gupta,Delhi,Basic
C06121,Sneha Verma,Mumbai,Premium
C06122,Raj Mishra,Mumbai,Premium
C06123,Rahul Khan,Chennai,Standard
C06124,Vikram Patel,Lucknow,Basic
C06125,Raj Patel,Delhi,Premium
C06126,Priya Joshi,Delhi,Standard
C06127,Kavya Verma,Delhi,Premium
C06128,Rahul Verma,Kolkata,Standard
C06129,Rahul Reddy,Hyderabad,Basic
C06130,Vikram Mehta,Jaipur,Basic
C06131,Priya Joshi,Delhi,Standard
C06132,Rohan Singh,Jaipur,Basic
C06133,Pooja Mehta,Pune,Basic
C06134,Pooja Malhotra,Ahmedabad,Premium
C06135,Arjun Mishra,Hyderabad,Standard
C06136,Arjun Sinha,Ahmedabad,Basic
C06137,Rohan Joshi,Pune,Premium
C06138,Aditya Sharma,Bangalore,Standard
C06139,Kavya Reddy,Bangalore,Standard
C06140,Rohan Patel,Delhi,Basic
C06141,Neha Iyer,Bangalore,Basic
C06142,Karan Iyer,Delhi,Basic
C06143,Priya Patel,Delhi,Premium
C06144,Neha Das,Bangalore,Basic
C06145,Rahul Joshi,Chennai,Basic
C06146,Amit Sharma,Pune,Basic
C06147,Rahul Sinha,Delhi,Basic
C06148,Neha Mehta,Chennai,Standard
C06149,Priya Patel,Jaipur,Standard
C06150,Ankit Sharma,Jaipur,Premium
C06151,Nisha Kapoor,Pune,Basic
C06152,Aditya Gupta,Ahmedabad,Premium
C06153,Nisha Khan,Kolkata,Standard
C06154,Arjun Verma,Chennai,Basic
C06155,Ankit Reddy,Chennai,Standard
C06156,Priya Mehta,Bangalore,Basic
C06157,Rahul Verma,Bangalore,Basic
C06158,Amit Reddy,Ahmedabad,Standard
C06159,Raj Joshi,Jaipur,Premium
C06160,Aditya Gupta,Pune,Premium
C06161,Karan Mishra,Bangalore,Basic
C06162,Arjun Gupta,Ahmedabad,Premium
C06163,Amit Kapoor,Hyderabad,Premium
C06164,Arjun Iyer,Hyderabad,Basic
C06165,Vikram Das,Bangalore,Premium
C06166,Ankit Khan,Bangalore,Premium
C06167,Pooja Das,Lucknow,Premium
C06168,Aditya Mehta,Bangalore,Premium
C06169,Aditya Mehta,Kolkata,Basic
C06170,Kavya Das,Delhi,Basic
C06171,Rohan Patel,Jaipur,Basic
C06172,Priya Patel,Bangalore,Standard
C06173,Vikram Verma,Hyderabad,Basic
C06174,Kavya Sinha,Jaipur,Premium
C06175,Ankit Reddy,Chennai,Standard
C06176,Sneha Gupta,Ahmedabad,Basic
C06177,Vikram Kapoor,Ahmedabad,Premium
C06178,Priya Iyer,Pune,Standard
C06179,Neha Sharma,Lucknow,Standard
C06180,Rohan Mishra,Chennai,Basic
C06181,Nisha Iyer,Ahmedabad,Basic
C06182,Aditya Malhotra,Delhi,Premium
C06183,Raj Kapoor,Lucknow,Basic
C06184,Arjun Sharma,Bangalore,Basic
C06185,Priya Kapoor,Delhi,Premium
C06186,Rahul Verma,Hyderabad,Basic
C06187,Raj Das,Ahmedabad,Basic
C06188,Raj Kapoor,Delhi,Premium
C06189,Arjun Malhotra,Kolkata,Premium
C06190,Pooja Reddy,Jaipur,Premium
C06191,Priya Khan,Mumbai,Basic
C06192,Nisha Gupta,Bangalore,Standard
C06193,Sneha Malhotra,Mumbai,Basic
C06194,Neha Khan,Mumbai,Premium
C06195,Rohan Iyer,Jaipur,Standard
C06196,Pooja Iyer,Ahmedabad,Basic
C06197,Karan Reddy,Lucknow,Standard
C06198,Ankit Joshi,Hyderabad,Basic
C06199,Aditya Malhotra,Kolkata,Basic
C06200,Karan Verma,Bangalore,Premium
C06201,Vikram Reddy,Pune,Premium
C06202,Nisha Mishra,Mumbai,Premium
C06203,Rahul Singh,Chennai,Premium
C06204,Raj Mehta,Delhi,Basic
C06205,Kavya Iyer,Lucknow,Standard
C06206,Amit Kapoor,Delhi,Standard
C06207,Kavya Mishra,Bangalore,Premium
C06208,Kavya Malhotra,Lucknow,Premium
C06209,Rahul Iyer,Bangalore,Basic
C06210,Pooja Khan,Lucknow,Basic
C06211,Ankit Joshi,Mumbai,Premium
C06212,Rohan Patel,Ahmedabad,Standard
C06213,Vikram Mishra,Jaipur,Premium
C06214,Rahul Das,Hyderabad,Premium
C06215,Pooja Mehta,Ahmedabad,Premium
C06216,Neha Joshi,Lucknow,Standard
C06217,Amit Das,Delhi,Premium
C06218,Sneha Sharma,Bangalore,Basic
C06219,Priya Gupta,Hyderabad,Premium
C06220,Amit Mishra,Ahmedabad,Standard
C06221,Arjun Iyer,Bangalore,Premium
C06222,Amit Das,Delhi,Premium
C06223,Amit Mehta,Pune,Premium
C06224,Priya Sinha,Bangalore,Premium
C06225,Amit Das,Mumbai,
C06226,Priya Malhotra,Kolkata,Basic
C06227,Aditya Sinha,Jaipur,Standard
C06228,Raj Patel,Hyderabad,Basic
C06229,Aditya Malhotra,Hyderabad,Premium
C06230,Rohan Das,Hyderabad,Standard
C06231,Sneha Verma,Hyderabad,Basic
C06232,Rahul Joshi,Bangalore,Standard
C06233,Vikram Sinha,Chennai,Basic
C06234,Amit Khan,Chennai,Premium
C06235,Amit Gupta,Chennai,Premium
C06236,Nisha Reddy,Pune,Basic
C06237,Karan Khan,Kolkata,Premium
C06238,Pooja Joshi,Kolkata,Premium
C06239,Priya Das,Chennai,Standard
C06240,Priya Sharma,Lucknow,Premium
C06241,Aditya Mishra,Kolkata,Standard
C06242,Aditya Mehta,Delhi,Basic
C06243,Aditya Joshi,Mumbai,Premium
C06244,Aditya Joshi,Lucknow,Basic
C06245,Ankit Khan,Lucknow,Standard
C06246,Kavya Sharma,Delhi,Premium
C06247,Arjun Gupta,Bangalore,Standard
C06248,Neha Mehta,Kolkata,Basic
C06249,Ankit Reddy,Kolkata,Standard
C06250,Rohan Iyer,Bangalore,Premium
C06251,Kavya Sharma,Chennai,Premium
C06252,Raj Malhotra,Bangalore,Premium
C06253,Priya Kapoor,Mumbai,Standard
C06254,Amit Verma,Lucknow,Premium
C06255,Arjun Patel,Jaipur,Standard
C06256,Rohan Sharma,Bangalore,Basic
C06257,Pooja Sharma,Ahmedabad,Basic
C06258,Aditya Gupta,Pune,Standard
C06259,Kavya Das,Mumbai,Standard
C06260,Neha Khan,Bangalore,Standard
C06261,Karan Joshi,Delhi,Standard
C06262,Ankit Singh,Bangalore,Basic
C06263,Vikram Joshi,Mumbai,Premium
C06264,Aditya Malhotra,Chennai,Premium
C06265,Neha Sharma,Delhi,Premium
C06266,Pooja Verma,Pune,Standard
C06267,Pooja Sinha,Ahmedabad,Standard
C06268,Sneha Sinha,Chennai,Basic
C06269,Amit Verma,Ahmedabad,Basic
C06270,Vikram Iyer,Kolkata,Standard
C06271,Rohan Mehta,Bangalore,Premium
C06272,Rohan Kapoor,Delhi,Premium
C06273,Kavya Iyer,Chennai,Standard
C06274,Sneha Sharma,Delhi,Premium
C06275,Karan Sharma,Delhi,Basic
C06276,Amit Sharma,Hyderabad,Premium
C06277,Nisha Sinha,Pune,Basic
C06278,Neha Gupta,Ahmedabad,Standard
C06279,Rohan Iyer,Delhi,Standard
C06280,Priya Mehta,Jaipur,Premium
C06281,Karan Sharma,Jaipur,Premium
C06282,Nisha Malhotra,Kolkata,Standard
C06283,Amit Khan,Lucknow,Premium
C06284,Kavya Malhotra,Delhi,Standard
C06285,Aditya Sharma,Ahmedabad,Premium
C06286,Neha Reddy,Mumbai,Standard
C06287,Arjun Gupta,Hyderabad,Premium
C06288,Arjun Malhotra,Hyderabad,Standard
C06289,Amit Sharma,Chennai,Standard
C06290,Karan Singh,Ahmedabad,Standard
C06291,Neha Iyer,Pune,Premium
C06292,Amit Malhotra,Hyderabad,Premium
C06293,Rahul Das,Pune,Premium
C06294,Ankit Reddy,Jaipur,Basic
C06295,Ankit Kapoor,Pune,Basic
C06296,Sneha Das,Chennai,Standard
C06297,Rahul Patel,Delhi,Basic
C06298,Rahul Verma,Hyderabad,Basic
C06299,Nisha Mishra,Hyderabad,Basic
C06300,Sneha Khan,Ahmedabad,Standard
C06301,Kavya Mehta,Pune,Standard
C06302,Kavya Khan,Delhi,Standard
C06303,Pooja Gupta,Jaipur,Premium
C06304,Kavya Khan,Ahmedabad,Premium
C06305,Rahul Sharma,Chennai,Standard
C06306,Sneha Mehta,Delhi,Standard
C06307,Ankit Joshi,Lucknow,Premium
C06308,Nisha Gupta,Delhi,Premium
C06309,Arjun Das,Ahmedabad,Basic
C06310,Arjun Gupta,Chennai,Premium
C06311,Rahul Malhotra,Chennai,Basic
C06312,Neha Reddy,Jaipur,Premium
C06313,Kavya Malhotra,Lucknow,Basic
C06314,Kavya Malhotra,Chennai,Basic
C06315,Rahul Verma,Hyderabad,Basic
C06316,Aditya Gupta,Kolkata,Premium
C06317,Rahul Singh,Lucknow,Basic
C06318,Karan Sharma,Lucknow,Standard
C06319,Vikram Mishra,Lucknow,Standard
C06320,Raj Sinha,Pune,Basic
C06321,Karan Kapoor,Hyderabad,Basic
C06322,Amit Patel,Ahmedabad,Basic
C06323,Arjun Joshi,Delhi,Standard
C06324,Sneha Das,Jaipur,Basic
C06325,Rohan Gupta,Pune,Standard
C06326,Amit Khan,Hyderabad,Standard
C06327,Rohan Sharma,Ahmedabad,Standard
C06328,Pooja Singh,Hyderabad,Premium
C06329,Kavya Khan,Kolkata,Standard
C06330,Priya Patel,Jaipur,Basic
C06331,Pooja Das,Chennai,Basic
C06332,Pooja Sinha,Delhi,Basic
C06333,Arjun Iyer,Mumbai,Premium
C06334,Aditya Mishra,Chennai,Premium
C06335,Raj Mehta,Bangalore,Premium
C06336,Neha Kapoor,Mumbai,Basic
C06337,Arjun Mishra,Jaipur,Premium
C06338,Amit Gupta,Pune,Premium
C06339,Kavya Khan,Mumbai,Basic
C06340,Nisha Joshi,Chennai,Premium
C06341,Kavya Sinha,Jaipur,Premium
C06342,Neha Verma,Lucknow,Basic
C06343,Karan Das,Jaipur,Basic
C06344,Arjun Sinha,Bangalore,Premium
C06345,Amit Kapoor,Mumbai,Basic
C06346,Kavya Reddy,Jaipur,Basic
C06347,Pooja Singh,Jaipur,Premium
C06348,Kavya Mishra,Delhi,Basic
C06349,Raj Mehta,Chennai,Standard
C06350,Karan Khan,Bangalore,Premium
C06351,Arjun Sinha,Kolkata,Basic
C06352,Karan Malhotra,Hyderabad,Basic
C06353,Arjun Reddy,Kolkata,Standard
C06354,Raj Sharma,Jaipur,Premium
C06355,Rahul Iyer,Mumbai,Standard
C06356,Karan Sharma,Pune,Standard
C06357,Ankit Kapoor,Delhi,Premium
C06358,Kavya Patel,Pune,Basic
C06359,Amit Singh,Lucknow,Standard
C06360,Amit Iyer,Delhi,Premium
C06361,Karan Sinha,Ahmedabad,Basic
C06362,Kavya Das,Chennai,Premium
C06363,Pooja Joshi,Pune,Basic
C06364,Raj Reddy,Bangalore,Standard
C06365,Aditya Iyer,Pune,Basic
C06366,Vikram Sinha,Ahmedabad,Basic
C06367,Vikram Sharma,Chennai,Premium
C06368,Pooja Verma,Hyderabad,Basic
C06369,Amit Singh,Delhi,Basic
C06370,Sneha Gupta,Kolkata,Standard
C06371,Rahul Kapoor,Jaipur,Basic
C06372,Neha Khan,Ahmedabad,Standard
C06373,Vikram Sinha,Jaipur,Basic
C06374,Neha Verma,Pune,Standard
C06375,Amit Iyer,Ahmedabad,Basic
C06376,Nisha Mishra,Pune,Premium
C06377,Rohan Joshi,Mumbai,Basic
C06378,Raj Mehta,Chennai,Basic
C06379,Sneha Mehta,Jaipur,Premium
C06380,Aditya Singh,Lucknow,Standard
C06381,Rahul Singh,Ahmedabad,Basic
C06382,Rohan Khan,Delhi,Standard
C06383,Rahul Khan,Jaipur,Standard
C06384,Amit Mehta,Bangalore,Premium
C06385,Raj Verma,Lucknow,Premium
C06386,Kavya Joshi,Pune,Standard
C06387,Karan Reddy,Bangalore,Premium
C06388,Karan Das,Hyderabad,Standard
C06389,Karan Mehta,Jaipur,Basic
C06390,Karan Patel,Lucknow,Premium
C06391,Raj Mehta,Bangalore,Standard
C06392,Sneha Kapoor,Bangalore,Basic
C06393,Arjun Das,Lucknow,Premium
C06394,Sneha Sharma,Lucknow,Premium
C06395,Amit Singh,Delhi,Premium
C06396,Kavya Gupta,Lucknow,Basic
C06397,Neha Verma,Lucknow,Basic
C06398,Kavya Khan,Hyderabad,Basic
C06399,Sneha Gupta,Hyderabad,Premium
C06400,Arjun Malhotra,Pune,Premium
C06401,Ankit Khan,Hyderabad,Premium
C06402,Raj Singh,Kolkata,Basic
C06403,Karan Gupta,Pune,Standard
C06404,Nisha Mishra,Mumbai,Premium
C06405,Ankit Sinha,Chennai,Standard
C06406,Arjun Khan,Chennai,Premium
C06407,Pooja Gupta,Pune,Standard
C06408,Vikram Sharma,Hyderabad,Basic
C06409,Rohan Singh,Mumbai,Basic
C06410,Sneha Mehta,Delhi,Standard
C06411,Nisha Malhotra,Ahmedabad,Basic
C06412,Amit Iyer,Jaipur,Premium
C06413,Aditya Singh,Lucknow,Basic
C06414,Pooja Iyer,Jaipur,Basic
C06415,Rahul Reddy,Jaipur,Basic
C06416,Rahul Mishra,Pune,Standard
C06417,Kavya Reddy,Bangalore,Premium
C06418,Rohan Gupta,Ahmedabad,Standard
C06419,Sneha Reddy,Delhi,Premium
C06420,Kavya Verma,Lucknow,Premium
C06421,Raj Mehta,Pune,Standard
C06422,Karan Mehta,Lucknow,Basic
C06423,Karan Das,Hyderabad,Basic
C06424,Pooja Mehta,Lucknow,Basic
C06425,Arjun Singh,Jaipur,Standard
C06426,Pooja Singh,Delhi,Standard
C06427,Ankit Das,Chennai,Standard
C06428,Nisha Joshi,Mumbai,Premium
C06429,Amit Das,Bangalore,Basic
C06430,Pooja Joshi,Bangalore,Premium
C06431,Kavya Joshi,Ahmedabad,Standard
C06432,Neha Malhotra,Pune,Basic
C06433,Rahul Verma,Delhi,Premium
C06434,Arjun Gupta,Pune,Basic
C06435,Aditya Sharma,Hyderabad,Basic
C06436,Karan Iyer,Jaipur,Standard
C06437,Neha Mehta,Kolkata,Premium
C06438,Sneha Malhotra,Bangalore,Premium
C06439,Karan Das,Chennai,Standard
C06440,Ankit Das,Mumbai,Standard
C06441,Arjun Sharma,Mumbai,Premium
C06442,Pooja Joshi,Lucknow,Standard
C06443,Nisha Khan,Chennai,Basic
C06444,Pooja Singh,Bangalore,Premium
C06445,Rohan Sinha,Pune,Standard
C06446,Vikram Mishra,Chennai,Basic
C06447,Kavya Reddy,Lucknow,Standard
C06448,Sneha Kapoor,Pune,Premium
C06449,Ankit Iyer,Pune,Standard
C06450,Priya Sharma,Chennai,Standard
C06451,Sneha Mishra,Kolkata,Standard
C06452,Nisha Kapoor,Kolkata,Basic
C06453,Raj Sharma,Lucknow,Standard
C06454,Nisha Singh,Kolkata,Premium
C06455,Neha Iyer,Jaipur,Basic
C06456,Rahul Mehta,Bangalore,Premium
C06457,Kavya Iyer,Kolkata,Standard
C06458,Nisha Mehta,Pune,Premium
C06459,Kavya Joshi,Bangalore,Standard
C06460,Ankit Malhotra,Chennai,Premium
C06461,Amit Mehta,Kolkata,Basic
C06462,Pooja Verma,Hyderabad,Premium
C06463,Rahul Malhotra,Pune,Premium
C06464,Kavya Khan,Delhi,Premium
C06465,Priya Singh,Bangalore,Standard
C06466,Sneha Sinha,Ahmedabad,Basic
C06467,Vikram Kapoor,Chennai,Standard
C06468,Priya Iyer,Kolkata,Basic
C06469,Amit Mehta,Mumbai,Premium
C06470,Amit Khan,Chennai,Basic
C06471,Amit Gupta,Kolkata,Basic
C06472,Kavya Singh,Jaipur,Basic
C06473,Vikram Mehta,Mumbai,Premium
C06474,Nisha Sinha,Jaipur,Premium
C06475,Amit Kapoor,Lucknow,Basic
C06476,Sneha Kapoor,Ahmedabad,Basic
C06477,Priya Patel,Delhi,Premium
C06478,Pooja Das,Kolkata,Standard
C06479,Raj Iyer,Mumbai,Standard
C06480,Arjun Khan,Pune,Standard
C06481,Kavya Khan,Pune,Premium
C06482,Priya Malhotra,Delhi,Premium
C06483,Rahul Patel,Jaipur,Standard
C06484,Neha Malhotra,Ahmedabad,Standard
C06485,Neha Mehta,Kolkata,Basic
C06486,Pooja Malhotra,Pune,Basic
C06487,Rahul Kapoor,Jaipur,Standard
C06488,Kavya Joshi,Bangalore,Standard
C06489,Rohan Reddy,Bangalore,Standard
C06490,Priya Gupta,Jaipur,Basic
C06491,Nisha Patel,Jaipur,Standard
C06492,Raj Singh,Kolkata,Standard
C06493,Rahul Sharma,Pune,Standard
C06494,Rohan Joshi,Kolkata,Standard
C06495,Vikram Kapoor,Kolkata,Basic
C06496,Priya Mishra,Hyderabad,Premium
C06497,Amit Khan,Hyderabad,Premium
C06498,Raj Malhotra,Ahmedabad,Standard
C06499,Nisha Reddy,Lucknow,Basic
C06500,Aditya Kapoor,Lucknow,Basic
C06501,Kavya Gupta,Ahmedabad,Standard
C06502,Raj Iyer,Pune,Premium
C06503,Neha Joshi,Chennai,Basic
C06504,Vikram Joshi,Bangalore,Standard
C06505,Priya Sharma,Hyderabad,Basic
C06506,Karan Mehta,Bangalore,Premium
C06507,Raj Kapoor,Kolkata,Basic
C06508,Rahul Joshi,Jaipur,Premium
C06509,Nisha Mishra,Delhi,Basic
C06510,Nisha Mehta,Hyderabad,Premium
C06511,Rohan Verma,Hyderabad,Premium
C06512,Sneha Das,Hyderabad,Standard
C06513,Aditya Reddy,Jaipur,Premium
C06514,Rohan Das,Hyderabad,Standard
C06515,Kavya Patel,Chennai,Premium
C06516,Rahul Mishra,Delhi,Basic
C06517,Amit Malhotra,Pune,Standard
C06518,Arjun Reddy,Chennai,Basic
C06519,Raj Gupta,Pune,Standard
C06520,Priya Singh,Chennai,Standard
C06521,Raj Joshi,Kolkata,Standard
C06522,Rohan Mehta,Mumbai,Basic
C06523,Neha Mishra,Jaipur,Standard
C06524,Aditya Gupta,Ahmedabad,Basic
C06525,Pooja Patel,Ahmedabad,Basic
C06526,Nisha Reddy,Delhi,Premium
C06527,Vikram Joshi,Kolkata,Premium
C06528,Vikram Das,Delhi,Premium
C06529,Karan Kapoor,Jaipur,Basic
C06530,Vikram Singh,Jaipur,Basic
C06531,Sneha Iyer,Lucknow,Basic
C06532,Pooja Mehta,Lucknow,Basic
C06533,Karan Iyer,Bangalore,Basic
C06534,Pooja Sharma,Chennai,Standard
C06535,Arjun Das,Bangalore,Standard
C06536,Amit Singh,Ahmedabad,Basic
C06537,Priya Singh,Pune,Premium
C06538,Rahul Iyer,Delhi,Basic
C06539,Pooja Reddy,Pune,Basic
C06540,Rohan Khan,Chennai,Premium
C06541,Raj Patel,Jaipur,Basic
C06542,Neha Das,Ahmedabad,Premium
C06543,Karan Patel,Hyderabad,Basic
C06544,Nisha Gupta,Bangalore,Premium
C06545,Vikram Joshi,Jaipur,Standard
C06546,Rahul Mehta,Bangalore,Basic
C06547,Neha Khan,Jaipur,Basic
C06548,Raj Sharma,Lucknow,Basic
C06549,Raj Patel,Bangalore,Premium
C06550,Amit Sharma,Delhi,Premium
C06551,Priya Patel,Bangalore,Premium
C06552,Rahul Gupta,Jaipur,Standard
C06553,Arjun Mehta,Pune,Premium
C06554,Rahul Sinha,Mumbai,Basic
C06555,Kavya Joshi,Lucknow,Basic
C06556,Kavya Reddy,Ahmedabad,Basic
C06557,Sneha Gupta,Mumbai,Basic
C06558,Amit Mishra,Chennai,Premium
C06559,Ankit Mehta,Delhi,Standard
C06560,Rahul Sinha,Hyderabad,Basic
C06561,Rohan Sinha,Kolkata,Basic
C06562,Neha Joshi,Delhi,Basic
C06563,Karan Iyer,Mumbai,Standard
C06564,Rohan Mehta,Jaipur,Basic
C06565,Priya Patel,Kolkata,Standard
C06566,Sneha Mishra,Lucknow,Standard
C06567,Kavya Joshi,Delhi,Premium
C06568,Rahul Patel,Mumbai,Standard
C06569,Kavya Iyer,Pune,Premium
C06570,Rahul Verma,Chennai,Standard
C06571,Aditya Das,Pune,Standard
C06572,Kavya Gupta,Kolkata,Premium
C06573,Raj Malhotra,Mumbai,Standard
C06574,Sneha Sinha,Pune,Standard
C06575,Rohan Gupta,Delhi,Premium
C06576,Raj Joshi,Pune,Standard
C06577,Rohan Mishra,Delhi,Basic
C06578,Amit Malhotra,Hyderabad,Standard
C06579,Rahul Iyer,Ahmedabad,Basic
C06580,Ankit Gupta,Pune,Basic
C06581,Kavya Sinha,Lucknow,Standard
C06582,Nisha Das,Ahmedabad,Premium
C06583,Karan Das,Mumbai,Standard
C06584,Nisha Reddy,Hyderabad,Standard
C06585,Sneha Reddy,Hyderabad,Standard
C06586,Karan Khan,Pune,Basic
C06587,Aditya Das,Lucknow,Basic
C06588,Sneha Khan,Pune,Basic
C06589,Arjun Iyer,Mumbai,Basic
C06590,Neha Reddy,Pune,Basic
C06591,Karan Reddy,Lucknow,Premium
C06592,Arjun Reddy,Ahmedabad,Basic
C06593,Amit Verma,Mumbai,Standard
C06594,Nisha Das,Pune,Premium
C06595,Ankit Kapoor,Delhi,Basic
C06596,Arjun Sinha,Pune,Premium
C06597,Aditya Das,Hyderabad,Premium
C06598,Rahul Gupta,Bangalore,Standard
C06599,Raj Malhotra,Kolkata,Standard
C06600,Kavya Joshi,Jaipur,Basic
C06601,Karan Mishra,Bangalore,Standard
C06602,Rahul Singh,Delhi,Basic
C06603,Kavya Sharma,Lucknow,Standard
C06604,Raj Khan,Delhi,Standard
C06605,Ankit Verma,Jaipur,Standard
C06606,Amit Kapoor,Ahmedabad,Standard
C06607,Rohan Malhotra,Delhi,Basic
C06608,Aditya Khan,Ahmedabad,Standard
C06609,Sneha Das,Bangalore,Premium
C06610,Amit Reddy,Jaipur,Premium
C06611,Rohan Gupta,Lucknow,Basic
C06612,Pooja Mehta,Bangalore,Standard
C06613,Rohan Khan,Bangalore,Premium
C06614,Pooja Kapoor,Kolkata,Basic
C06615,Pooja Gupta,Ahmedabad,Premium
C06616,Nisha Malhotra,Chennai,Basic
C06617,Aditya Verma,Chennai,Premium
C06618,Amit Mishra,Jaipur,Standard
C06619,Vikram Singh,Kolkata,Standard
C06620,Kavya Mishra,Mumbai,Standard
C06621,Sneha Iyer,Jaipur,Premium
C06622,Rahul Mishra,Lucknow,Premium
C06623,Priya Mishra,Kolkata,Standard
C06624,Kavya Sharma,Lucknow,Premium
C06625,Aditya Sharma,Delhi,Basic
C06626,Sneha Patel,Kolkata,Standard
C06627,Rohan Sharma,Ahmedabad,Premium
C06628,Neha Mishra,Bangalore,Standard
C06629,Kavya Mishra,Ahmedabad,Premium
C06630,Karan Khan,Jaipur,Basic
C06631,Ankit Sinha,Chennai,Premium
C06632,Rahul Gupta,Ahmedabad,Basic
C06633,Vikram Sinha,Jaipur,Premium
C06634,Priya Malhotra,Chennai,Basic
C06635,Arjun Patel,Delhi,Premium
C06636,Sneha Gupta,Pune,Basic
C06637,Raj Sinha,Kolkata,Premium
C06638,Arjun Gupta,Mumbai,Standard
C06639,Karan Joshi,Mumbai,Premium
C06640,Amit Das,Kolkata,Premium
C06641,Pooja Khan,Ahmedabad,Premium
C06642,Kavya Joshi,Delhi,Standard
C06643,Priya Mehta,Delhi,Basic
C06644,Raj Sharma,Kolkata,Premium
C06645,Kavya Mishra,Ahmedabad,Premium
C06646,Kavya Das,Bangalore,Premium
C06647,Rahul Sharma,Ahmedabad,Premium
C06648,Nisha Mehta,Lucknow,Standard
C06649,Vikram Sharma,Mumbai,Standard
C06650,Rohan Sinha,Delhi,Basic
C06651,Pooja Iyer,Chennai,Basic
C06652,Aditya Verma,Chennai,Premium
C06653,Nisha Joshi,Bangalore,Basic
C06654,Karan Kapoor,Pune,Basic
C06655,Karan Das,Hyderabad,Standard
C06656,Ankit Khan,Lucknow,Standard
C06657,Rohan Kapoor,Delhi,Standard
C06658,Kavya Malhotra,Delhi,Basic
C06659,Nisha Malhotra,Jaipur,Premium
C06660,Arjun Patel,Chennai,Basic
C06661,Amit Patel,Delhi,Premium
C06662,Rohan Verma,Mumbai,Premium
C06663,Ankit Iyer,Jaipur,Basic
C06664,Pooja Mehta,Hyderabad,Basic
C06665,Priya Gupta,Ahmedabad,Standard
C06666,Neha Sinha,Kolkata,Standard
C06667,Rohan Reddy,Hyderabad,Standard
C06668,Kavya Sinha,Bangalore,Standard
C06669,Karan Sharma,Pune,Standard
C06670,Karan Mehta,Mumbai,Basic
C06671,Sneha Kapoor,Hyderabad,Basic
C06672,Karan Patel,Chennai,Standard
C06673,Raj Reddy,Jaipur,Premium
C06674,Karan Singh,Bangalore,Standard
C06675,Nisha Patel,Pune,Basic
C06676,Kavya Singh,Pune,Premium
C06677,Karan Sharma,Kolkata,Standard
C06678,Rahul Kapoor,Ahmedabad,Standard
C06679,Aditya Sharma,Pune,Standard
C06680,Arjun Das,Kolkata,Standard
C06681,Amit Verma,Pune,Premium
C06682,Neha Das,Bangalore,Basic
C06683,Kavya Sharma,Lucknow,Premium
C06684,Karan Sinha,Kolkata,Standard
C06685,Amit Sharma,Ahmedabad,Basic
C06686,Aditya Singh,Mumbai,Basic
C06687,Pooja Gupta,Hyderabad,Premium
C06688,Amit Gupta,Ahmedabad,Basic
C06689,Sneha Gupta,Lucknow,Basic
C06690,Rahul Khan,Kolkata,Standard
C06691,Aditya Kapoor,Pune,Premium
C06692,Vikram Malhotra,Bangalore,Premium
C06693,Vikram Sharma,Pune,Basic
C06694,Pooja Verma,Hyderabad,Standard
C06695,Kavya Sinha,Chennai,Basic
C06696,Amit Joshi,Bangalore,Premium
C06697,Raj Gupta,Bangalore,Premium
C06698,Arjun Sinha,Kolkata,Basic
C06699,Ankit Mishra,Mumbai,Premium
C06700,Priya Mishra,Pune,Basic
C06701,Raj Sharma,Delhi,Standard
C06702,Amit Verma,Hyderabad,Basic
C06703,Raj Khan,Kolkata,Basic
C06704,Vikram Joshi,Lucknow,Standard
C06705,Arjun Joshi,Lucknow,Standard
C06706,Rahul Kapoor,Chennai,Premium
C06707,Kavya Kapoor,Delhi,Standard
C06708,Aditya Patel,Bangalore,Standard
C06709,Pooja Reddy,Mumbai,Standard
C06710,Aditya Malhotra,Lucknow,Basic
C06711,Ankit Joshi,Mumbai,Premium
C06712,Vikram Iyer,Delhi,Premium
C06713,Rahul Mehta,Chennai,Basic
C06714,Pooja Patel,Chennai,Basic
C06715,Rahul Patel,Lucknow,Premium
C06716,Rahul Singh,Kolkata,Premium
C06717,Rahul Sinha,Hyderabad,Standard
C06718,Rahul Reddy,Lucknow,Basic
C06719,Nisha Singh,Delhi,Premium
C06720,Karan Singh,Lucknow,Premium
C06721,Neha Joshi,Kolkata,Basic
C06722,Pooja Sinha,Bangalore,Basic
C06723,Ankit Verma,Hyderabad,Standard
C06724,Vikram Das,Kolkata,Premium
C06725,Rahul Verma,Pune,Premium
C06726,Rahul Sharma,Pune,Standard
C06727,Pooja Das,Mumbai,Basic
C06728,Rahul Mehta,Lucknow,Standard
C06729,Raj Sinha,Jaipur,Premium
C06730,Amit Reddy,Pune,Basic
C06731,Arjun Kapoor,Chennai,Premium
C06732,Nisha Malhotra,Hyderabad,Standard
C06733,Karan Singh,Bangalore,Basic
C06734,Raj Patel,Hyderabad,Basic
C06735,Kavya Singh,Chennai,Basic
C06736,Aditya Verma,Hyderabad,Premium
C06737,Rahul Mehta,Ahmedabad,Standard
C06738,Sneha Iyer,Bangalore,Standard
C06739,Ankit Sharma,Hyderabad,Premium
C06740,Vikram Verma,Mumbai,Premium
C06741,Arjun Patel,Pune,Standard
C06742,Rohan Khan,Pune,Premium
C06743,Rohan Gupta,Ahmedabad,Basic
C06744,Rohan Khan,Lucknow,Premium
C06745,Vikram Khan,Lucknow,Basic
C06746,Nisha Khan,Hyderabad,Premium
C06747,Rohan Verma,Delhi,Premium
C06748,Rahul Malhotra,Mumbai,Basic
C06749,Rahul Joshi,Pune,Basic
C06750,Rahul Verma,Hyderabad,Premium
C06751,Vikram Iyer,Jaipur,Basic
C06752,Raj Mehta,Jaipur,Standard
C06753,Neha Sharma,Bangalore,Premium
C06754,Amit Mehta,Pune,Standard
C06755,Neha Iyer,Bangalore,Basic
C06756,Raj Sharma,Chennai,Basic
C06757,Ankit Sinha,Ahmedabad,Standard
C06758,Nisha Sinha,Lucknow,Basic
C06759,Nisha Reddy,Ahmedabad,Standard
C06760,Kavya Das,Bangalore,Premium
C06761,Priya Das,Lucknow,Standard
C06762,Rohan Khan,Pune,Premium
C06763,Neha Mishra,Hyderabad,Standard
C06764,Vikram Iyer,Bangalore,Premium
C06765,Raj Malhotra,Bangalore,Standard
C06766,Ankit Verma,Jaipur,Premium
C06767,Amit Singh,Ahmedabad,Standard
C06768,Raj Sharma,Lucknow,Premium
C06769,Rahul Sinha,Ahmedabad,Premium
C06770,Amit Iyer,Kolkata,Premium
C06771,Neha Malhotra,Jaipur,Premium
C06772,Priya Patel,Pune,Basic
C06773,Priya Gupta,Lucknow,Basic
C06774,Vikram Khan,Delhi,Standard
C06775,Raj Sinha,Jaipur,Premium
C06776,Karan Das,Ahmedabad,Basic
C06777,Rahul Joshi,Kolkata,Basic
C06778,Amit Mehta,Delhi,Premium
C06779,Karan Mehta,Hyderabad,Basic
C06780,Ankit Verma,Jaipur,Basic
C06781,Amit Malhotra,Lucknow,Standard
C06782,Pooja Malhotra,Ahmedabad,Basic
C06783,Arjun Khan,Delhi,Standard
C06784,Karan Reddy,Mumbai,Basic
C06785,Rahul Iyer,Kolkata,Premium
C06786,Arjun Reddy,Lucknow,Premium
C06787,Amit Reddy,Pune,Basic
C06788,Priya Reddy,Lucknow,Standard
C06789,Raj Khan,Jaipur,Standard
C06790,Ankit Sinha,Chennai,Premium
C06791,Vikram Gupta,Jaipur,Premium
C06792,Priya Malhotra,Ahmedabad,Premium
C06793,Rahul Sharma,Bangalore,Basic
C06794,Neha Das,Chennai,Basic
C06795,Priya Joshi,Hyderabad,Premium
C06796,Vikram Khan,Mumbai,Standard
C06797,Amit Singh,Chennai,Standard
C06798,Rohan Joshi,Hyderabad,Basic
C06799,Priya Sinha,Jaipur,Basic
C06800,Amit Gupta,Pune,Standard
C06801,Pooja Das,Hyderabad,Basic
C06802,Rahul Joshi,Bangalore,Basic
C06803,Vikram Malhotra,Mumbai,Premium
C06804,Rahul Joshi,Hyderabad,Premium
C06805,Rohan Sinha,Bangalore,Premium
C06806,Kavya Khan,Bangalore,Basic
C06807,Arjun Kapoor,Kolkata,Premium
C06808,Aditya Sinha,Delhi,Premium
C06809,Ankit Malhotra,Hyderabad,Premium
C06810,Raj Iyer,Bangalore,Basic
C06811,Amit Mehta,Kolkata,Premium
C06812,Sneha Singh,Pune,Premium
C06813,Rahul Joshi,Mumbai,Standard
C06814,Aditya Iyer,Lucknow,Premium
C06815,Raj Mishra,Ahmedabad,Standard
C06816,Arjun Verma,Pune,Basic
C06817,Amit Das,Jaipur,Premium
C06818,Priya Iyer,Delhi,Basic
C06819,Rahul Joshi,Bangalore,Basic
C06820,Amit Mehta,Delhi,Standard
C06821,Rohan Mehta,Lucknow,Premium
C06822,Kavya Khan,Lucknow,Basic
C06823,Karan Patel,Delhi,Premium
C06824,Rohan Patel,Jaipur,Standard
C06825,Amit Das,Pune,Standard
C06826,Priya Khan,Lucknow,Premium
C06827,Nisha Mishra,Hyderabad,Premium
C06828,Sneha Kapoor,Mumbai,Basic
C06829,Rahul Verma,Pune,Basic
C06830,Raj Verma,Pune,Standard
C06831,Arjun Iyer,Mumbai,Standard
C06832,Neha Malhotra,Pune,Premium
C06833,Amit Das,Jaipur,Standard
C06834,Ankit Verma,Mumbai,Standard
C06835,Pooja Singh,Chennai,Standard
C06836,Vikram Sharma,Ahmedabad,Standard
C06837,Sneha Patel,Chennai,Basic
C06838,Nisha Patel,Hyderabad,Basic
C06839,Sneha Verma,Mumbai,Standard
C06840,Vikram Das,Pune,Premium
C06841,Arjun Patel,Bangalore,Premium
C06842,Sneha Khan,Pune,Premium
C06843,Amit Singh,Bangalore,Standard
C06844,Neha Iyer,Pune,Basic
C06845,Priya Sinha,Kolkata,Basic
C06846,Karan Malhotra,Kolkata,Standard
C06847,Vikram Khan,Delhi,Basic
C06848,Karan Mishra,Jaipur,Basic
C06849,Raj Sharma,Jaipur,Basic
C06850,Arjun Das,Lucknow,Premium
C06851,Aditya Das,Pune,Premium
C06852,Vikram Patel,Chennai,Basic
C06853,Amit Joshi,Lucknow,Basic
C06854,Vikram Mehta,Chennai,Premium
C06855,Neha Reddy,Kolkata,Premium
C06856,Raj Khan,Chennai,Standard
C06857,Priya Sinha,Kolkata,Basic
C06858,Rahul Verma,Jaipur,Premium
C06859,Neha Patel,Chennai,Premium
C06860,Kavya Sharma,Hyderabad,Premium
C06861,Amit Malhotra,Kolkata,Basic
C06862,Karan Kapoor,Pune,Premium
C06863,Ankit Malhotra,Chennai,Standard
C06864,Kavya Kapoor,Pune,Basic
C06865,Pooja Joshi,Chennai,Standard
C06866,Ankit Iyer,Ahmedabad,Standard
C06867,Pooja Malhotra,Chennai,Basic
C06868,Nisha Sinha,Kolkata,Premium
C06869,Ankit Patel,Pune,Standard
C06870,Pooja Kapoor,Chennai,Standard
C06871,Sneha Sinha,Lucknow,Basic
C06872,Sneha Iyer,Delhi,Standard
C06873,Neha Sinha,Chennai,Premium
C06874,Amit Khan,Kolkata,
C06875,Ankit Sharma,Jaipur,Basic
C06876,Raj Sharma,Lucknow,Standard
C06877,Raj Mishra,Lucknow,Standard
C06878,Karan Gupta,Kolkata,Premium
C06879,Nisha Mehta,Lucknow,Premium
C06880,Ankit Iyer,Kolkata,Basic
C06881,Sneha Mehta,Chennai,Standard
C06882,Priya Gupta,Hyderabad,Premium
C06883,Arjun Mishra,Chennai,Premium
C06884,Neha Verma,Lucknow,Premium
C06885,Rohan Khan,Pune,Premium
C06886,Raj Mishra,Chennai,Premium
C06887,Vikram Singh,Jaipur,Basic
C06888,Neha Patel,Bangalore,Standard
C06889,Kavya Gupta,Chennai,Standard
C06890,Raj Singh,Hyderabad,Basic
C06891,Nisha Sharma,Ahmedabad,Basic
C06892,Sneha Patel,Ahmedabad,Premium
C06893,Amit Sinha,Mumbai,Premium
C06894,Karan Joshi,Delhi,Standard
C06895,Karan Mishra,Kolkata,Premium
C06896,Priya Sinha,Delhi,Premium
C06897,Ankit Malhotra,Jaipur,Standard
C06898,Amit Sinha,Jaipur,Standard
C06899,Ankit Khan,Hyderabad,Standard
C06900,Kavya Joshi,Chennai,Basic
C06901,Raj Khan,Pune,Basic
C06902,Nisha Kapoor,Chennai,Standard
C06903,Kavya Joshi,Ahmedabad,Premium
C06904,Amit Kapoor,Hyderabad,Basic
C06905,Priya Mishra,Mumbai,Basic
C06906,Karan Mehta,Kolkata,Basic
C06907,Kavya Khan,Hyderabad,Standard
C06908,Arjun Kapoor,Bangalore,Basic
C06909,Sneha Mehta,Kolkata,Standard
C06910,Neha Patel,Ahmedabad,Premium
C06911,Amit Singh,Mumbai,Basic
C06912,Kavya Sharma,Kolkata,Premium
C06913,Kavya Kapoor,,Premium
C06914,Rahul Sinha,Kolkata,Standard
C06915,Vikram Reddy,Mumbai,Premium
C06916,Rahul Sinha,Bangalore,Standard
C06917,Kavya Joshi,Bangalore,Basic
C06918,Priya Gupta,Chennai,Premium
C06919,Ankit Kapoor,Hyderabad,Premium
C06920,Sneha Sharma,Lucknow,Standard
C06921,Neha Das,Delhi,Premium
C06922,Nisha Mehta,Jaipur,Basic
C06923,Aditya Gupta,Ahmedabad,Premium
C06924,Raj Sharma,Hyderabad,Premium
C06925,Neha Mehta,Lucknow,
C06926,Ankit Malhotra,Bangalore,Basic
C06927,Nisha Mehta,Bangalore,Basic
C06928,Rahul Das,Bangalore,Basic
C06929,Aditya Joshi,Ahmedabad,Premium
C06930,Ankit Khan,Kolkata,Basic
C06931,Ankit Mishra,Hyderabad,Premium
C06932,Priya Khan,Bangalore,Basic
C06933,Aditya Iyer,Ahmedabad,Premium
C06934,Aditya Das,Hyderabad,Basic
C06935,Pooja Das,Bangalore,Premium
C06936,Rohan Verma,Ahmedabad,Basic
C06937,Aditya Mishra,Hyderabad,Standard
C06938,Neha Khan,Hyderabad,Standard
C06939,Sneha Gupta,Jaipur,Standard
C06940,Rahul Kapoor,Pune,Premium
C06941,Raj Sharma,Jaipur,Standard
C06942,Rahul Reddy,Bangalore,Standard
C06943,Pooja Kapoor,Delhi,Basic
C06944,Nisha Khan,Hyderabad,Standard
C06945,Rahul Gupta,Mumbai,Standard
C06946,Amit Khan,Pune,Premium
C06947,Ankit Joshi,Jaipur,Premium
C06948,Raj Reddy,Jaipur,Basic
C06949,Priya Malhotra,Delhi,Standard
C06950,Vikram Iyer,Pune,Basic
C06951,Nisha Singh,Jaipur,Standard
C06952,Nisha Mehta,Ahmedabad,Premium
C06953,Ankit Kapoor,Chennai,Premium
C06954,Priya Patel,Hyderabad,Basic
C06955,Priya Khan,Bangalore,Basic
C06956,Karan Sharma,Delhi,Basic
C06957,Rohan Singh,Bangalore,Standard
C06958,Karan Joshi,Lucknow,Premium
C06959,Aditya Mishra,Bangalore,Premium
C06960,Aditya Verma,Pune,Premium
C06961,Sneha Khan,Lucknow,Standard
C06962,Neha Verma,Mumbai,Standard
C06963,Neha Mishra,Ahmedabad,Premium
C06964,Amit Mishra,Delhi,Basic
C06965,Rahul Singh,Pune,Basic
C06966,Nisha Kapoor,Chennai,Premium
C06967,Kavya Patel,Mumbai,Standard
C06968,Vikram Verma,Hyderabad,Basic
C06969,Rohan Iyer,Delhi,Basic
C06970,Karan Verma,Bangalore,Premium
C06971,Raj Joshi,Delhi,Premium
C06972,Nisha Mehta,Bangalore,Standard
C06973,Vikram Sharma,Jaipur,Standard
C06974,Vikram Mehta,Hyderabad,Basic
C06975,Kavya Malhotra,Ahmedabad,Basic
C06976,Ankit Mehta,Delhi,Standard
C06977,Aditya Singh,Ahmedabad,Premium
C06978,Ankit Verma,Chennai,Basic
C06979,Amit Iyer,Bangalore,Basic
C06980,Vikram Gupta,Kolkata,Premium
C06981,Sneha Malhotra,Chennai,Premium
C06982,Amit Das,Kolkata,Standard
C06983,Sneha Singh,Mumbai,Basic
C06984,Raj Joshi,Delhi,Basic
C06985,Aditya Mehta,Lucknow,Premium
C06986,Pooja Verma,Ahmedabad,Basic
C06987,Arjun Verma,Bangalore,Premium
C06988,Arjun Iyer,Mumbai,Premium
C06989,Rahul Singh,Bangalore,Standard
C06990,Priya Joshi,Mumbai,Premium
C06991,Pooja Mishra,Ahmedabad,Premium
C06992,Priya Malhotra,Delhi,Premium
C06993,Rohan Gupta,Hyderabad,Basic
C06994,Neha Iyer,Pune,Basic
C06995,Sneha Kapoor,Jaipur,Basic
C06996,Vikram Kapoor,Pune,Premium
C06997,Pooja Reddy,Ahmedabad,Premium
C06998,Amit Khan,Pune,Standard
C06999,Raj Kapoor,Hyderabad,Premium
C07000,Nisha Das,Bangalore,Premium
C07001,Arjun Joshi,Pune,Basic
C07002,Nisha Sharma,Ahmedabad,Standard
C07003,Aditya Das,Jaipur,Basic
C07004,Pooja Kapoor,Jaipur,Standard
C07005,Ankit Patel,Hyderabad,Basic
C07006,Vikram Das,Chennai,Premium
C07007,Amit Das,Delhi,Basic
C07008,Nisha Mehta,Kolkata,Standard
C07009,Neha Sharma,Jaipur,Basic
C07010,Aditya Iyer,Lucknow,Basic
C07011,Ankit Khan,Hyderabad,Premium
C07012,Priya Sharma,Bangalore,Premium
C07013,Pooja Gupta,Kolkata,Premium
C07014,Nisha Verma,Ahmedabad,Standard
C07015,Rohan Singh,Lucknow,Basic
C07016,Arjun Iyer,Chennai,Standard
C07017,Rahul Malhotra,Mumbai,Premium
C07018,Priya Mehta,Jaipur,Standard
C07019,Sneha Singh,Chennai,Basic
C07020,Vikram Iyer,Pune,Standard
C07021,Sneha Singh,Lucknow,Standard
C07022,Pooja Kapoor,Chennai,Premium
C07023,Sneha Mishra,Hyderabad,Standard
C07024,Raj Verma,Pune,Basic
C07025,Rahul Singh,Kolkata,Premium
C07026,Rahul Mehta,Hyderabad,Standard
C07027,Ankit Malhotra,Hyderabad,Standard
C07028,Neha Sharma,Lucknow,Basic
C07029,Sneha Singh,Lucknow,Standard
C07030,Pooja Khan,Ahmedabad,Standard
C07031,Amit Gupta,Lucknow,Basic
C07032,Ankit Khan,Lucknow,Basic
C07033,Sneha Patel,Kolkata,Premium
C07034,Rahul Malhotra,Kolkata,Basic
C07035,Arjun Malhotra,Mumbai,Premium
C07036,Ankit Verma,Delhi,Premium
C07037,Karan Khan,Ahmedabad,Standard
C07038,Vikram Patel,Pune,Standard
C07039,Neha Gupta,Kolkata,Basic
C07040,Rohan Sinha,Jaipur,Basic
C07041,Kavya Reddy,Lucknow,Standard
C07042,Pooja Mehta,Kolkata,Standard
C07043,Sneha Joshi,Pune,Premium
C07044,Rohan Verma,Chennai,Standard
C07045,Aditya Patel,Chennai,Basic
C07046,Rohan Iyer,Delhi,Standard
C07047,Pooja Gupta,Pune,Basic
C07048,Raj Das,Lucknow,Premium
C07049,Nisha Das,Hyderabad,Basic
C07050,Kavya Singh,Chennai,Basic
C07051,Arjun Singh,Hyderabad,Basic
C07052,Raj Singh,Pune,Standard
C07053,Rahul Reddy,Jaipur,Premium
C07054,Priya Patel,Mumbai,Basic
C07055,Ankit Reddy,Pune,Premium
C07056,Pooja Malhotra,Ahmedabad,Basic
C07057,Raj Patel,Lucknow,Basic
C07058,Kavya Reddy,Jaipur,Basic
C07059,Kavya Sinha,Chennai,Premium
C07060,Neha Khan,Delhi,Premium
C07061,Raj Iyer,Lucknow,Standard
C07062,Priya Sharma,Bangalore,Premium
C07063,Kavya Kapoor,Mumbai,Standard
C07064,Ankit Singh,Jaipur,Standard
C07065,Neha Singh,Pune,Standard
C07066,Ankit Kapoor,Lucknow,Premium
C07067,Kavya Iyer,Bangalore,Premium
C07068,Neha Sharma,Mumbai,Standard
C07069,Rohan Das,Pune,Standard
C07070,Sneha Sinha,Delhi,Premium
C07071,Aditya Das,Hyderabad,Basic
C07072,Rahul Mishra,Mumbai,Premium
C07073,Raj Malhotra,Kolkata,Premium
C07074,Priya Iyer,Delhi,Premium
C07075,Aditya Mishra,Ahmedabad,Standard
C07076,Kavya Mehta,Kolkata,Basic
C07077,Aditya Das,Pune,Premium
C07078,Ankit Das,Kolkata,Basic
C07079,Vikram Mishra,Ahmedabad,Premium
C07080,Karan Mehta,Delhi,Basic
C07081,Pooja Patel,Delhi,Standard
C07082,Aditya Verma,Jaipur,Standard
C07083,Neha Singh,Kolkata,Standard
C07084,Sneha Patel,Delhi,Premium
C07085,Neha Sinha,Jaipur,Basic
C07086,Ankit Sharma,Hyderabad,Standard
C07087,Raj Khan,Hyderabad,Standard
C07088,Priya Sinha,Bangalore,Premium
C07089,Kavya Patel,Hyderabad,Standard
C07090,Arjun Singh,Bangalore,Standard
C07091,Sneha Patel,Delhi,Premium
C07092,Rohan Patel,Ahmedabad,Basic
C07093,Pooja Mehta,Jaipur,Basic
C07094,Aditya Joshi,Pune,Basic
C07095,Kavya Sharma,Mumbai,Basic
C07096,Nisha Sinha,Kolkata,Basic
C07097,Aditya Sinha,Bangalore,Basic
C07098,Kavya Singh,Pune,Basic
C07099,Rahul Khan,Delhi,Basic
C07100,Vikram Kapoor,Ahmedabad,Standard
C07101,Amit Kapoor,Chennai,Premium
C07102,Rahul Singh,Hyderabad,Standard
C07103,Rahul Khan,Hyderabad,Basic
C07104,Nisha Iyer,Kolkata,Premium
C07105,Priya Khan,Jaipur,Basic
C07106,Rohan Mehta,Pune,Standard
C07107,Priya Kapoor,Kolkata,Basic
C07108,Kavya Iyer,Bangalore,Premium
C07109,Neha Khan,Jaipur,Premium
C07110,Pooja Iyer,Hyderabad,Premium
C07111,Priya Sharma,Bangalore,Standard
C07112,Sneha Das,Delhi,Premium
C07113,Neha Sinha,Mumbai,Premium
C07114,Rahul Patel,Hyderabad,Standard
C07115,Sneha Kapoor,Ahmedabad,Premium
C07116,Aditya Malhotra,Delhi,Basic
C07117,Raj Mehta,Ahmedabad,Standard
C07118,Raj Mishra,Mumbai,Standard
C07119,Kavya Mehta,Bangalore,Standard
C07120,Pooja Das,Kolkata,Standard
C07121,Neha Sinha,Mumbai,Premium
C07122,Rohan Joshi,Kolkata,Premium
C07123,Rahul Gupta,Bangalore,Premium
C07124,Aditya Das,Jaipur,Standard
C07125,Kavya Kapoor,Bangalore,Premium
C07126,Rahul Patel,Chennai,Basic
C07127,Raj Iyer,Bangalore,Premium
C07128,Priya Reddy,Chennai,Standard
C07129,Amit Iyer,Lucknow,Basic
C07130,Nisha Sinha,Mumbai,Premium
C07131,Arjun Malhotra,Bangalore,Premium
C07132,Vikram Iyer,Bangalore,Standard
C07133,Rahul Sinha,Kolkata,Premium
C07134,Arjun Mishra,Pune,Standard
C07135,Vikram Sinha,Jaipur,Standard
C07136,Aditya Iyer,Delhi,Standard
C07137,Vikram Joshi,Ahmedabad,Standard
C07138,Kavya Singh,Pune,Premium
C07139,Pooja Iyer,Lucknow,Premium
C07140,Raj Singh,Mumbai,Standard
C07141,Ankit Joshi,Jaipur,Premium
C07142,Karan Mishra,Ahmedabad,Premium
C07143,Nisha Joshi,Ahmedabad,Basic
C07144,Priya Verma,Jaipur,Premium
C07145,Priya Khan,Kolkata,Basic
C07146,Rahul Iyer,Lucknow,Basic
C07147,Ankit Mehta,Pune,Basic
C07148,Rohan Malhotra,Chennai,Basic
C07149,Aditya Malhotra,Bangalore,Premium
C07150,Arjun Patel,Hyderabad,Standard
C07151,Pooja Iyer,Delhi,Premium
C07152,Amit Khan,Delhi,Premium
C07153,Rahul Gupta,Jaipur,Standard
C07154,Karan Sharma,Hyderabad,Basic
C07155,Ankit Malhotra,Jaipur,Standard
C07156,Nisha Sinha,Lucknow,Premium
C07157,Vikram Sinha,Delhi,Standard
C07158,Kavya Sharma,Ahmedabad,Standard
C07159,Aditya Sharma,Hyderabad,Basic
C07160,Priya Verma,Delhi,Basic
C07161,Pooja Das,Chennai,Basic
C07162,Ankit Khan,Lucknow,Standard
C07163,Aditya Sinha,Delhi,Standard
C07164,Amit Khan,Bangalore,Premium
C07165,Raj Kapoor,Pune,Basic
C07166,Rohan Patel,Hyderabad,Basic
C07167,Arjun Khan,Bangalore,Premium
C07168,Ankit Mishra,Chennai,Premium
C07169,Priya Gupta,Pune,Premium
C07170,Sneha Joshi,Kolkata,Basic
C07171,Nisha Singh,Lucknow,Basic
C07172,Sneha Mishra,Hyderabad,Premium
C07173,Aditya Malhotra,Mumbai,Basic
C07174,Karan Mishra,Hyderabad,Premium
C07175,Rohan Singh,Chennai,Standard
C07176,Raj Sinha,Mumbai,Standard
C07177,Karan Mishra,Jaipur,Standard
C07178,Karan Das,Lucknow,Standard
C07179,Rahul Singh,Ahmedabad,Premium
C07180,Nisha Khan,Mumbai,Standard
C07181,Pooja Joshi,Pune,Basic
C07182,Vikram Verma,Delhi,Basic
C07183,Nisha Mishra,Kolkata,Premium
C07184,Nisha Joshi,Ahmedabad,Standard
C07185,Rohan Das,Bangalore,Standard
C07186,Sneha Joshi,Hyderabad,Premium
C07187,Raj Das,Kolkata,Standard
C07188,Neha Singh,Bangalore,Standard
C07189,Raj Kapoor,Ahmedabad,Standard
C07190,Nisha Khan,Bangalore,Standard
C07191,Pooja Khan,Mumbai,Standard
C07192,Amit Sinha,Pune,Standard
C07193,Karan Gupta,Bangalore,Basic
C07194,Priya Sharma,Kolkata,Basic
C07195,Aditya Sinha,Bangalore,Premium
C07196,Pooja Singh,Delhi,Premium
C07197,Ankit Sinha,Pune,Premium
C07198,Rahul Khan,Lucknow,Standard
C07199,Ankit Iyer,Lucknow,Standard
C07200,Neha Mehta,Hyderabad,Standard
C07201,Vikram Malhotra,Bangalore,Basic
C07202,Sneha Khan,Lucknow,Basic
C07203,Rohan Joshi,Bangalore,Premium
C07204,Sneha Mehta,Delhi,Standard
C07205,Vikram Singh,Lucknow,Basic
C07206,Rahul Joshi,Jaipur,Standard
C07207,Amit Patel,Hyderabad,Basic
C07208,Amit Patel,Jaipur,Premium
C07209,Rahul Singh,Lucknow,Basic
C07210,Kavya Mishra,Hyderabad,Basic
C07211,Kavya Khan,Delhi,Basic
C07212,Amit Khan,Bangalore,Premium
C07213,Kavya Khan,Delhi,Standard
C07214,Aditya Singh,Jaipur,Basic
C07215,Raj Sinha,Delhi,Basic
C07216,Ankit Reddy,Bangalore,Standard
C07217,Karan Mehta,Jaipur,Standard
C07218,Sneha Singh,Mumbai,Premium
C07219,Nisha Das,Delhi,Basic
C07220,Ankit Singh,Jaipur,Basic
C07221,Rahul Mehta,Chennai,Standard
C07222,Nisha Khan,Mumbai,Premium
C07223,Nisha Mehta,Bangalore,Basic
C07224,Raj Reddy,Ahmedabad,Standard
C07225,Vikram Reddy,Ahmedabad,Premium
C07226,Kavya Verma,Jaipur,Standard
C07227,Nisha Malhotra,Pune,Basic
C07228,Sneha Singh,Pune,Basic
C07229,Rohan Iyer,Delhi,Basic
C07230,Sneha Malhotra,Bangalore,Premium
C07231,Rohan Joshi,Bangalore,Premium
C07232,Pooja Khan,Pune,Premium
C07233,Priya Gupta,Hyderabad,Premium
C07234,Rahul Singh,Delhi,Premium
C07235,Rohan Khan,Lucknow,Standard
C07236,Karan Patel,Delhi,Standard
C07237,Aditya Kapoor,Jaipur,Basic
C07238,Nisha Mishra,Delhi,Premium
C07239,Arjun Mishra,Lucknow,Standard
C07240,Priya Mishra,Pune,Basic
C07241,Pooja Das,Lucknow,Standard
C07242,Pooja Malhotra,Jaipur,Premium
C07243,Vikram Khan,Jaipur,Basic
C07244,Neha Gupta,Jaipur,Premium
C07245,Rahul Patel,Pune,Standard
C07246,Sneha Sharma,Bangalore,Basic
C07247,Rahul Sharma,Mumbai,Standard
C07248,Raj Patel,Bangalore,Basic
C07249,Ankit Patel,Jaipur,Standard
C07250,Neha Mishra,Delhi,Premium
C07251,Ankit Joshi,Mumbai,Standard
C07252,Nisha Khan,Chennai,Premium
C07253,Raj Reddy,Hyderabad,Basic
C07254,Aditya Sharma,Kolkata,Basic
C07255,Aditya Khan,Pune,Basic
C07256,Priya Joshi,Lucknow,Basic
C07257,Rahul Sharma,Ahmedabad,Standard
C07258,Karan Malhotra,Pune,Premium
C07259,Kavya Kapoor,Pune,Premium
C07260,Kavya Patel,Bangalore,Basic
C07261,Raj Patel,Jaipur,Basic
C07262,Raj Mehta,Hyderabad,Premium
C07263,Kavya Kapoor,Pune,Basic
C07264,Amit Reddy,Kolkata,Basic
C07265,Amit Sinha,Jaipur,Standard
C07266,Priya Mehta,Ahmedabad,Premium
C07267,Neha Mehta,Jaipur,Standard
C07268,Nisha Gupta,Mumbai,Premium
C07269,Neha Khan,Jaipur,Premium
C07270,Neha Sinha,Hyderabad,Basic
C07271,Pooja Khan,Delhi,Basic
C07272,Karan Mishra,Jaipur,Basic
C07273,Neha Verma,Bangalore,Standard
C07274,Aditya Das,Delhi,Basic
C07275,Arjun Verma,Mumbai,Standard
C07276,Raj Kapoor,Ahmedabad,Standard
C07277,Amit Joshi,Mumbai,Standard
C07278,Nisha Joshi,Kolkata,Basic
C07279,Priya Sharma,Jaipur,Basic
C07280,Amit Mishra,Chennai,Premium
C07281,Nisha Gupta,Lucknow,Premium
C07282,Arjun Das,Ahmedabad,Standard
C07283,Amit Kapoor,Jaipur,Basic
C07284,Amit Verma,Lucknow,Standard
C07285,Pooja Mishra,Jaipur,Basic
C07286,Neha Reddy,Chennai,Standard
C07287,Vikram Kapoor,Bangalore,Basic
C07288,Vikram Sharma,Bangalore,Basic
C07289,Sneha Mehta,Kolkata,Basic
C07290,Kavya Mehta,Jaipur,Standard
C07291,Nisha Khan,Lucknow,Standard
C07292,Pooja Mishra,Delhi,Premium
C07293,Ankit Kapoor,Hyderabad,Standard
C07294,Pooja Reddy,Lucknow,Basic
C07295,Raj Khan,Kolkata,Standard
C07296,Neha Das,Chennai,Basic
C07297,Sneha Joshi,Mumbai,Standard
C07298,Aditya Singh,Bangalore,Basic
C07299,Kavya Das,Mumbai,Standard
C07300,Rohan Joshi,Ahmedabad,Premium
C07301,Nisha Das,Pune,Standard
C07302,Pooja Singh,Delhi,Standard
C07303,Pooja Das,Pune,Standard
C07304,Rahul Reddy,Mumbai,Basic
C07305,Nisha Das,Ahmedabad,Standard
C07306,Vikram Joshi,Ahmedabad,Standard
C07307,Karan Verma,Lucknow,Basic
C07308,Rohan Mehta,Chennai,Premium
C07309,Karan Patel,Lucknow,Basic
C07310,Kavya Singh,Delhi,Standard
C07311,Arjun Patel,Chennai,Standard
C07312,Karan Joshi,Kolkata,Premium
C07313,Sneha Malhotra,Lucknow,Basic
C07314,Nisha Reddy,Delhi,Standard
C07315,Rohan Iyer,Lucknow,Basic
C07316,Rahul Singh,Chennai,Standard
C07317,Rahul Iyer,Lucknow,Premium
C07318,Vikram Joshi,Jaipur,Standard
C07319,Raj Sharma,Kolkata,Premium
C07320,Amit Mishra,Mumbai,Premium
C07321,Sneha Khan,Ahmedabad,Premium
C07322,Sneha Mehta,Chennai,Basic
C07323,Pooja Sinha,Mumbai,Premium
C07324,Kavya Reddy,Bangalore,Standard
C07325,Karan Mishra,Chennai,Standard
C07326,Karan Gupta,Hyderabad,Premium
C07327,Karan Sinha,Jaipur,Basic
C07328,Karan Patel,Mumbai,Standard
C07329,Arjun Singh,Jaipur,Basic
C07330,Neha Das,Lucknow,Basic
C07331,Arjun Singh,Delhi,Basic
C07332,Ankit Mehta,Hyderabad,Premium
C07333,Priya Sinha,Ahmedabad,Standard
C07334,Raj Sharma,Mumbai,Premium
C07335,Neha Sharma,Kolkata,Basic
C07336,Sneha Iyer,Pune,Premium
C07337,Pooja Sinha,Lucknow,Standard
C07338,Vikram Patel,Mumbai,Standard
C07339,Sneha Singh,Delhi,Basic
C07340,Rohan Iyer,Lucknow,Premium
C07341,Kavya Kapoor,Jaipur,Basic
C07342,Kavya Sinha,Chennai,Standard
C07343,Arjun Das,Mumbai,Basic
C07344,Nisha Kapoor,Mumbai,Basic
C07345,Amit Reddy,Ahmedabad,Premium
C07346,Sneha Sinha,Mumbai,Premium
C07347,Amit Joshi,Hyderabad,Standard
C07348,Ankit Sinha,Delhi,Premium
C07349,Neha Singh,Chennai,Standard
C07350,Rohan Khan,Lucknow,Basic
C07351,Rahul Mehta,Ahmedabad,Standard
C07352,Vikram Verma,Pune,Basic
C07353,Raj Sinha,Pune,Standard
C07354,Priya Singh,Mumbai,Standard
C07355,Priya Iyer,Bangalore,Premium
C07356,Ankit Sinha,Kolkata,Basic
C07357,Pooja Mehta,Ahmedabad,Premium
C07358,Ankit Sinha,Pune,Premium
C07359,Priya Mishra,Bangalore,Premium
C07360,Pooja Sharma,Kolkata,
C07361,Neha Sinha,Chennai,Standard
C07362,Nisha Sharma,Chennai,Standard
C07363,Rohan Kapoor,Pune,Standard
C07364,Karan Singh,Kolkata,Standard
C07365,Pooja Patel,Lucknow,Standard
C07366,Ankit Khan,Delhi,Premium
C07367,Karan Patel,Kolkata,Premium
C07368,Arjun Mishra,Delhi,Premium
C07369,Rohan Verma,Kolkata,Premium
C07370,Amit Khan,Lucknow,Premium
C07371,Rahul Malhotra,Hyderabad,Standard
C07372,Priya Joshi,Bangalore,Premium
C07373,Raj Mishra,Delhi,Basic
C07374,Nisha Kapoor,Hyderabad,Basic
C07375,Priya Joshi,Ahmedabad,Standard
C07376,Priya Mehta,Chennai,Basic
C07377,Vikram Reddy,Hyderabad,Basic
C07378,Ankit Reddy,Kolkata,Basic
C07379,Vikram Verma,Jaipur,Standard
C07380,Priya Khan,Lucknow,Basic
C07381,Rohan Khan,Kolkata,Premium
C07382,Aditya Mishra,Kolkata,Premium
C07383,Sneha Gupta,Jaipur,Standard
C07384,Arjun Verma,Lucknow,Premium
C07385,Arjun Gupta,Mumbai,Standard
C07386,Raj Sharma,Jaipur,Basic
C07387,Rahul Verma,Chennai,Basic
C07388,Amit Singh,Ahmedabad,Standard
C07389,Rohan Singh,Ahmedabad,Premium
C07390,Nisha Verma,Hyderabad,Standard
C07391,Nisha Khan,Chennai,Standard
C07392,Kavya Reddy,Chennai,Premium
C07393,Kavya Iyer,Ahmedabad,Premium
C07394,Ankit Das,Chennai,Basic
C07395,Nisha Das,Ahmedabad,Premium
C07396,Rohan Singh,Lucknow,Premium
C07397,Rahul Verma,Hyderabad,Standard
C07398,Karan Reddy,Mumbai,Premium
C07399,Neha Gupta,Jaipur,Premium
C07400,Sneha Gupta,Delhi,Basic
C07401,Neha Patel,Jaipur,Basic
C07402,Priya Mehta,Mumbai,Basic
C07403,Arjun Reddy,Jaipur,Premium
C07404,Nisha Sinha,Jaipur,Premium
C07405,Ankit Iyer,Bangalore,Standard
C07406,Karan Kapoor,Hyderabad,Premium
C07407,Rohan Mishra,Jaipur,Standard
C07408,Priya Verma,Delhi,Standard
C07409,Priya Gupta,Ahmedabad,Basic
C07410,Rohan Mehta,Kolkata,Basic
C07411,Neha Sinha,Kolkata,Basic
C07412,Neha Kapoor,Jaipur,Premium
C07413,Amit Reddy,Lucknow,Premium
C07414,Ankit Mehta,Ahmedabad,Premium
C07415,Rohan Singh,Pune,Standard
C07416,Amit Malhotra,Ahmedabad,Standard
C07417,Aditya Mehta,Bangalore,Basic
C07418,Nisha Mehta,Lucknow,Premium
C07419,Rohan Patel,Hyderabad,Standard
C07420,Priya Das,Lucknow,Basic
C07421,Rohan Sinha,Pune,Basic
C07422,Nisha Mehta,Chennai,Standard
C07423,Rahul Das,Lucknow,Basic
C07424,Pooja Iyer,Mumbai,Basic
C07425,Rahul Gupta,Mumbai,Basic
C07426,Pooja Reddy,Kolkata,Standard
C07427,Neha Das,Mumbai,Basic
C07428,Raj Patel,Kolkata,Premium
C07429,Amit Malhotra,Delhi,Basic
C07430,Pooja Mehta,Jaipur,Standard
C07431,Raj Singh,Bangalore,Basic
C07432,Rohan Mehta,Chennai,Basic
C07433,Karan Iyer,Jaipur,Standard
C07434,Pooja Iyer,Lucknow,Basic
C07435,Arjun Das,Kolkata,Standard
C07436,Priya Reddy,Kolkata,Standard
C07437,Ankit Joshi,Lucknow,Standard
C07438,Nisha Reddy,Bangalore,Basic
C07439,Aditya Gupta,Lucknow,Premium
C07440,Priya Khan,Delhi,Standard
C07441,Aditya Das,Ahmedabad,Basic
C07442,Karan Das,Delhi,Premium
C07443,Rohan Reddy,Jaipur,Premium
C07444,Vikram Das,Ahmedabad,Premium
C07445,Arjun Sharma,Kolkata,Basic
C07446,Karan Singh,Chennai,Standard
C07447,Nisha Gupta,Chennai,Premium
C07448,Sneha Kapoor,Bangalore,Basic
C07449,Sneha Reddy,Delhi,Premium
C07450,Priya Malhotra,Hyderabad,Basic
C07451,Rahul Patel,Jaipur,Basic
C07452,Ankit Iyer,Pune,Basic
C07453,Amit Iyer,Delhi,Basic
C07454,Neha Das,Ahmedabad,Basic
C07455,Amit Singh,Kolkata,Basic
C07456,Rahul Sinha,Mumbai,Basic
C07457,Nisha Das,Lucknow,Basic
C07458,Kavya Khan,Delhi,Standard
C07459,Arjun Das,Mumbai,Standard
C07460,Ankit Khan,Jaipur,Standard
C07461,Raj Mehta,Lucknow,Premium
C07462,Neha Mishra,Kolkata,Premium
C07463,Vikram Mishra,Kolkata,Basic
C07464,Karan Reddy,Mumbai,Basic
C07465,Arjun Malhotra,Mumbai,Basic
C07466,Ankit Patel,Bangalore,Basic
C07467,Sneha Sharma,Delhi,Premium
C07468,Pooja Patel,Lucknow,Premium
C07469,Rahul Patel,Jaipur,Premium
C07470,Kavya Das,Ahmedabad,Standard
C07471,Priya Joshi,Kolkata,Standard
C07472,Amit Patel,Pune,Premium
C07473,Pooja Sharma,Jaipur,Standard
C07474,Kavya Reddy,Delhi,Basic
C07475,Aditya Gupta,Mumbai,Standard
C07476,Ankit Sharma,Bangalore,Standard
C07477,Neha Malhotra,Ahmedabad,Premium
C07478,Sneha Gupta,Kolkata,Basic
C07479,Nisha Iyer,Jaipur,Standard
C07480,Neha Mehta,Pune,Premium
C07481,Raj Kapoor,Delhi,Premium
C07482,Aditya Verma,Jaipur,Basic
C07483,Pooja Mehta,Lucknow,Premium
C07484,Neha Verma,Hyderabad,Basic
C07485,Rahul Malhotra,Mumbai,Basic
C07486,Ankit Reddy,Kolkata,Standard
C07487,Amit Verma,Chennai,Standard
C07488,Vikram Patel,Delhi,Basic
C07489,Ankit Mishra,Pune,Standard
C07490,Neha Das,Ahmedabad,Basic
C07491,Priya Verma,Kolkata,Premium
C07492,Amit Mehta,Chennai,Premium
C07493,Sneha Joshi,Lucknow,Premium
C07494,Vikram Khan,Jaipur,Premium
C07495,Arjun Kapoor,Bangalore,Standard
C07496,Rahul Mishra,Bangalore,Basic
C07497,Pooja Mehta,Pune,Standard
C07498,Rahul Verma,Hyderabad,Standard
C07499,Priya Reddy,Delhi,Standard
C07500,Nisha Singh,Chennai,Premium
C07501,Kavya Malhotra,Pune,Premium
C07502,Rahul Sinha,Delhi,Basic
C07503,Aditya Kapoor,Kolkata,Basic
C07504,Raj Patel,Kolkata,Basic
C07505,Kavya Mishra,Chennai,Standard
C07506,Kavya Singh,Mumbai,Standard
C07507,Amit Sharma,Hyderabad,Basic
C07508,Karan Reddy,Mumbai,Premium
C07509,Arjun Patel,Mumbai,Standard
C07510,Priya Kapoor,Pune,Premium
C07511,Sneha Khan,Jaipur,Premium
C07512,Rohan Joshi,Chennai,Basic
C07513,Rohan Kapoor,Delhi,Basic
C07514,Nisha Das,Hyderabad,Basic
C07515,Ankit Iyer,Hyderabad,Premium
C07516,Pooja Mehta,Lucknow,Premium
C07517,Sneha Kapoor,Pune,Standard
C07518,Aditya Iyer,Lucknow,Basic
C07519,Aditya Sinha,Mumbai,Basic
C07520,Priya Khan,Jaipur,Basic
C07521,Nisha Mishra,Chennai,Basic
C07522,Karan Kapoor,Chennai,Standard
C07523,Nisha Verma,Delhi,Basic
C07524,Neha Mishra,Kolkata,Basic
C07525,Aditya Sinha,Ahmedabad,Premium
C07526,Kavya Kapoor,Delhi,Standard
C07527,Rohan Sinha,Hyderabad,Premium
C07528,Vikram Mehta,Jaipur,Basic
C07529,Amit Iyer,Delhi,Standard
C07530,Kavya Mishra,Chennai,Basic
C07531,Nisha Mishra,Mumbai,Premium
C07532,Rohan Patel,Lucknow,Basic
C07533,Nisha Reddy,Delhi,Basic
C07534,Arjun Patel,Jaipur,Standard
C07535,Arjun Joshi,Kolkata,Basic
C07536,Neha Malhotra,Hyderabad,Premium
C07537,Sneha Singh,Ahmedabad,Standard
C07538,Rahul Mishra,Chennai,Premium
C07539,Neha Malhotra,Mumbai,Basic
C07540,Rahul Das,Delhi,Standard
C07541,Neha Reddy,Pune,Premium
C07542,Priya Reddy,Bangalore,Standard
C07543,Priya Verma,Chennai,Premium
C07544,Rahul Sinha,Chennai,Premium
C07545,Vikram Mishra,Bangalore,Premium
C07546,Raj Gupta,Lucknow,Premium
C07547,Aditya Joshi,Kolkata,Standard
C07548,Arjun Khan,Mumbai,Standard
C07549,Nisha Singh,Delhi,Premium
C07550,Rahul Malhotra,Ahmedabad,Basic
C07551,Pooja Mishra,Chennai,Premium
C07552,Pooja Patel,Bangalore,Standard
C07553,Ankit Iyer,Hyderabad,Basic
C07554,Vikram Gupta,Mumbai,Basic
C07555,Arjun Malhotra,Lucknow,Standard
C07556,Amit Joshi,Bangalore,Premium
C07557,Nisha Singh,Jaipur,Standard
C07558,Rahul Das,Jaipur,Standard
C07559,Priya Malhotra,Pune,Standard
C07560,Kavya Sinha,Lucknow,Standard
C07561,Neha Khan,Bangalore,Standard
C07562,Amit Kapoor,Chennai,Premium
C07563,Priya Singh,Mumbai,Standard
C07564,Kavya Sinha,Hyderabad,Premium
C07565,Sneha Gupta,Delhi,Basic
C07566,Kavya Das,Mumbai,Premium
C07567,Neha Singh,Pune,Basic
C07568,Sneha Gupta,Pune,Premium
C07569,Rahul Kapoor,Mumbai,Premium
C07570,Karan Mehta,Ahmedabad,Basic
C07571,Vikram Khan,Mumbai,Premium
C07572,Nisha Sharma,Mumbai,Basic
C07573,Ankit Iyer,Hyderabad,Standard
C07574,Raj Iyer,Pune,Basic
C07575,Priya Gupta,Lucknow,Standard
C07576,Neha Mehta,Jaipur,Basic
C07577,Rahul Sharma,Kolkata,Standard
C07578,Arjun Das,Kolkata,Premium
C07579,Rahul Gupta,Ahmedabad,Premium
C07580,Priya Verma,Lucknow,Premium
C07581,Rahul Iyer,Ahmedabad,Premium
C07582,Pooja Kapoor,Delhi,Premium
C07583,Nisha Iyer,Mumbai,Basic
C07584,Arjun Khan,Bangalore,Premium
C07585,Amit Patel,Jaipur,Standard
C07586,Pooja Sharma,Jaipur,Standard
C07587,Raj Gupta,Pune,Standard
C07588,Priya Khan,Delhi,Premium
C07589,Nisha Mishra,Chennai,Standard
C07590,Kavya Sinha,Chennai,Basic
C07591,Sneha Iyer,Delhi,Standard
C07592,Amit Das,Bangalore,Basic
C07593,Nisha Gupta,Ahmedabad,Premium
C07594,Arjun Singh,Chennai,Premium
C07595,Sneha Sharma,Bangalore,Premium
C07596,Nisha Singh,Chennai,Premium
C07597,Priya Verma,Bangalore,Premium
C07598,Vikram Mehta,Mumbai,Premium
C07599,Ankit Khan,Hyderabad,Basic
C07600,Rohan Iyer,Delhi,Premium
C07601,Aditya Sinha,Mumbai,Basic
C07602,Rohan Singh,Ahmedabad,Standard
C07603,Raj Khan,Pune,Basic
C07604,Rahul Patel,Bangalore,Standard
C07605,Vikram Joshi,Kolkata,Standard
C07606,Amit Patel,Bangalore,Standard
C07607,Sneha Gupta,Ahmedabad,Basic
C07608,Kavya Singh,Jaipur,Premium
C07609,Vikram Khan,Chennai,Standard
C07610,Kavya Malhotra,Kolkata,Basic
C07611,Karan Verma,Delhi,Standard
C07612,Rahul Khan,Delhi,Premium
C07613,Pooja Joshi,Delhi,Standard
C07614,Raj Reddy,Lucknow,Premium
C07615,Priya Iyer,Pune,Basic
C07616,Raj Mehta,Chennai,Basic
C07617,Pooja Iyer,Jaipur,Standard
C07618,Rohan Kapoor,Jaipur,Standard
C07619,Nisha Sinha,Jaipur,Basic
C07620,Sneha Khan,Hyderabad,Standard
C07621,Sneha Sharma,Mumbai,Basic
C07622,Karan Singh,Chennai,Standard
C07623,Rohan Sharma,Jaipur,Basic
C07624,Neha Kapoor,Jaipur,Premium
C07625,Pooja Gupta,Lucknow,Premium
C07626,Arjun Singh,Lucknow,Basic
C07627,Priya Gupta,Pune,Standard
C07628,Rahul Sharma,Pune,Basic
C07629,Aditya Malhotra,Jaipur,Premium
C07630,Sneha Das,Bangalore,Premium
C07631,Nisha Verma,Hyderabad,Standard
C07632,Karan Singh,Jaipur,Standard
C07633,Rohan Kapoor,Mumbai,Basic
C07634,Priya Gupta,Hyderabad,Basic
C07635,Karan Mehta,Kolkata,Standard
C07636,Sneha Khan,Bangalore,Basic
C07637,Kavya Sharma,Bangalore,Premium
C07638,Priya Patel,Ahmedabad,Basic
C07639,Aditya Khan,Mumbai,Standard
C07640,Raj Verma,Mumbai,Premium
C07641,Nisha Patel,Mumbai,Premium
C07642,Rahul Sharma,Jaipur,Basic
C07643,Sneha Patel,Chennai,Basic
C07644,Aditya Mehta,Ahmedabad,Premium
C07645,Pooja Gupta,Lucknow,Premium
C07646,Rahul Reddy,Jaipur,Basic
C07647,Nisha Iyer,Lucknow,Premium
C07648,Amit Singh,Delhi,Standard
C07649,Nisha Sharma,Mumbai,Basic
C07650,Kavya Mishra,Delhi,Standard
C07651,Pooja Iyer,Bangalore,Premium
C07652,Priya Joshi,Ahmedabad,Premium
C07653,Raj Kapoor,Lucknow,Basic
C07654,Karan Iyer,Lucknow,Basic
C07655,Arjun Malhotra,Lucknow,Premium
C07656,Sneha Sharma,Jaipur,Basic
C07657,Ankit Singh,Jaipur,Premium
C07658,Kavya Mishra,Jaipur,Standard
C07659,Arjun Singh,Pune,Premium
C07660,Rahul Sharma,Mumbai,Basic
C07661,Kavya Mishra,Lucknow,Basic
C07662,Rohan Joshi,Hyderabad,Premium
C07663,Sneha Gupta,Delhi,Basic
C07664,Kavya Patel,Ahmedabad,Premium
C07665,Raj Gupta,Jaipur,Premium
C07666,Ankit Gupta,Lucknow,Basic
C07667,Vikram Verma,Chennai,Standard
C07668,Karan Khan,Lucknow,Standard
C07669,Priya Sharma,Hyderabad,Basic
C07670,Rohan Iyer,Mumbai,Premium
C07671,Ankit Patel,Kolkata,Premium
C07672,Rohan Mehta,Pune,Premium
C07673,Arjun Verma,Pune,Basic
C07674,Pooja Das,Chennai,Standard
C07675,Pooja Sinha,Chennai,Standard
C07676,Sneha Kapoor,Bangalore,Basic
C07677,Rahul Gupta,Mumbai,Basic
C07678,Priya Singh,Mumbai,Premium
C07679,Aditya Iyer,Jaipur,Premium
C07680,Aditya Reddy,Bangalore,Premium
C07681,Vikram Patel,Jaipur,Standard
C07682,Pooja Sinha,Chennai,Premium
C07683,Priya Sinha,Pune,Premium
C07684,Rahul Reddy,Kolkata,Basic
C07685,Raj Gupta,Ahmedabad,Standard
C07686,Aditya Verma,Bangalore,Standard
C07687,Neha Iyer,Kolkata,Basic
C07688,Neha Mehta,Chennai,Premium
C07689,Raj Patel,Kolkata,Standard
C07690,Rahul Sharma,Chennai,Premium
C07691,Priya Das,Delhi,Basic
C07692,Priya Reddy,Kolkata,Premium
C07693,Karan Gupta,Pune,Premium
C07694,Vikram Khan,Kolkata,Standard
C07695,Pooja Sharma,Chennai,Basic
C07696,Kavya Sinha,Pune,Premium
C07697,Raj Sharma,Mumbai,Standard
C07698,Pooja Khan,Hyderabad,Premium
C07699,Rohan Mehta,Pune,Premium
C07700,Rahul Gupta,Bangalore,Basic
C07701,Neha Reddy,Bangalore,Standard
C07702,Amit Sharma,Delhi,Basic
C07703,Raj Malhotra,Bangalore,Premium
C07704,Raj Khan,Lucknow,Basic
C07705,Raj Joshi,Pune,Premium
C07706,Ankit Gupta,Bangalore,Premium
C07707,Vikram Sinha,Chennai,Basic
C07708,Aditya Verma,Mumbai,Standard
C07709,Aditya Mehta,Pune,Standard
C07710,Neha Mishra,Chennai,Standard
C07711,Sneha Malhotra,Mumbai,Standard
C07712,Vikram Khan,Bangalore,Standard
C07713,Sneha Patel,Chennai,Standard
C07714,Kavya Sharma,Delhi,Basic
C07715,Amit Verma,Hyderabad,Premium
C07716,Ankit Kapoor,Hyderabad,Basic
C07717,Rohan Kapoor,Bangalore,Standard
C07718,Neha Verma,Jaipur,Standard
C07719,Amit Kapoor,Pune,Basic
C07720,Priya Khan,Kolkata,Premium
C07721,Aditya Joshi,Bangalore,Standard
C07722,Vikram Khan,Pune,Standard
C07723,Rahul Reddy,Pune,Standard
C07724,Aditya Iyer,Pune,Standard
C07725,Raj Malhotra,Pune,Premium
C07726,Kavya Khan,Chennai,Premium
C07727,Raj Das,Ahmedabad,Standard
C07728,Kavya Reddy,Ahmedabad,Basic
C07729,Kavya Mishra,Chennai,Basic
C07730,Rohan Kapoor,Ahmedabad,Premium
C07731,Vikram Khan,Lucknow,Premium
C07732,Vikram Patel,Kolkata,Premium
C07733,Rahul Mehta,Delhi,Basic
C07734,Rohan Reddy,Lucknow,Standard
C07735,Rohan Khan,Bangalore,Premium
C07736,Ankit Mishra,Chennai,Premium
C07737,Rohan Sharma,Chennai,Basic
C07738,Sneha Sinha,Pune,Basic
C07739,Priya Gupta,Bangalore,Premium
C07740,Ankit Iyer,Pune,Standard
C07741,Pooja Malhotra,Kolkata,Premium
C07742,Ankit Singh,Lucknow,Premium
C07743,Rahul Mehta,Chennai,Standard
C07744,Vikram Mishra,Delhi,Premium
C07745,Amit Joshi,Lucknow,Standard
C07746,Nisha Patel,Jaipur,Basic
C07747,Amit Reddy,Bangalore,Standard
C07748,Neha Sharma,Pune,Premium
C07749,Rohan Patel,Kolkata,Basic
C07750,Pooja Iyer,Chennai,Basic
C07751,Kavya Mishra,Jaipur,Premium
C07752,Aditya Gupta,Jaipur,Basic
C07753,Rohan Das,Pune,Basic
C07754,Rahul Mehta,Pune,Standard
C07755,Kavya Iyer,Mumbai,Standard
C07756,Kavya Gupta,Delhi,Premium
C07757,Priya Gupta,Bangalore,Standard
C07758,Rohan Patel,Chennai,Premium
C07759,Nisha Malhotra,Bangalore,Premium
C07760,Kavya Sharma,Delhi,Basic
C07761,Sneha Sharma,Chennai,Basic
C07762,Aditya Reddy,Pune,Premium
C07763,Kavya Patel,Ahmedabad,Premium
C07764,Amit Malhotra,Jaipur,Standard
C07765,Rahul Sharma,Hyderabad,Premium
C07766,Rahul Malhotra,Hyderabad,Premium
C07767,Pooja Kapoor,Jaipur,Basic
C07768,Pooja Das,Mumbai,Premium
C07769,Amit Iyer,Chennai,Premium
C07770,Rahul Patel,Chennai,Standard
C07771,Kavya Gupta,Hyderabad,Premium
C07772,Nisha Malhotra,Ahmedabad,Basic
C07773,Amit Das,Ahmedabad,Basic
C07774,Karan Mehta,Mumbai,Basic
C07775,Amit Sinha,Pune,Premium
C07776,Nisha Verma,Lucknow,Premium
C07777,Aditya Reddy,Chennai,Premium
C07778,Pooja Joshi,Chennai,Basic
C07779,Arjun Mishra,Jaipur,Standard
C07780,Kavya Verma,Mumbai,Basic
C07781,Amit Gupta,Hyderabad,Standard
C07782,Ankit Patel,Kolkata,Basic
C07783,Priya Malhotra,Delhi,Premium
C07784,Arjun Sinha,Bangalore,Basic
C07785,Karan Joshi,Ahmedabad,Basic
C07786,Aditya Sharma,Ahmedabad,Premium
C07787,Nisha Kapoor,Lucknow,Premium
C07788,Aditya Patel,Ahmedabad,Premium
C07789,Sneha Gupta,Pune,Premium
C07790,Karan Malhotra,Jaipur,Premium
C07791,Nisha Das,Ahmedabad,Premium
C07792,Priya Sinha,Hyderabad,Basic
C07793,Pooja Sinha,Lucknow,Basic
C07794,Sneha Singh,Ahmedabad,Standard
C07795,Nisha Gupta,Jaipur,Premium
C07796,Arjun Verma,Hyderabad,Premium
C07797,Arjun Sinha,Pune,Basic
C07798,Kavya Gupta,Mumbai,Premium
C07799,Nisha Singh,Jaipur,Premium
C07800,Vikram Malhotra,Jaipur,Standard
C07801,Nisha Verma,Ahmedabad,Basic
C07802,Rahul Sharma,Bangalore,Basic
C07803,Rohan Joshi,Chennai,Premium
C07804,Nisha Iyer,Bangalore,Premium
C07805,Raj Mehta,Bangalore,Premium
C07806,Kavya Gupta,Pune,Basic
C07807,Rahul Iyer,Pune,Basic
C07808,Vikram Iyer,Pune,Basic
C07809,Ankit Mishra,Ahmedabad,Standard
C07810,Sneha Joshi,Ahmedabad,Premium
C07811,Sneha Iyer,Ahmedabad,Basic
C07812,Vikram Verma,Delhi,Standard
C07813,Pooja Malhotra,Delhi,Premium
C07814,Pooja Mishra,Kolkata,Basic
C07815,Aditya Sinha,Bangalore,Premium
C07816,Ankit Sharma,Delhi,Standard
C07817,Raj Singh,Bangalore,Standard
C07818,Amit Sharma,Ahmedabad,Premium
C07819,Neha Patel,Kolkata,Premium
C07820,Kavya Joshi,Jaipur,Standard
C07821,Raj Iyer,Bangalore,Standard
C07822,Kavya Patel,Delhi,Basic
C07823,Karan Mishra,Hyderabad,Basic
C07824,Priya Singh,Jaipur,Standard
C07825,Karan Gupta,Hyderabad,Premium
C07826,Rahul Singh,Delhi,Basic
C07827,Sneha Das,Delhi,Premium
C07828,Ankit Mishra,Hyderabad,Premium
C07829,Priya Gupta,Kolkata,Premium
C07830,Sneha Kapoor,Kolkata,Basic
C07831,Karan Mehta,Chennai,Standard
C07832,Aditya Iyer,Hyderabad,Premium
C07833,Vikram Mishra,Lucknow,Standard
C07834,Neha Singh,Jaipur,Premium
C07835,Amit Sharma,Kolkata,Premium
C07836,Kavya Gupta,Chennai,Standard
C07837,Sneha Singh,Bangalore,Standard
C07838,Karan Mishra,Lucknow,Standard
C07839,Kavya Gupta,Kolkata,Standard
C07840,Neha Reddy,Kolkata,Standard
C07841,Aditya Iyer,Delhi,Premium
C07842,Karan Iyer,Delhi,Standard
C07843,Raj Kapoor,Kolkata,Premium
C07844,Priya Patel,Lucknow,Standard
C07845,Nisha Das,Ahmedabad,Basic
C07846,Amit Verma,Kolkata,Standard
C07847,Priya Mehta,Mumbai,Basic
C07848,Nisha Das,Ahmedabad,Premium
C07849,Neha Malhotra,Pune,Premium
C07850,Priya Singh,Chennai,Standard
C07851,Nisha Malhotra,Kolkata,Standard
C07852,Sneha Iyer,Ahmedabad,Standard
C07853,Priya Sharma,Kolkata,Premium
C07854,Arjun Gupta,Mumbai,Standard
C07855,Neha Sharma,Jaipur,Standard
C07856,Amit Verma,Pune,Standard
C07857,Nisha Joshi,Ahmedabad,Basic
C07858,Vikram Iyer,Hyderabad,Standard
C07859,Vikram Malhotra,Mumbai,Premium
C07860,Amit Kapoor,Kolkata,Standard
C07861,Neha Reddy,Mumbai,Premium
C07862,Raj Kapoor,Chennai,Premium
C07863,Kavya Singh,Jaipur,Standard
C07864,Aditya Kapoor,Bangalore,Standard
C07865,Rahul Khan,Lucknow,Premium
C07866,Ankit Singh,Pune,Basic
C07867,Karan Mehta,Bangalore,Standard
C07868,Priya Reddy,Jaipur,Standard
C07869,Rahul Kapoor,Pune,Standard
C07870,Rohan Khan,Mumbai,Standard
C07871,Vikram Sinha,Pune,Basic
C07872,Neha Khan,Ahmedabad,Premium
C07873,Kavya Mishra,Hyderabad,Standard
C07874,Neha Malhotra,Jaipur,Standard
C07875,Arjun Mehta,Bangalore,Standard
C07876,Pooja Khan,Hyderabad,Basic
C07877,Sneha Malhotra,Jaipur,Standard
C07878,Pooja Sharma,Pune,Basic
C07879,Aditya Sharma,Chennai,Basic
C07880,Raj Sinha,Jaipur,Standard
C07881,Pooja Joshi,Hyderabad,Premium
C07882,Rahul Malhotra,Kolkata,Standard
C07883,Nisha Patel,Chennai,Premium
C07884,Ankit Iyer,Mumbai,Basic
C07885,Karan Mishra,Lucknow,Premium
C07886,Arjun Patel,Lucknow,Standard
C07887,Aditya Gupta,Kolkata,Basic
C07888,Kavya Kapoor,Pune,Standard
C07889,Nisha Sharma,Kolkata,Premium
C07890,Vikram Joshi,Kolkata,Standard
C07891,Arjun Sharma,Ahmedabad,Basic
C07892,Pooja Sinha,Ahmedabad,Standard
C07893,Aditya Verma,Kolkata,Standard
C07894,Priya Mehta,Delhi,Basic
C07895,Aditya Mishra,Mumbai,Premium
C07896,Kavya Iyer,Jaipur,Standard
C07897,Priya Mishra,Bangalore,Standard
C07898,Neha Mishra,Pune,Basic
C07899,Kavya Khan,Ahmedabad,Basic
C07900,Neha Khan,Mumbai,Basic
C07901,Priya Khan,Bangalore,Standard
C07902,Amit Gupta,Delhi,Standard
C07903,Kavya Verma,Ahmedabad,Standard
C07904,Pooja Gupta,Ahmedabad,Premium
C07905,Sneha Khan,Mumbai,Standard
C07906,Priya Das,Jaipur,Standard
C07907,Amit Singh,Chennai,Basic
C07908,Sneha Das,Jaipur,Premium
C07909,Rahul Verma,Bangalore,Premium
C07910,Kavya Mehta,Lucknow,Premium
C07911,Neha Das,Bangalore,Premium
C07912,Rahul Sinha,Bangalore,Basic
C07913,Sneha Das,Jaipur,Premium
C07914,Amit Sinha,Chennai,Premium
C07915,Vikram Mehta,Chennai,Standard
C07916,Kavya Gupta,Mumbai,Standard
C07917,Karan Sharma,Delhi,Standard
C07918,Arjun Sinha,Mumbai,Premium
C07919,Nisha Gupta,Pune,Premium
C07920,Arjun Sinha,Mumbai,Standard
C07921,Vikram Sharma,Mumbai,Standard
C07922,Pooja Patel,Hyderabad,Premium
C07923,Sneha Mishra,Ahmedabad,Premium
C07924,Rohan Sinha,Chennai,Standard
C07925,Pooja Patel,Delhi,Standard
C07926,Priya Das,Chennai,Standard
C07927,Sneha Patel,Jaipur,Premium
C07928,Karan Patel,Lucknow,Premium
C07929,Aditya Mehta,Kolkata,Standard
C07930,Rahul Khan,Kolkata,Basic
C07931,Aditya Das,Jaipur,Standard
C07932,Amit Malhotra,Lucknow,Premium
C07933,Aditya Das,Hyderabad,Premium
C07934,Arjun Malhotra,Bangalore,Standard
C07935,Priya Reddy,Delhi,Premium
C07936,Raj Das,Delhi,Standard
C07937,Neha Verma,Mumbai,Standard
C07938,Nisha Das,Pune,Premium
C07939,Priya Mishra,Pune,Basic
C07940,Sneha Kapoor,Pune,Basic
C07941,Ankit Mishra,Bangalore,Standard
C07942,Kavya Khan,Jaipur,Basic
C07943,Rohan Verma,Hyderabad,Basic
C07944,Arjun Singh,Lucknow,Basic
C07945,Vikram Das,Kolkata,Premium
C07946,Arjun Malhotra,Mumbai,Basic
C07947,Kavya Reddy,Pune,Standard
C07948,Kavya Sharma,Pune,Basic
C07949,Arjun Verma,Pune,Premium
C07950,Priya Sharma,Jaipur,Premium
C07951,Vikram Malhotra,Delhi,Basic
C07952,Kavya Mishra,Bangalore,Basic
C07953,Rahul Khan,Bangalore,Premium
C07954,Raj Verma,Chennai,Premium
C07955,Pooja Sharma,Chennai,Standard
C07956,Karan Das,Mumbai,Basic
C07957,Neha Khan,Bangalore,Standard
C07958,Neha Patel,Hyderabad,Premium
C07959,Rahul Khan,Hyderabad,Standard
C07960,Amit Sharma,Bangalore,Standard
C07961,Raj Joshi,Kolkata,Standard
C07962,Kavya Sharma,Delhi,Basic
C07963,Raj Malhotra,Hyderabad,Standard
C07964,Rohan Verma,Mumbai,Premium
C07965,Kavya Mehta,Lucknow,Basic
C07966,Kavya Reddy,Jaipur,Standard
C07967,Aditya Iyer,Hyderabad,Basic
C07968,Neha Iyer,Hyderabad,Premium
C07969,Raj Khan,Chennai,Premium
C07970,Sneha Sinha,Bangalore,Basic
C07971,Sneha Khan,Mumbai,Basic
C07972,Rahul Verma,Lucknow,Basic
C07973,Aditya Reddy,Hyderabad,Premium
C07974,Priya Mishra,Chennai,Standard
C07975,Amit Khan,Lucknow,Premium
C07976,Arjun Iyer,Kolkata,Basic
C07977,Sneha Verma,Lucknow,Basic
C07978,Pooja Khan,Mumbai,Premium
C07979,Priya Patel,Ahmedabad,Standard
C07980,Neha Gupta,Ahmedabad,Standard
C07981,Rohan Das,Kolkata,Standard
C07982,Priya Gupta,Mumbai,Standard
C07983,Priya Das,Chennai,Basic
C07984,Amit Das,Hyderabad,Standard
C07985,Ankit Das,Delhi,Basic
C07986,Priya Khan,Pune,Standard
C07987,Amit Malhotra,Hyderabad,Premium
C07988,Arjun Verma,Hyderabad,Basic
C07989,Sneha Khan,Pune,Standard
C07990,Arjun Verma,Bangalore,Basic
C07991,Kavya Reddy,Pune,Standard
C07992,Sneha Gupta,Bangalore,Basic
C07993,Rahul Sinha,Lucknow,Standard
C07994,Amit Kapoor,Hyderabad,Premium
C07995,Rahul Das,Lucknow,Premium
C07996,Vikram Malhotra,Jaipur,Standard
C07997,Ankit Mishra,Bangalore,Standard
C07998,Rahul Patel,Bangalore,Basic
C07999,Amit Gupta,Kolkata,Basic
C08000,Neha Mishra,Kolkata,Standard
C08001,Rahul Verma,Delhi,Standard
C08002,Neha Malhotra,Bangalore,Premium
C08003,Pooja Joshi,Delhi,Standard
C08004,Neha Joshi,Mumbai,Basic
C08005,Kavya Kapoor,Ahmedabad,Basic
C08006,Arjun Joshi,Bangalore,Standard
C08007,Arjun Das,Bangalore,Standard
C08008,Aditya Malhotra,Chennai,Premium
C08009,Priya Gupta,Jaipur,Basic
C08010,Neha Malhotra,Chennai,Basic
C08011,Nisha Joshi,Kolkata,Basic
C08012,Raj Reddy,Delhi,Basic
C08013,Priya Malhotra,Mumbai,Standard
C08014,Nisha Reddy,Ahmedabad,Standard
C08015,Rahul Mehta,Ahmedabad,Basic
C08016,Sneha Mishra,Lucknow,Premium
C08017,Neha Sinha,Hyderabad,Premium
C08018,Pooja Das,Jaipur,Standard
C08019,Ankit Gupta,Kolkata,Basic
C08020,Rahul Khan,Kolkata,Standard
C08021,Aditya Reddy,Chennai,Standard
C08022,Rohan Sharma,Jaipur,Standard
C08023,Vikram Reddy,Kolkata,Basic
C08024,Karan Reddy,Hyderabad,Basic
C08025,Karan Khan,Kolkata,Basic
C08026,Sneha Malhotra,Ahmedabad,Premium
C08027,Sneha Iyer,Bangalore,Premium
C08028,Aditya Reddy,Chennai,Standard
C08029,Arjun Khan,Lucknow,Premium
C08030,Ankit Singh,Hyderabad,Basic
C08031,Kavya Verma,Kolkata,Premium
C08032,Nisha Das,Pune,Premium
C08033,Karan Khan,Bangalore,Premium
C08034,Kavya Verma,Mumbai,Premium
C08035,Karan Khan,Kolkata,Basic
C08036,Nisha Joshi,Pune,Premium
C08037,Nisha Sinha,Chennai,Standard
C08038,Priya Reddy,Pune,Premium
C08039,Pooja Iyer,Chennai,Premium
C08040,Vikram Sharma,Delhi,Premium
C08041,Nisha Khan,Hyderabad,Standard
C08042,Amit Singh,Lucknow,Basic
C08043,Priya Das,Mumbai,Premium
C08044,Pooja Malhotra,Pune,Standard
C08045,Priya Mishra,Ahmedabad,Premium
C08046,Priya Mehta,Pune,Premium
C08047,Rohan Sinha,Kolkata,Premium
C08048,Pooja Verma,Pune,Premium
C08049,Priya Gupta,Ahmedabad,Standard
C08050,Vikram Sharma,Mumbai,Basic
C08051,Neha Das,Delhi,Premium
C08052,Aditya Iyer,Delhi,Basic
C08053,Neha Patel,Kolkata,Premium
C08054,Karan Das,Bangalore,Premium
C08055,Priya Singh,Ahmedabad,Premium
C08056,Amit Das,Hyderabad,Standard
C08057,Kavya Sharma,Mumbai,Standard
C08058,Rahul Sinha,Jaipur,Premium
C08059,Arjun Kapoor,Mumbai,Standard
C08060,Sneha Singh,Pune,Premium
C08061,Raj Joshi,Pune,Premium
C08062,Arjun Mehta,Bangalore,Standard
C08063,Rohan Patel,Jaipur,Basic
C08064,Ankit Sharma,Mumbai,Basic
C08065,Ankit Patel,Ahmedabad,Premium
C08066,Neha Singh,Pune,Premium
C08067,Arjun Mishra,Pune,Basic
C08068,Priya Mishra,Hyderabad,Basic
C08069,Amit Patel,Hyderabad,Standard
C08070,Amit Sharma,Lucknow,Standard
C08071,Rohan Malhotra,Delhi,Standard
C08072,Rohan Khan,Hyderabad,Basic
C08073,Amit Mehta,Kolkata,Standard
C08074,Raj Mishra,Chennai,Premium
C08075,Raj Malhotra,Hyderabad,Standard
C08076,Priya Kapoor,Ahmedabad,Basic
C08077,Raj Mehta,Jaipur,Standard
C08078,Arjun Mehta,Mumbai,Standard
C08079,Kavya Malhotra,Hyderabad,Standard
C08080,Pooja Singh,Bangalore,Basic
C08081,Rahul Mishra,Chennai,Standard
C08082,Nisha Gupta,Ahmedabad,Standard
C08083,Kavya Verma,Delhi,Basic
C08084,Karan Kapoor,Mumbai,Premium
C08085,Kavya Mishra,Ahmedabad,Basic
C08086,Pooja Das,Hyderabad,Premium
C08087,Rohan Malhotra,Bangalore,Premium
C08088,Raj Khan,Chennai,Basic
C08089,Neha Kapoor,Chennai,Standard
C08090,Nisha Singh,Delhi,Standard
C08091,Priya Patel,Chennai,Standard
C08092,Sneha Iyer,Kolkata,Premium
C08093,Karan Mishra,Pune,Basic
C08094,Rohan Kapoor,Lucknow,Premium
C08095,Priya Verma,Chennai,Basic
C08096,Ankit Malhotra,Hyderabad,Standard
C08097,Kavya Iyer,Bangalore,Standard
C08098,Karan Das,Mumbai,Standard
C08099,Aditya Kapoor,Bangalore,Premium
C08100,Karan Mehta,Chennai,Premium
C08101,Vikram Sharma,Mumbai,Basic
C08102,Ankit Patel,Jaipur,Standard
C08103,Vikram Sinha,Kolkata,Standard
C08104,Aditya Singh,Bangalore,Premium
C08105,Sneha Malhotra,Chennai,Premium
C08106,Ankit Iyer,Lucknow,Basic
C08107,Rahul Mishra,Mumbai,Basic
C08108,Nisha Patel,Ahmedabad,Basic
C08109,Amit Singh,Pune,Premium
C08110,Rohan Kapoor,Pune,Basic
C08111,Amit Singh,Hyderabad,Standard
C08112,Karan Sinha,Jaipur,Standard
C08113,Rohan Patel,Ahmedabad,Premium
C08114,Sneha Malhotra,Pune,Premium
C08115,Karan Iyer,Ahmedabad,Basic
C08116,Kavya Verma,Pune,Standard
C08117,Raj Mehta,Ahmedabad,Premium
C08118,Vikram Sinha,Pune,Premium
C08119,Sneha Reddy,Delhi,Standard
C08120,Vikram Singh,Delhi,Basic
C08121,Ankit Mishra,Jaipur,Basic
C08122,Pooja Das,Mumbai,Premium
C08123,Priya Kapoor,Ahmedabad,Basic
C08124,Priya Das,Delhi,Premium
C08125,Nisha Reddy,Chennai,Standard
C08126,Rahul Malhotra,Ahmedabad,Basic
C08127,Kavya Mishra,Jaipur,Standard
C08128,Rahul Singh,Hyderabad,Standard
C08129,Sneha Iyer,Pune,Premium
C08130,Ankit Sinha,Mumbai,Premium
C08131,Aditya Patel,Ahmedabad,Standard
C08132,Raj Mehta,Lucknow,Basic
C08133,Neha Patel,Mumbai,Standard
C08134,Arjun Joshi,Ahmedabad,Basic
C08135,Neha Sharma,Pune,Standard
C08136,Aditya Iyer,Delhi,Basic
C08137,Raj Khan,Bangalore,Basic
C08138,Priya Mehta,Pune,Standard
C08139,Raj Das,Chennai,Premium
C08140,Pooja Sharma,Jaipur,Standard
C08141,Karan Joshi,Jaipur,Standard
C08142,Ankit Patel,Jaipur,Standard
C08143,Vikram Das,Mumbai,Standard
C08144,Arjun Iyer,Hyderabad,Basic
C08145,Sneha Patel,Chennai,Basic
C08146,Kavya Khan,Jaipur,Basic
C08147,Pooja Mishra,Jaipur,Standard
C08148,Sneha Sharma,Kolkata,Basic
C08149,Ankit Mishra,Mumbai,Basic
C08150,Vikram Singh,Lucknow,Premium
C08151,Priya Mishra,Delhi,Basic
C08152,Arjun Sharma,Chennai,Basic
C08153,Kavya Reddy,Pune,Basic
C08154,Nisha Gupta,Jaipur,Standard
C08155,Vikram Malhotra,Ahmedabad,Premium
C08156,Sneha Mehta,Hyderabad,Premium
C08157,Kavya Sharma,Delhi,Standard
C08158,Nisha Khan,Lucknow,Basic
C08159,Raj Sinha,Mumbai,Standard
C08160,Neha Iyer,Lucknow,Basic
C08161,Priya Iyer,Jaipur,Basic
C08162,Amit Joshi,Lucknow,Basic
C08163,Raj Khan,Ahmedabad,Premium
C08164,Karan Khan,Pune,Basic
C08165,Ankit Sinha,Hyderabad,Premium
C08166,Arjun Gupta,Ahmedabad,Basic
C08167,Raj Sinha,Mumbai,Basic
C08168,Sneha Mishra,Chennai,Basic
C08169,Rohan Khan,Pune,Basic
C08170,Rohan Khan,Mumbai,Premium
C08171,Aditya Malhotra,Lucknow,Basic
C08172,Vikram Joshi,Hyderabad,Premium
C08173,Vikram Iyer,Hyderabad,Standard
C08174,Rohan Joshi,Lucknow,Basic
C08175,Rahul Gupta,Chennai,Standard
C08176,Nisha Das,Lucknow,Standard
C08177,Arjun Sharma,Pune,Basic
C08178,Priya Gupta,Lucknow,Standard
C08179,Kavya Reddy,Ahmedabad,Premium
C08180,Rahul Verma,Chennai,Basic
C08181,Karan Khan,Chennai,Premium
C08182,Karan Sinha,Jaipur,Basic
C08183,Nisha Singh,Hyderabad,Premium
C08184,Aditya Khan,Delhi,Standard
C08185,Aditya Reddy,Delhi,Standard
C08186,Arjun Reddy,Mumbai,Standard
C08187,Vikram Mehta,Chennai,Basic
C08188,Neha Joshi,Delhi,Standard
C08189,Raj Joshi,Jaipur,Basic
C08190,Kavya Iyer,Mumbai,Premium
C08191,Sneha Joshi,Chennai,Basic
C08192,Raj Malhotra,Bangalore,Basic
C08193,Karan Gupta,Kolkata,Premium
C08194,Neha Kapoor,Mumbai,Premium
C08195,Arjun Sharma,Lucknow,Premium
C08196,Sneha Joshi,Chennai,Premium
C08197,Arjun Sinha,Mumbai,Premium
C08198,Rahul Reddy,Jaipur,Premium
C08199,Karan Joshi,Delhi,Standard
C08200,Priya Mehta,Bangalore,Basic
C08201,Priya Das,Pune,Basic
C08202,Priya Joshi,Chennai,Standard
C08203,Kavya Reddy,Kolkata,Premium
C08204,Vikram Mishra,Mumbai,Standard
C08205,Priya Reddy,Jaipur,Basic
C08206,Pooja Verma,Lucknow,Premium
C08207,Vikram Joshi,Ahmedabad,Basic
C08208,Rohan Gupta,Delhi,Standard
C08209,Karan Sharma,Pune,Basic
C08210,Vikram Gupta,Lucknow,Standard
C08211,Kavya Gupta,Bangalore,Standard
C08212,Sneha Mehta,Bangalore,Premium
C08213,Karan Sharma,Jaipur,Premium
C08214,Kavya Sharma,Hyderabad,Basic
C08215,Amit Kapoor,Mumbai,Basic
C08216,Nisha Iyer,Bangalore,Standard
C08217,Neha Joshi,Chennai,Standard
C08218,Rohan Patel,Kolkata,Basic
C08219,Sneha Joshi,Bangalore,Basic
C08220,Rohan Verma,Jaipur,Basic
C08221,Kavya Sinha,Ahmedabad,Premium
C08222,Amit Khan,Mumbai,Basic
C08223,Aditya Singh,Bangalore,Standard
C08224,Priya Joshi,Kolkata,Premium
C08225,Sneha Das,Mumbai,Basic
C08226,Amit Sinha,Bangalore,Premium
C08227,Arjun Verma,Hyderabad,Premium
C08228,Priya Reddy,Chennai,Basic
C08229,Arjun Mehta,Mumbai,Premium
C08230,Pooja Mehta,Ahmedabad,Premium
C08231,Priya Sinha,Chennai,Premium
C08232,Sneha Verma,Bangalore,Basic
C08233,Rohan Sharma,Kolkata,Standard
C08234,Neha Malhotra,Pune,Standard
C08235,Karan Iyer,Delhi,Basic
C08236,Karan Mishra,Ahmedabad,Standard
C08237,Nisha Singh,Mumbai,Premium
C08238,Kavya Mehta,Chennai,Basic
C08239,Karan Khan,Delhi,Standard
C08240,Kavya Malhotra,Lucknow,Standard
C08241,Arjun Patel,Jaipur,Standard
C08242,Rohan Malhotra,Pune,Standard
C08243,Priya Patel,Bangalore,Premium
C08244,Sneha Sharma,Pune,Standard
C08245,Nisha Kapoor,Lucknow,Basic
C08246,Karan Mehta,Chennai,Basic
C08247,Amit Khan,Kolkata,Basic
C08248,Rohan Das,Ahmedabad,Basic
C08249,Raj Khan,Bangalore,Basic
C08250,Rahul Singh,Bangalore,Basic
C08251,Karan Mehta,Bangalore,Premium
C08252,Sneha Das,Lucknow,Premium
C08253,Rahul Mehta,Pune,Standard
C08254,Amit Kapoor,Lucknow,Basic
C08255,Sneha Khan,Hyderabad,Standard
C08256,Sneha Das,Lucknow,Basic
C08257,Vikram Mishra,Bangalore,Basic
C08258,Raj Malhotra,Lucknow,Basic
C08259,Karan Patel,Hyderabad,Standard
C08260,Nisha Reddy,Ahmedabad,Standard
C08261,Karan Reddy,Ahmedabad,Basic
C08262,Arjun Kapoor,Lucknow,Premium
C08263,Ankit Sinha,Pune,Premium
C08264,Rohan Gupta,Hyderabad,Standard
C08265,Karan Khan,Mumbai,Basic
C08266,Kavya Iyer,Chennai,Basic
C08267,Kavya Patel,Delhi,Standard
C08268,Neha Das,Jaipur,Basic
C08269,Neha Iyer,Lucknow,Premium
C08270,Priya Khan,Pune,Premium
C08271,Rahul Sharma,Delhi,Standard
C08272,Rohan Sharma,Ahmedabad,Standard
C08273,Priya Mishra,Lucknow,Basic
C08274,Aditya Gupta,Chennai,Basic
C08275,Vikram Joshi,Hyderabad,Premium
C08276,Kavya Singh,Lucknow,Premium
C08277,Neha Singh,Delhi,Premium
C08278,Neha Reddy,Lucknow,Standard
C08279,Ankit Khan,Jaipur,Standard
C08280,Priya Sharma,,Basic
C08281,Karan Mehta,Kolkata,Basic
C08282,Sneha Singh,Bangalore,Basic
C08283,Nisha Joshi,Bangalore,Standard
C08284,Raj Sharma,Kolkata,Basic
C08285,Aditya Joshi,Bangalore,Premium
C08286,Karan Khan,Hyderabad,Standard
C08287,Kavya Patel,Mumbai,Basic
C08288,Raj Kapoor,Pune,Standard
C08289,Pooja Iyer,Delhi,Basic
C08290,Rohan Reddy,Lucknow,Standard
C08291,Priya Sinha,Lucknow,Basic
C08292,Raj Mishra,Mumbai,Basic
C08293,Kavya Verma,Pune,Basic
C08294,Priya Sinha,Mumbai,Premium
C08295,Arjun Joshi,Kolkata,Premium
C08296,Vikram Sinha,Mumbai,Standard
C08297,Pooja Mehta,Pune,Premium
C08298,Raj Reddy,Pune,Basic
C08299,Ankit Kapoor,Bangalore,Basic
C08300,Raj Malhotra,Chennai,Premium
C08301,Rohan Patel,Chennai,Standard
C08302,Rohan Gupta,Bangalore,Standard
C08303,Neha Gupta,Hyderabad,Standard
C08304,Vikram Das,Kolkata,Standard
C08305,Amit Sharma,Mumbai,Standard
C08306,Arjun Kapoor,Hyderabad,Basic
C08307,Priya Gupta,Ahmedabad,Standard
C08308,Rahul Patel,Pune,Premium
C08309,Nisha Das,Bangalore,Premium
C08310,Priya Malhotra,Kolkata,Basic
C08311,Aditya Mishra,Lucknow,Basic
C08312,Aditya Gupta,Lucknow,Premium
C08313,Karan Kapoor,Hyderabad,Premium
C08314,Arjun Sharma,Hyderabad,Standard
C08315,Aditya Khan,Chennai,Standard
C08316,Rohan Mishra,Ahmedabad,Standard
C08317,Karan Das,Mumbai,Standard
C08318,Arjun Mehta,Mumbai,Standard
C08319,Aditya Reddy,Pune,Premium
C08320,Nisha Patel,Kolkata,Premium
C08321,Raj Sinha,Mumbai,Basic
C08322,Kavya Kapoor,Pune,Standard
C08323,Amit Iyer,Lucknow,Premium
C08324,Nisha Kapoor,Mumbai,Basic
C08325,Karan Mishra,Kolkata,Premium
C08326,Arjun Malhotra,Hyderabad,Basic
C08327,Priya Mishra,Jaipur,Basic
C08328,Ankit Gupta,Chennai,Standard
C08329,Sneha Patel,Chennai,Premium
C08330,Pooja Mishra,Delhi,Basic
C08331,Nisha Verma,Jaipur,Premium
C08332,Ankit Verma,Jaipur,Basic
C08333,Amit Malhotra,Delhi,Standard
C08334,Raj Mishra,Ahmedabad,Standard
C08335,Rohan Malhotra,Lucknow,Standard
C08336,Vikram Verma,Hyderabad,Basic
C08337,Vikram Gupta,Pune,Premium
C08338,Vikram Kapoor,Ahmedabad,Premium
C08339,Rahul Singh,Mumbai,Basic
C08340,Neha Sinha,Mumbai,Basic
C08341,Rohan Verma,Chennai,Premium
C08342,Karan Singh,Mumbai,Premium
C08343,Pooja Sinha,Jaipur,Premium
C08344,Priya Gupta,Jaipur,Premium
C08345,Vikram Patel,Lucknow,Standard
C08346,Sneha Iyer,Bangalore,Basic
C08347,Aditya Sharma,Hyderabad,Basic
C08348,Ankit Sinha,Jaipur,Basic
C08349,Sneha Joshi,Chennai,Basic
C08350,Aditya Malhotra,Mumbai,Basic
C08351,Arjun Reddy,Jaipur,Premium
C08352,Priya Mehta,Kolkata,Premium
C08353,Pooja Malhotra,Kolkata,Premium
C08354,Raj Mehta,Chennai,Basic
C08355,Sneha Malhotra,Lucknow,Premium
C08356,Kavya Patel,Hyderabad,Standard
C08357,Aditya Mehta,Bangalore,Premium
C08358,Rahul Sinha,Hyderabad,Basic
C08359,Arjun Singh,Chennai,Premium
C08360,Karan Sinha,Jaipur,Premium
C08361,Nisha Iyer,Pune,Standard
C08362,Rahul Reddy,Lucknow,Basic
C08363,Arjun Sharma,Lucknow,Premium
C08364,Rahul Joshi,Delhi,Basic
C08365,Aditya Das,Delhi,Basic
C08366,Kavya Malhotra,Chennai,Premium
C08367,Amit Gupta,Hyderabad,Basic
C08368,Kavya Sinha,Bangalore,Standard
C08369,Sneha Gupta,Delhi,Standard
C08370,Karan Singh,Jaipur,Standard
C08371,Karan Sharma,Kolkata,Premium
C08372,Nisha Mehta,Hyderabad,Premium
C08373,Vikram Gupta,Delhi,Basic
C08374,Vikram Mehta,Mumbai,Standard
C08375,Arjun Iyer,Bangalore,Premium
C08376,Rahul Verma,Hyderabad,Basic
C08377,Raj Kapoor,Mumbai,Standard
C08378,Arjun Singh,Kolkata,Basic
C08379,Rohan Singh,Ahmedabad,Basic
C08380,Aditya Iyer,Mumbai,Basic
C08381,Vikram Sinha,Bangalore,Basic
C08382,Raj Patel,Delhi,Standard
C08383,Nisha Gupta,Chennai,Standard
C08384,Aditya Gupta,Lucknow,Basic
C08385,Ankit Malhotra,Hyderabad,Basic
C08386,Rohan Mehta,Ahmedabad,Standard
C08387,Sneha Khan,Pune,Premium
C08388,Neha Verma,Lucknow,Standard
C08389,Raj Sharma,Kolkata,Premium
C08390,Rahul Khan,Pune,Premium
C08391,Aditya Reddy,Chennai,Premium
C08392,Priya Verma,Ahmedabad,Basic
C08393,Raj Kapoor,Mumbai,Premium
C08394,Raj Mehta,Jaipur,Standard
C08395,Rahul Verma,Mumbai,Standard
C08396,Neha Sharma,Pune,Standard
C08397,Neha Mehta,Mumbai,Standard
C08398,Rahul Khan,Jaipur,Basic
C08399,Amit Joshi,Pune,Standard
C08400,Kavya Sharma,Lucknow,Basic
C08401,Pooja Gupta,Mumbai,Premium
C08402,Pooja Sharma,Lucknow,Premium
C08403,Priya Sharma,Hyderabad,Basic
C08404,Rahul Khan,Kolkata,Premium
C08405,Rahul Das,Chennai,Standard
C08406,Priya Malhotra,Hyderabad,Standard
C08407,Nisha Verma,Lucknow,Standard
C08408,Aditya Das,Kolkata,Premium
C08409,Kavya Gupta,Lucknow,Basic
C08410,Kavya Khan,Pune,Premium
C08411,Rahul Das,Jaipur,Standard
C08412,Rahul Khan,Ahmedabad,Standard
C08413,Raj Mishra,Ahmedabad,Standard
C08414,Vikram Verma,Chennai,Standard
C08415,Vikram Das,Bangalore,Premium
C08416,Ankit Singh,Jaipur,Basic
C08417,Rohan Malhotra,Chennai,Standard
C08418,Neha Reddy,Delhi,Premium
C08419,Karan Sharma,Jaipur,Premium
C08420,Aditya Reddy,Lucknow,Standard
C08421,Ankit Joshi,Kolkata,Basic
C08422,Neha Singh,Chennai,Standard
C08423,Sneha Mehta,Bangalore,Premium
C08424,Pooja Iyer,Kolkata,Premium
C08425,Amit Kapoor,Lucknow,Standard
C08426,Rahul Verma,Pune,Standard
C08427,Rahul Patel,Pune,Premium
C08428,Nisha Mehta,Bangalore,Standard
C08429,Karan Mehta,Mumbai,Standard
C08430,Rahul Singh,Ahmedabad,Basic
C08431,Priya Iyer,Pune,Standard
C08432,Rahul Khan,Hyderabad,Standard
C08433,Nisha Gupta,Kolkata,Basic
C08434,Ankit Sharma,Delhi,Standard
C08435,Neha Joshi,Mumbai,Premium
C08436,Arjun Patel,Delhi,Standard
C08437,Arjun Iyer,Delhi,Standard
C08438,Sneha Sharma,Kolkata,Basic
C08439,Arjun Das,Mumbai,Standard
C08440,Priya Khan,Chennai,Standard
C08441,Amit Patel,Hyderabad,Basic
C08442,Ankit Singh,Ahmedabad,Basic
C08443,Rohan Sharma,Pune,Standard
C08444,Aditya Malhotra,Kolkata,Premium
C08445,Amit Joshi,Kolkata,Basic
C08446,Raj Kapoor,Lucknow,Premium
C08447,Ankit Malhotra,Ahmedabad,Premium
C08448,Pooja Sinha,Delhi,Basic
C08449,Raj Reddy,Lucknow,Basic
C08450,Sneha Mehta,Chennai,Basic
C08451,Sneha Das,Hyderabad,Standard
C08452,Ankit Mehta,Delhi,Basic
C08453,Neha Patel,Kolkata,Basic
C08454,Pooja Kapoor,Chennai,Basic
C08455,Vikram Reddy,Ahmedabad,Standard
C08456,Karan Sharma,Kolkata,Basic
C08457,Arjun Sharma,Bangalore,Premium
C08458,Aditya Malhotra,Ahmedabad,Standard
C08459,Nisha Malhotra,Delhi,Basic
C08460,Rohan Patel,Mumbai,Basic
C08461,Amit Das,Bangalore,Premium
C08462,Rahul Das,Kolkata,Standard
C08463,Arjun Patel,Hyderabad,Premium
C08464,Kavya Mishra,Bangalore,Basic
C08465,Aditya Das,Ahmedabad,Premium
C08466,Nisha Joshi,Bangalore,Premium
C08467,Pooja Mishra,Pune,Standard
C08468,Rohan Sharma,Bangalore,Basic
C08469,Raj Khan,Kolkata,Premium
C08470,Nisha Khan,Pune,Standard
C08471,Sneha Das,Lucknow,Basic
C08472,Priya Singh,Bangalore,Standard
C08473,Arjun Sinha,Hyderabad,Basic
C08474,Raj Malhotra,Bangalore,Premium
C08475,Aditya Reddy,Kolkata,Basic
C08476,Priya Sharma,Bangalore,Premium
C08477,Vikram Khan,Mumbai,Basic
C08478,Amit Singh,Mumbai,Premium
C08479,Sneha Das,Hyderabad,Premium
C08480,Nisha Iyer,Bangalore,Basic
C08481,Rohan Singh,Bangalore,Premium
C08482,Rohan Kapoor,Delhi,Basic
C08483,Pooja Reddy,Bangalore,Basic
C08484,Rahul Iyer,Ahmedabad,Standard
C08485,Kavya Verma,Delhi,Standard
C08486,Kavya Singh,Kolkata,Premium
C08487,Raj Mehta,Mumbai,Standard
C08488,Ankit Mehta,Lucknow,Basic
C08489,Pooja Das,Delhi,Premium
C08490,Karan Patel,Delhi,Premium
C08491,Rahul Malhotra,Pune,Standard
C08492,Neha Patel,Bangalore,Premium
C08493,Nisha Iyer,Pune,Basic
C08494,Aditya Iyer,Bangalore,Premium
C08495,Arjun Kapoor,Ahmedabad,Standard
C08496,Neha Patel,Delhi,Standard
C08497,Raj Malhotra,Jaipur,Basic
C08498,Rahul Mehta,Pune,Standard
C08499,Aditya Kapoor,Mumbai,Standard
C08500,Rahul Patel,Jaipur,Standard
C08501,Rahul Patel,Pune,Premium
C08502,Ankit Das,Kolkata,Premium
C08503,Pooja Reddy,Chennai,Premium
C08504,Vikram Singh,Delhi,Basic
C08505,Kavya Sharma,Ahmedabad,Basic
C08506,Rohan Malhotra,Mumbai,Premium
C08507,Raj Kapoor,Chennai,Premium
C08508,Vikram Joshi,Pune,Standard
C08509,Nisha Iyer,Kolkata,Basic
C08510,Priya Mehta,Ahmedabad,Standard
C08511,Priya Verma,Lucknow,Premium
C08512,Kavya Sinha,Pune,Premium
C08513,Rahul Mishra,Mumbai,Premium
C08514,Aditya Mehta,Hyderabad,Basic
C08515,Vikram Verma,Pune,Standard
C08516,Sneha Malhotra,Delhi,Standard
C08517,Pooja Kapoor,Chennai,Standard
C08518,Pooja Kapoor,Lucknow,Premium
C08519,Amit Reddy,Hyderabad,Basic
C08520,Aditya Iyer,Lucknow,Basic
C08521,Arjun Malhotra,Lucknow,Basic
C08522,Aditya Singh,Lucknow,Premium
C08523,Rohan Das,Jaipur,Standard
C08524,Rahul Das,Lucknow,Standard
C08525,Kavya Verma,Mumbai,Standard
C08526,Pooja Malhotra,Hyderabad,Premium
C08527,Kavya Mehta,Pune,Standard
C08528,Neha Khan,Bangalore,Basic
C08529,Neha Das,Chennai,Standard
C08530,Amit Khan,Delhi,Premium
C08531,Aditya Reddy,Lucknow,Basic
C08532,Raj Sinha,Jaipur,Basic
C08533,Amit Joshi,Delhi,Standard
C08534,Pooja Singh,Jaipur,Standard
C08535,Neha Singh,Mumbai,Premium
C08536,Aditya Gupta,Bangalore,Basic
C08537,Arjun Mehta,Bangalore,Premium
C08538,Raj Patel,Lucknow,Basic
C08539,Aditya Sinha,Chennai,Standard
C08540,Rohan Khan,Bangalore,Standard
C08541,Sneha Malhotra,Ahmedabad,Basic
C08542,Karan Malhotra,Ahmedabad,Premium
C08543,Kavya Reddy,Jaipur,Basic
C08544,Priya Sinha,Bangalore,Premium
C08545,Arjun Reddy,Jaipur,Basic
C08546,Arjun Sharma,Kolkata,Basic
C08547,Karan Mishra,Chennai,Premium
C08548,Sneha Reddy,Mumbai,Standard
C08549,Aditya Gupta,Hyderabad,Basic
C08550,Aditya Singh,Lucknow,Basic
C08551,Ankit Mehta,Chennai,Standard
C08552,Aditya Das,Lucknow,Basic
C08553,Kavya Singh,Pune,Premium
C08554,Nisha Joshi,Kolkata,Basic
C08555,Sneha Joshi,Ahmedabad,Basic
C08556,Rohan Das,Pune,Premium
C08557,Raj Joshi,Jaipur,Premium
C08558,Rahul Mishra,Lucknow,Standard
C08559,Priya Patel,Pune,Premium
C08560,Rahul Mishra,Jaipur,Premium
C08561,Pooja Sinha,Bangalore,Standard
C08562,Amit Mehta,Pune,Premium
C08563,Rahul Gupta,Pune,Standard
C08564,Ankit Sinha,Kolkata,Basic
C08565,Arjun Joshi,Jaipur,Standard
C08566,Rohan Verma,Ahmedabad,Basic
C08567,Raj Reddy,Pune,Standard
C08568,Ankit Iyer,Kolkata,Standard
C08569,Ankit Gupta,Bangalore,Standard
C08570,Arjun Mehta,Chennai,Premium
C08571,Rahul Sharma,Pune,Basic
C08572,Arjun Verma,Jaipur,Standard
C08573,Nisha Reddy,Bangalore,Standard
C08574,Vikram Sharma,Kolkata,Premium
C08575,Sneha Mehta,Kolkata,Standard
C08576,Ankit Gupta,Bangalore,Premium
C08577,Raj Singh,Chennai,Standard
C08578,Amit Iyer,Jaipur,Basic
C08579,Pooja Kapoor,Chennai,Premium
C08580,Priya Iyer,Hyderabad,Premium
C08581,Karan Mehta,Jaipur,Standard
C08582,Rahul Reddy,Hyderabad,Standard
C08583,Kavya Kapoor,Mumbai,Basic
C08584,Amit Kapoor,Mumbai,Premium
C08585,Sneha Patel,Mumbai,Basic
C08586,Rohan Iyer,Chennai,Premium
C08587,Raj Patel,Jaipur,Basic
C08588,Sneha Sharma,Bangalore,Premium
C08589,Nisha Malhotra,Kolkata,Basic
C08590,Rahul Reddy,Lucknow,Basic
C08591,Karan Patel,Mumbai,Basic
C08592,Nisha Mishra,Chennai,Basic
C08593,Amit Patel,Chennai,Basic
C08594,Pooja Sharma,Lucknow,Standard
C08595,Vikram Gupta,Lucknow,Standard
C08596,Pooja Kapoor,Lucknow,Standard
C08597,Priya Mishra,Chennai,Standard
C08598,Priya Reddy,Chennai,Premium
C08599,Neha Verma,Pune,Basic
C08600,Rohan Reddy,Mumbai,Standard
C08601,Ankit Sinha,Mumbai,Standard
C08602,Neha Verma,Pune,Basic
C08603,Arjun Singh,Jaipur,Premium
C08604,Pooja Verma,Ahmedabad,Basic
C08605,Vikram Patel,Lucknow,Standard
C08606,Vikram Sharma,Kolkata,Basic
C08607,Kavya Joshi,Jaipur,Premium
C08608,Priya Joshi,Pune,Premium
C08609,Priya Malhotra,Lucknow,Standard
C08610,Rohan Khan,Mumbai,Premium
C08611,Amit Verma,Jaipur,Basic
C08612,Nisha Khan,Kolkata,Basic
C08613,Rohan Das,Mumbai,Standard
C08614,Neha Mishra,Chennai,Premium
C08615,Rahul Patel,Delhi,Basic
C08616,Aditya Kapoor,Ahmedabad,Standard
C08617,Rohan Reddy,Pune,Standard
C08618,Ankit Das,Kolkata,Premium
C08619,Vikram Singh,Delhi,Basic
C08620,Raj Mehta,Chennai,Basic
C08621,Karan Malhotra,Bangalore,Premium
C08622,Rahul Reddy,Jaipur,Basic
C08623,Priya Mishra,Lucknow,Standard
C08624,Nisha Joshi,Jaipur,Standard
C08625,Aditya Reddy,Chennai,Premium
C08626,Pooja Mehta,Bangalore,Premium
C08627,Vikram Iyer,Hyderabad,Premium
C08628,Raj Mehta,Mumbai,Basic
C08629,Vikram Verma,Jaipur,Standard
C08630,Aditya Das,Chennai,Premium
C08631,Arjun Mehta,Ahmedabad,Standard
C08632,Raj Reddy,Hyderabad,Premium
C08633,Kavya Kapoor,Hyderabad,Basic
C08634,Rahul Mehta,Pune,Premium
C08635,Kavya Das,Hyderabad,Basic
C08636,Vikram Sinha,Delhi,Standard
C08637,Amit Iyer,Jaipur,Premium
C08638,Arjun Reddy,Jaipur,Premium
C08639,Rohan Iyer,Bangalore,Standard
C08640,Kavya Verma,Kolkata,Basic
C08641,Rohan Mehta,Lucknow,Basic
C08642,Pooja Mishra,Mumbai,Standard
C08643,Raj Khan,Hyderabad,Premium
C08644,Arjun Malhotra,Bangalore,Premium
C08645,Vikram Kapoor,Delhi,Standard
C08646,Pooja Reddy,Lucknow,Premium
C08647,Priya Sinha,Bangalore,Premium
C08648,Arjun Joshi,Lucknow,Premium
C08649,Rahul Malhotra,Pune,Standard
C08650,Kavya Singh,Jaipur,Basic
C08651,Vikram Kapoor,Mumbai,Basic
C08652,Raj Reddy,Chennai,Standard
C08653,Arjun Das,Kolkata,Basic
C08654,Rohan Gupta,Ahmedabad,Standard
C08655,Arjun Verma,Kolkata,Premium
C08656,Pooja Reddy,Delhi,Basic
C08657,Karan Das,Mumbai,Standard
C08658,Aditya Patel,Ahmedabad,Basic
C08659,Amit Verma,Lucknow,Premium
C08660,Ankit Kapoor,Lucknow,Premium
C08661,Karan Das,Chennai,Standard
C08662,Karan Das,Pune,Premium
C08663,Sneha Mishra,Jaipur,Premium
C08664,Karan Singh,Jaipur,Basic
C08665,Arjun Mehta,Hyderabad,Basic
C08666,Rahul Mishra,Bangalore,Premium
C08667,Vikram Kapoor,Pune,Premium
C08668,Priya Patel,Lucknow,Standard
C08669,Vikram Gupta,Bangalore,Premium
C08670,Raj Joshi,Lucknow,Premium
C08671,Vikram Mishra,Kolkata,Basic
C08672,Amit Reddy,Jaipur,Premium
C08673,Priya Sinha,Lucknow,Basic
C08674,Nisha Reddy,Jaipur,Basic
C08675,Sneha Mishra,Delhi,Basic
C08676,Nisha Khan,Mumbai,Basic
C08677,Kavya Kapoor,Mumbai,Standard
C08678,Sneha Malhotra,Lucknow,Premium
C08679,Kavya Gupta,Mumbai,Standard
C08680,Pooja Khan,Hyderabad,Standard
C08681,Nisha Khan,Lucknow,Basic
C08682,Priya Mehta,Jaipur,Basic
C08683,Raj Patel,Hyderabad,Standard
C08684,Raj Malhotra,Jaipur,Basic
C08685,Raj Mishra,Pune,Basic
C08686,Rohan Das,Ahmedabad,Premium
C08687,Neha Malhotra,Kolkata,Premium
C08688,Sneha Kapoor,Kolkata,Standard
C08689,Karan Das,Pune,Basic
C08690,Nisha Malhotra,Hyderabad,Premium
C08691,Ankit Verma,Ahmedabad,Premium
C08692,Nisha Kapoor,Ahmedabad,Premium
C08693,Aditya Gupta,Bangalore,Basic
C08694,Raj Sinha,Hyderabad,Premium
C08695,Ankit Verma,Kolkata,Basic
C08696,Rahul Joshi,Kolkata,Standard
C08697,Vikram Sinha,Mumbai,Standard
C08698,Priya Joshi,Delhi,Basic
C08699,Arjun Das,Lucknow,Basic
C08700,Raj Malhotra,Hyderabad,Basic
C08701,Rohan Malhotra,Chennai,Standard
C08702,Rahul Singh,Kolkata,Basic
C08703,Karan Patel,Delhi,Premium
C08704,Rohan Gupta,Chennai,Standard
C08705,Rahul Joshi,Delhi,Premium
C08706,Raj Patel,Kolkata,Premium
C08707,Neha Mehta,Jaipur,Standard
C08708,Amit Verma,Pune,Basic
C08709,Pooja Gupta,Mumbai,Basic
C08710,Vikram Kapoor,Ahmedabad,Basic
C08711,Arjun Reddy,Mumbai,Premium
C08712,Neha Joshi,Chennai,Basic
C08713,Rohan Verma,Pune,Basic
C08714,Rohan Singh,Pune,Standard
C08715,Pooja Iyer,Chennai,Premium
C08716,Raj Iyer,Hyderabad,Standard
C08717,Aditya Mishra,Pune,Standard
C08718,Kavya Sharma,Delhi,Standard
C08719,Neha Khan,Lucknow,Standard
C08720,Arjun Patel,Ahmedabad,Basic
C08721,Vikram Patel,Delhi,Standard
C08722,Pooja Kapoor,Kolkata,Standard
C08723,Aditya Sinha,Bangalore,Basic
C08724,Raj Malhotra,Bangalore,Basic
C08725,Arjun Patel,Delhi,Basic
C08726,Sneha Reddy,Hyderabad,Basic
C08727,Rahul Khan,Lucknow,Premium
C08728,Ankit Reddy,Kolkata,Basic
C08729,Vikram Singh,Bangalore,Premium
C08730,Neha Khan,Chennai,Premium
C08731,Sneha Mishra,Kolkata,Premium
C08732,Karan Verma,Chennai,Basic
C08733,Neha Das,Pune,Standard
C08734,Rahul Kapoor,Hyderabad,Standard
C08735,Rohan Iyer,Pune,Standard
C08736,Aditya Singh,Pune,Premium
C08737,Aditya Gupta,Kolkata,Basic
C08738,Vikram Das,Kolkata,Basic
C08739,Rohan Joshi,Delhi,Basic
C08740,Arjun Singh,Lucknow,Premium
C08741,Sneha Gupta,Ahmedabad,Premium
C08742,Ankit Sharma,Bangalore,Premium
C08743,Amit Reddy,Delhi,Standard
C08744,Pooja Reddy,Delhi,Basic
C08745,Kavya Singh,Delhi,Premium
C08746,Nisha Iyer,Chennai,Standard
C08747,Vikram Kapoor,Pune,Basic
C08748,Raj Sharma,Lucknow,Standard
C08749,Kavya Reddy,Hyderabad,Basic
C08750,Arjun Iyer,Ahmedabad,Standard
C08751,Rahul Malhotra,Bangalore,Basic
C08752,Nisha Malhotra,Bangalore,Basic
C08753,Sneha Singh,Hyderabad,Premium
C08754,Nisha Sinha,Mumbai,Premium
C08755,Sneha Mishra,Kolkata,Basic
C08756,Rahul Das,Lucknow,Standard
C08757,Aditya Mishra,Bangalore,Premium
C08758,Karan Sinha,Hyderabad,Standard
C08759,Sneha Kapoor,Ahmedabad,Premium
C08760,Pooja Malhotra,Pune,Standard
C08761,Sneha Mehta,Delhi,Premium
C08762,Priya Verma,Pune,Premium
C08763,Rohan Khan,Mumbai,Premium
C08764,Nisha Mishra,Bangalore,Premium
C08765,Vikram Malhotra,Hyderabad,Standard
C08766,Pooja Das,Jaipur,Premium
C08767,Amit Sinha,Hyderabad,Basic
C08768,Arjun Mehta,Jaipur,Premium
C08769,Raj Mehta,Ahmedabad,Standard
C08770,Pooja Malhotra,Mumbai,Premium
C08771,Arjun Mishra,Ahmedabad,Basic
C08772,Amit Verma,Bangalore,Basic
C08773,Rohan Singh,Pune,Premium
C08774,Rohan Singh,Mumbai,Basic
C08775,Priya Patel,Hyderabad,Standard
C08776,Amit Kapoor,Chennai,Standard
C08777,Raj Verma,Pune,Standard
C08778,Priya Mishra,Pune,Premium
C08779,Amit Reddy,Pune,Premium
C08780,Arjun Iyer,Bangalore,Standard
C08781,Neha Gupta,Lucknow,Basic
C08782,Nisha Iyer,Kolkata,Basic
C08783,Raj Joshi,Pune,Basic
C08784,Vikram Verma,Kolkata,Basic
C08785,Nisha Khan,Bangalore,Standard
C08786,Vikram Kapoor,Pune,Standard
C08787,Nisha Gupta,Chennai,Basic
C08788,Rahul Sharma,Hyderabad,Basic
C08789,Ankit Sharma,Bangalore,Basic
C08790,Nisha Verma,Kolkata,Premium
C08791,Aditya Malhotra,Hyderabad,Standard
C08792,Nisha Singh,Chennai,Basic
C08793,Sneha Kapoor,Bangalore,Premium
C08794,Karan Sinha,Jaipur,Premium
C08795,Pooja Sharma,Chennai,Standard
C08796,Nisha Patel,Hyderabad,Premium
C08797,Rohan Sinha,Kolkata,Standard
C08798,Sneha Malhotra,Delhi,Standard
C08799,Vikram Kapoor,Chennai,Basic
C08800,Kavya Patel,Bangalore,Standard
C08801,Amit Gupta,Chennai,Basic
C08802,Nisha Das,Ahmedabad,Basic
C08803,Karan Kapoor,Lucknow,Standard
C08804,Neha Gupta,Bangalore,Basic
C08805,Rahul Singh,Mumbai,Basic
C08806,Ankit Singh,Hyderabad,Standard
C08807,Arjun Joshi,Pune,Standard
C08808,Amit Reddy,Hyderabad,Premium
C08809,Aditya Reddy,Kolkata,Basic
C08810,Rahul Sharma,Delhi,Basic
C08811,Aditya Reddy,Ahmedabad,Premium
C08812,Amit Singh,Hyderabad,Basic
C08813,Amit Verma,Delhi,Premium
C08814,Rohan Patel,Pune,Standard
C08815,Karan Mehta,Bangalore,Basic
C08816,Amit Iyer,Mumbai,Standard
C08817,Nisha Reddy,Delhi,Basic
C08818,Arjun Gupta,Mumbai,Basic
C08819,Vikram Mehta,Jaipur,Standard
C08820,Sneha Singh,Bangalore,Standard
C08821,Nisha Kapoor,Mumbai,Standard
C08822,Vikram Reddy,Mumbai,Premium
C08823,Kavya Mehta,Lucknow,Basic
C08824,Neha Patel,Delhi,Standard
C08825,Rohan Khan,Hyderabad,Premium
C08826,Sneha Sharma,Mumbai,Premium
C08827,Neha Sharma,Bangalore,Basic
C08828,Sneha Mishra,Kolkata,Basic
C08829,Aditya Verma,Mumbai,Basic
C08830,Ankit Sinha,Bangalore,Premium
C08831,Rohan Malhotra,Delhi,Premium
C08832,Rohan Iyer,Bangalore,Premium
C08833,Sneha Mehta,Ahmedabad,Premium
C08834,Amit Verma,Delhi,Standard
C08835,Ankit Malhotra,Lucknow,Basic
C08836,Priya Sharma,Delhi,Standard
C08837,Sneha Sinha,Hyderabad,Premium
C08838,Kavya Malhotra,Jaipur,Premium
C08839,Priya Khan,Bangalore,Standard
C08840,Rahul Sharma,Kolkata,Premium
C08841,Kavya Das,Bangalore,Premium
C08842,Vikram Khan,Mumbai,Standard
C08843,Sneha Khan,Mumbai,Premium
C08844,Vikram Malhotra,Lucknow,Premium
C08845,Kavya Gupta,Delhi,Premium
C08846,Rohan Reddy,Chennai,Premium
C08847,Neha Das,Delhi,Premium
C08848,Neha Joshi,Bangalore,Standard
C08849,Priya Reddy,Pune,Premium
C08850,Nisha Patel,Bangalore,Premium
C08851,Aditya Das,Chennai,Standard
C08852,Kavya Mishra,Pune,Basic
C08853,Rohan Verma,Bangalore,Premium
C08854,Rohan Khan,Jaipur,Standard
C08855,Rohan Iyer,Chennai,Basic
C08856,Arjun Mehta,Mumbai,Premium
C08857,Rohan Das,Jaipur,Standard
C08858,Sneha Patel,Chennai,Premium
C08859,Aditya Sharma,Lucknow,Standard
C08860,Neha Mehta,Ahmedabad,Basic
C08861,Vikram Kapoor,Hyderabad,Standard
C08862,Vikram Das,Jaipur,Basic
C08863,Vikram Verma,Bangalore,Basic
C08864,Arjun Mishra,Hyderabad,Standard
C08865,Sneha Mishra,Delhi,Standard
C08866,Aditya Khan,Pune,Standard
C08867,Ankit Mishra,Kolkata,Basic
C08868,Kavya Gupta,Chennai,Standard
C08869,Nisha Sinha,Pune,Premium
C08870,Ankit Iyer,Hyderabad,Basic
C08871,Karan Sharma,Lucknow,Standard
C08872,Sneha Singh,Delhi,Standard
C08873,Arjun Iyer,Kolkata,Premium
C08874,Neha Mehta,Lucknow,Basic
C08875,Ankit Khan,Chennai,Standard
C08876,Nisha Singh,Pune,Standard
C08877,Aditya Verma,Hyderabad,Standard
C08878,Neha Reddy,Lucknow,Basic
C08879,Aditya Malhotra,Pune,Premium
C08880,Nisha Joshi,Lucknow,Basic
C08881,Raj Verma,Hyderabad,Premium
C08882,Rohan Patel,Pune,Standard
C08883,Raj Das,Bangalore,Standard
C08884,Amit Verma,Ahmedabad,Premium
C08885,Priya Joshi,Ahmedabad,Basic
C08886,Aditya Sinha,Pune,Premium
C08887,Aditya Joshi,Jaipur,Premium
C08888,Ankit Singh,Hyderabad,Basic
C08889,Rohan Mehta,Jaipur,Standard
C08890,Karan Malhotra,Pune,Premium
C08891,Vikram Das,Mumbai,Standard
C08892,Nisha Gupta,Pune,Basic
C08893,Karan Khan,Chennai,Basic
C08894,Arjun Das,Hyderabad,Basic
C08895,Pooja Iyer,Jaipur,Basic
C08896,Amit Mehta,Delhi,Standard
C08897,Kavya Patel,Jaipur,Premium
C08898,Amit Mehta,Jaipur,Basic
C08899,Neha Malhotra,Ahmedabad,Premium
C08900,Rahul Patel,Mumbai,Standard
C08901,Nisha Patel,Ahmedabad,Premium
C08902,Sneha Sharma,Ahmedabad,Basic
C08903,Priya Iyer,Mumbai,Premium
C08904,Rohan Reddy,Lucknow,Standard
C08905,Kavya Kapoor,Jaipur,Basic
C08906,Rahul Reddy,Bangalore,Standard
C08907,Aditya Singh,Lucknow,Premium
C08908,Amit Khan,Delhi,Standard
C08909,Sneha Iyer,Hyderabad,Basic
C08910,Nisha Singh,Ahmedabad,Standard
C08911,Priya Verma,Chennai,Premium
C08912,Aditya Das,Bangalore,Standard
C08913,Kavya Malhotra,Chennai,Standard
C08914,Nisha Mehta,Hyderabad,Premium
C08915,Pooja Gupta,Ahmedabad,Premium
C08916,Aditya Sinha,Lucknow,Basic
C08917,Vikram Sinha,Chennai,Premium
C08918,Neha Mehta,Lucknow,Standard
C08919,Karan Mishra,Delhi,Basic
C08920,Amit Khan,Pune,Basic
C08921,Raj Mehta,Chennai,Basic
C08922,Arjun Gupta,Lucknow,Standard
C08923,Arjun Joshi,Mumbai,Standard
C08924,Vikram Sinha,Jaipur,Premium
C08925,Neha Verma,Hyderabad,Basic
C08926,Amit Sharma,Delhi,Standard
C08927,Amit Khan,Kolkata,Basic
C08928,Rahul Gupta,Pune,Basic
C08929,Neha Das,Lucknow,
C08930,Aditya Das,Mumbai,Premium
C08931,Neha Patel,Hyderabad,Standard
C08932,Rohan Patel,Ahmedabad,Basic
C08933,Sneha Mishra,Ahmedabad,Basic
C08934,Nisha Patel,Chennai,Basic
C08935,Nisha Gupta,Chennai,Premium
C08936,Kavya Das,,Basic
C08937,Rohan Gupta,Mumbai,Premium
C08938,Kavya Mehta,Ahmedabad,Basic
C08939,Neha Sharma,Delhi,Standard
C08940,Raj Reddy,Delhi,Premium
C08941,Sneha Sharma,Chennai,Basic
C08942,Vikram Malhotra,Lucknow,Basic
C08943,Vikram Gupta,Mumbai,Premium
C08944,Kavya Singh,Bangalore,Premium
C08945,Priya Reddy,Jaipur,Standard
C08946,Kavya Mehta,Delhi,Standard
C08947,Raj Reddy,Mumbai,Basic
C08948,Amit Sinha,Lucknow,Basic
C08949,Rahul Patel,Chennai,Premium
C08950,Amit Mishra,Hyderabad,Standard
C08951,Karan Sinha,Kolkata,Standard
C08952,Karan Singh,Bangalore,Premium
C08953,Neha Verma,Hyderabad,Premium
C08954,Sneha Sharma,Ahmedabad,Basic
C08955,Vikram Gupta,Ahmedabad,Basic
C08956,Amit Patel,Jaipur,Standard
C08957,Rahul Gupta,Kolkata,Standard
C08958,Amit Mishra,Delhi,Standard
C08959,Amit Patel,Bangalore,Basic
C08960,Amit Das,Chennai,Premium
C08961,Priya Singh,Ahmedabad,Basic
C08962,Kavya Sharma,Bangalore,Basic
C08963,Karan Iyer,Delhi,Standard
C08964,Amit Gupta,Bangalore,Basic
C08965,Arjun Mishra,Chennai,Standard
C08966,Priya Sinha,Ahmedabad,Basic
C08967,Amit Iyer,Lucknow,Premium
C08968,Sneha Kapoor,Jaipur,Standard
C08969,Arjun Mehta,Chennai,Standard
C08970,Neha Das,Delhi,Premium
C08971,Karan Iyer,Delhi,Premium
C08972,Raj Joshi,Ahmedabad,Standard
C08973,Pooja Gupta,Pune,Premium
C08974,Nisha Das,Chennai,Premium
C08975,Neha Joshi,Bangalore,Premium
C08976,Ankit Singh,Mumbai,Premium
C08977,Aditya Patel,Delhi,Standard
C08978,Neha Verma,Mumbai,Standard
C08979,Pooja Joshi,Pune,Basic
C08980,Priya Mehta,Delhi,Standard
C08981,Karan Singh,Kolkata,Standard
C08982,Priya Verma,Bangalore,Basic
C08983,Arjun Malhotra,Chennai,Premium
C08984,Rahul Khan,Kolkata,Standard
C08985,Arjun Malhotra,Delhi,Basic
C08986,Arjun Das,Jaipur,Basic
C08987,Aditya Das,Chennai,Basic
C08988,Karan Sinha,Kolkata,Standard
C08989,Sneha Das,Chennai,Basic
C08990,Pooja Das,Hyderabad,Premium
C08991,Rahul Verma,Delhi,Basic
C08992,Vikram Malhotra,Kolkata,Standard
C08993,Arjun Verma,Pune,Premium
C08994,Ankit Verma,Jaipur,Standard
C08995,Raj Khan,Bangalore,Standard
C08996,Vikram Malhotra,Delhi,Standard
C08997,Priya Mehta,Pune,Premium
C08998,Nisha Joshi,Kolkata,Standard
C08999,Ankit Sharma,Chennai,Standard
C09000,Kavya Sharma,Ahmedabad,Premium
C09001,Vikram Sharma,Delhi,Standard
C09002,Kavya Joshi,Chennai,Premium
C09003,Kavya Patel,Mumbai,Standard
C09004,Karan Joshi,Pune,Premium
C09005,Rohan Sharma,Jaipur,Standard
C09006,Nisha Iyer,Delhi,Premium
C09007,Rahul Joshi,Pune,Standard
C09008,Karan Das,Mumbai,Basic
C09009,Rohan Iyer,Delhi,Standard
C09010,Priya Reddy,Bangalore,Premium
C09011,Arjun Mehta,Bangalore,Premium
C09012,Karan Malhotra,Delhi,Premium
C09013,Ankit Mishra,Bangalore,Premium
C09014,Neha Khan,Jaipur,Premium
C09015,Priya Khan,Jaipur,Premium
C09016,Rohan Sharma,Jaipur,Standard
C09017,Arjun Verma,Bangalore,Basic
C09018,Neha Verma,Lucknow,Basic
C09019,Pooja Singh,Mumbai,Premium
C09020,Rohan Gupta,Mumbai,Basic
C09021,Nisha Reddy,Chennai,Standard
C09022,Pooja Iyer,Delhi,Premium
C09023,Ankit Sinha,Delhi,Basic
C09024,Amit Sinha,Hyderabad,Standard
C09025,Vikram Sharma,Kolkata,Premium
C09026,Ankit Iyer,Ahmedabad,Premium
C09027,Priya Iyer,Jaipur,Basic
C09028,Priya Sinha,Mumbai,Standard
C09029,Rohan Gupta,Kolkata,Standard
C09030,Karan Sharma,Lucknow,Standard
C09031,Karan Patel,Mumbai,Premium
C09032,Raj Reddy,Mumbai,Premium
C09033,Rahul Sinha,Chennai,Premium
C09034,Pooja Singh,Kolkata,Premium
C09035,Rohan Gupta,Lucknow,Standard
C09036,Kavya Iyer,Bangalore,Basic
C09037,Nisha Sinha,Delhi,Basic
C09038,Rohan Singh,Ahmedabad,Basic
C09039,Sneha Iyer,Ahmedabad,Standard
C09040,Aditya Sinha,Bangalore,Basic
C09041,Rahul Khan,Delhi,Basic
C09042,Karan Joshi,Jaipur,Basic
C09043,Neha Sharma,Pune,Premium
C09044,Nisha Verma,Ahmedabad,Basic
C09045,Vikram Malhotra,Mumbai,Basic
C09046,Neha Kapoor,Jaipur,Basic
C09047,Nisha Gupta,Bangalore,Premium
C09048,Neha Mishra,Lucknow,Basic
C09049,Raj Malhotra,Ahmedabad,Standard
C09050,Raj Sinha,Hyderabad,Basic
C09051,Sneha Das,Lucknow,Premium
C09052,Ankit Mishra,Kolkata,Basic
C09053,Ankit Verma,Ahmedabad,Standard
C09054,Pooja Das,Chennai,Basic
C09055,Nisha Sharma,Jaipur,Standard
C09056,Priya Das,Mumbai,Standard
C09057,Pooja Mehta,Lucknow,Basic
C09058,Rahul Malhotra,Chennai,Standard
C09059,Raj Khan,Jaipur,Basic
C09060,Nisha Reddy,Pune,Premium
C09061,Sneha Gupta,Mumbai,Standard
C09062,Ankit Mehta,Ahmedabad,Premium
C09063,Neha Kapoor,Chennai,Standard
C09064,Arjun Sinha,Mumbai,Premium
C09065,Sneha Verma,Bangalore,Standard
C09066,Sneha Gupta,Hyderabad,Standard
C09067,Vikram Reddy,Delhi,Standard
C09068,Pooja Sinha,Jaipur,Premium
C09069,Priya Verma,Hyderabad,Basic
C09070,Rahul Reddy,Chennai,Premium
C09071,Arjun Malhotra,Pune,Basic
C09072,Pooja Khan,Lucknow,Standard
C09073,Rohan Singh,Chennai,Standard
C09074,Nisha Mishra,Ahmedabad,Premium
C09075,Ankit Iyer,Mumbai,Basic
C09076,Rohan Joshi,Bangalore,Premium
C09077,Aditya Khan,Chennai,Premium
C09078,Neha Singh,Jaipur,Premium
C09079,Nisha Sharma,Chennai,Premium
C09080,Arjun Malhotra,Bangalore,Standard
C09081,Amit Malhotra,Kolkata,Standard
C09082,Neha Mishra,Pune,Basic
C09083,Amit Verma,Jaipur,Standard
C09084,Ankit Kapoor,Chennai,Basic
C09085,Raj Sharma,Pune,Premium
C09086,Kavya Kapoor,Lucknow,Standard
C09087,Rahul Khan,Chennai,Premium
C09088,Ankit Kapoor,Mumbai,Premium
C09089,Nisha Patel,Hyderabad,Basic
C09090,Priya Das,Kolkata,Basic
C09091,Pooja Singh,Kolkata,Premium
C09092,Raj Patel,Delhi,Standard
C09093,Vikram Reddy,Bangalore,Basic
C09094,Sneha Patel,Mumbai,Standard
C09095,Rahul Sinha,Bangalore,Basic
C09096,Sneha Mehta,Bangalore,Basic
C09097,Pooja Das,Delhi,Standard
C09098,Priya Gupta,Ahmedabad,Standard
C09099,Priya Das,Bangalore,Premium
C09100,Rahul Singh,Delhi,Standard
C09101,Arjun Reddy,Bangalore,Premium
C09102,Ankit Joshi,Hyderabad,Basic
C09103,Priya Sinha,Pune,Standard
C09104,Pooja Patel,Ahmedabad,Premium
C09105,Sneha Patel,Bangalore,Standard
C09106,Nisha Sharma,Hyderabad,Premium
C09107,Kavya Patel,Lucknow,Premium
C09108,Karan Sharma,Chennai,Basic
C09109,Nisha Mishra,Kolkata,Premium
C09110,Priya Khan,Mumbai,Standard
C09111,Amit Joshi,Lucknow,Premium
C09112,Amit Das,Hyderabad,Basic
C09113,Neha Patel,Kolkata,Basic
C09114,Neha Kapoor,Lucknow,Standard
C09115,Amit Das,Mumbai,Premium
C09116,Rahul Joshi,Mumbai,Premium
C09117,Aditya Das,Kolkata,Standard
C09118,Amit Mehta,Bangalore,Premium
C09119,Kavya Verma,Pune,Basic
C09120,Aditya Joshi,Chennai,Basic
C09121,Arjun Gupta,Jaipur,Basic
C09122,Ankit Verma,Lucknow,Standard
C09123,Rahul Malhotra,Ahmedabad,Basic
C09124,Pooja Iyer,Bangalore,Premium
C09125,Rahul Singh,Kolkata,Basic
C09126,Nisha Patel,Bangalore,Basic
C09127,Neha Gupta,Pune,Basic
C09128,Vikram Kapoor,Ahmedabad,Basic
C09129,Nisha Gupta,Chennai,Standard
C09130,Sneha Singh,Ahmedabad,Basic
C09131,Rohan Mishra,Hyderabad,Standard
C09132,Rahul Iyer,Delhi,Basic
C09133,Rohan Iyer,Kolkata,Premium
C09134,Vikram Das,Delhi,Premium
C09135,Vikram Kapoor,Ahmedabad,Standard
C09136,Sneha Malhotra,Pune,Standard
C09137,Rahul Verma,Bangalore,Basic
C09138,Arjun Joshi,Pune,Premium
C09139,Priya Sharma,Lucknow,Premium
C09140,Karan Gupta,Kolkata,Standard
C09141,Karan Sharma,Pune,Basic
C09142,Amit Iyer,Lucknow,Premium
C09143,Priya Khan,Hyderabad,Premium
C09144,Vikram Gupta,Pune,Standard
C09145,Vikram Reddy,Ahmedabad,Premium
C09146,Sneha Joshi,Ahmedabad,Basic
C09147,Sneha Patel,Kolkata,Premium
C09148,Priya Khan,Hyderabad,Basic
C09149,Arjun Gupta,Jaipur,Standard
C09150,Pooja Khan,Delhi,Premium
C09151,Sneha Mishra,Jaipur,Basic
C09152,Rohan Joshi,Jaipur,Standard
C09153,Sneha Patel,Ahmedabad,Premium
C09154,Amit Singh,Bangalore,Basic
C09155,Rohan Patel,Mumbai,Premium
C09156,Rahul Malhotra,Hyderabad,Standard
C09157,Kavya Verma,Hyderabad,Basic
C09158,Nisha Reddy,Lucknow,Basic
C09159,Priya Mishra,Hyderabad,Basic
C09160,Aditya Gupta,Hyderabad,Premium
C09161,Rohan Mehta,Kolkata,Basic
C09162,Vikram Joshi,Jaipur,Standard
C09163,Sneha Das,Hyderabad,Premium
C09164,Arjun Iyer,Jaipur,Basic
C09165,Rohan Gupta,Ahmedabad,Basic
C09166,Karan Patel,Ahmedabad,Standard
C09167,Ankit Das,Delhi,Standard
C09168,Raj Patel,Jaipur,Premium
C09169,Rahul Gupta,Delhi,Standard
C09170,Vikram Mishra,Mumbai,Standard
C09171,Nisha Verma,Bangalore,Basic
C09172,Sneha Mehta,Chennai,Premium
C09173,Sneha Kapoor,Hyderabad,Standard
C09174,Amit Iyer,Bangalore,Standard
C09175,Priya Singh,Kolkata,Standard
C09176,Neha Iyer,Hyderabad,Standard
C09177,Kavya Verma,Pune,Standard
C09178,Raj Iyer,Pune,Basic
C09179,Arjun Mehta,Chennai,Basic
C09180,Arjun Reddy,Chennai,Basic
C09181,Sneha Khan,Bangalore,Standard
C09182,Kavya Iyer,Lucknow,Standard
C09183,Aditya Verma,Delhi,Premium
C09184,Rohan Mehta,Bangalore,Standard
C09185,Rahul Mehta,Lucknow,Premium
C09186,Pooja Mehta,Kolkata,Standard
C09187,Karan Sinha,Kolkata,Premium
C09188,Priya Mishra,Mumbai,Standard
C09189,Nisha Khan,Ahmedabad,Standard
C09190,Aditya Kapoor,Bangalore,Basic
C09191,Neha Malhotra,Kolkata,Basic
C09192,Rahul Das,Ahmedabad,Basic
C09193,Nisha Patel,Chennai,Basic
C09194,Raj Singh,Bangalore,Premium
C09195,Priya Das,Delhi,Standard
C09196,Sneha Mishra,,Premium
C09197,Priya Khan,Hyderabad,Standard
C09198,Raj Kapoor,Ahmedabad,Basic
C09199,Kavya Malhotra,Mumbai,Standard
C09200,Raj Verma,Ahmedabad,Basic
C09201,Pooja Kapoor,Bangalore,Standard
C09202,Amit Mishra,Jaipur,Standard
C09203,Aditya Joshi,Mumbai,Standard
C09204,Rahul Patel,Hyderabad,Basic
C09205,Pooja Reddy,Bangalore,Premium
C09206,Rohan Kapoor,Jaipur,Basic
C09207,Kavya Khan,Hyderabad,Premium
C09208,Arjun Joshi,Bangalore,Basic
C09209,Rahul Sinha,Lucknow,Basic
C09210,Aditya Singh,Kolkata,Premium
C09211,Aditya Sinha,Pune,Standard
C09212,Sneha Iyer,Ahmedabad,Premium
C09213,Sneha Patel,Pune,Basic
C09214,Neha Joshi,Bangalore,Basic
C09215,Sneha Patel,Mumbai,Premium
C09216,Amit Khan,Bangalore,Premium
C09217,Kavya Mishra,Mumbai,Basic
C09218,Vikram Reddy,Chennai,Basic
C09219,Raj Singh,Bangalore,Standard
C09220,Kavya Singh,Jaipur,Premium
C09221,Neha Iyer,Hyderabad,Standard
C09222,Kavya Kapoor,Lucknow,Standard
C09223,Rahul Iyer,Jaipur,Premium
C09224,Aditya Reddy,Lucknow,Standard
C09225,Arjun Malhotra,Delhi,Basic
C09226,Neha Mehta,Mumbai,Standard
C09227,Vikram Joshi,Chennai,Basic
C09228,Raj Singh,Pune,Basic
C09229,Priya Sharma,Jaipur,Standard
C09230,Raj Mehta,Chennai,Basic
C09231,Aditya Mishra,Mumbai,Premium
C09232,Kavya Patel,Bangalore,Standard
C09233,Pooja Verma,Delhi,Basic
C09234,Raj Patel,Kolkata,Premium
C09235,Kavya Joshi,Mumbai,Premium
C09236,Amit Sinha,Kolkata,Standard
C09237,Sneha Gupta,Ahmedabad,Standard
C09238,Nisha Sinha,Jaipur,Basic
C09239,Aditya Sinha,Mumbai,Basic
C09240,Raj Sharma,Hyderabad,Basic
C09241,Aditya Reddy,Lucknow,Basic
C09242,Nisha Malhotra,Mumbai,Standard
C09243,Rohan Joshi,Delhi,Premium
C09244,Rohan Sharma,Chennai,Premium
C09245,Amit Verma,Pune,Standard
C09246,Raj Reddy,Kolkata,Premium
C09247,Vikram Patel,Kolkata,Premium
C09248,Karan Joshi,Delhi,Standard
C09249,Karan Joshi,Hyderabad,Standard
C09250,Rohan Kapoor,Kolkata,Standard
C09251,Karan Sharma,Hyderabad,Premium
C09252,Pooja Joshi,Mumbai,Premium
C09253,Raj Mehta,Jaipur,Standard
C09254,Sneha Singh,Ahmedabad,Premium
C09255,Arjun Mishra,Ahmedabad,Basic
C09256,Rohan Sharma,Delhi,Basic
C09257,Rahul Khan,Ahmedabad,Basic
C09258,Amit Mehta,Lucknow,Basic
C09259,Aditya Reddy,Hyderabad,Standard
C09260,Aditya Gupta,Pune,Premium
C09261,Amit Verma,Jaipur,Standard
C09262,Sneha Iyer,Jaipur,Standard
C09263,Amit Gupta,Lucknow,Basic
C09264,Arjun Mishra,Pune,Standard
C09265,Ankit Das,Jaipur,Premium
C09266,Vikram Patel,Bangalore,Standard
C09267,Amit Kapoor,Mumbai,Basic
C09268,Ankit Mishra,Mumbai,Standard
C09269,Karan Patel,Kolkata,Premium
C09270,Rohan Verma,Jaipur,Premium
C09271,Pooja Verma,Pune,Standard
C09272,Arjun Malhotra,Bangalore,Basic
C09273,Ankit Patel,Kolkata,Premium
C09274,Neha Das,Lucknow,Basic
C09275,Priya Singh,Bangalore,Standard
C09276,Sneha Joshi,Bangalore,Premium
C09277,Arjun Sinha,Ahmedabad,Standard
C09278,Karan Sharma,Delhi,Basic
C09279,Ankit Reddy,Chennai,Standard
C09280,Sneha Reddy,Ahmedabad,Basic
C09281,Kavya Patel,Mumbai,Premium
C09282,Rahul Khan,Jaipur,Standard
C09283,Neha Khan,Ahmedabad,Premium
C09284,Arjun Iyer,Pune,Standard
C09285,Pooja Reddy,Hyderabad,Standard
C09286,Ankit Gupta,Kolkata,Basic
C09287,Aditya Sharma,Bangalore,Standard
C09288,Priya Mishra,Jaipur,Standard
C09289,Rohan Mehta,Delhi,Premium
C09290,Rahul Iyer,Jaipur,Standard
C09291,Kavya Patel,Mumbai,Basic
C09292,Raj Das,Ahmedabad,Premium
C09293,Raj Malhotra,Mumbai,Basic
C09294,Arjun Iyer,Hyderabad,Basic
C09295,Kavya Malhotra,Bangalore,Standard
C09296,Nisha Kapoor,Ahmedabad,Standard
C09297,Raj Malhotra,Delhi,Premium
C09298,Raj Iyer,Jaipur,Standard
C09299,Priya Verma,Bangalore,Basic
C09300,Aditya Kapoor,Jaipur,Standard
C09301,Neha Sharma,Lucknow,Premium
C09302,Rahul Kapoor,Delhi,Premium
C09303,Amit Sharma,Bangalore,Basic
C09304,Kavya Singh,Bangalore,Premium
C09305,Rohan Joshi,Chennai,Standard
C09306,Neha Sinha,Mumbai,Standard
C09307,Aditya Joshi,Ahmedabad,Basic
C09308,Vikram Kapoor,Ahmedabad,Premium
C09309,Nisha Das,Pune,Premium
C09310,Vikram Das,Lucknow,Basic
C09311,Arjun Gupta,Pune,Standard
C09312,Aditya Das,Pune,Standard
C09313,Nisha Mehta,Pune,Standard
C09314,Sneha Singh,Mumbai,Basic
C09315,Pooja Malhotra,Pune,Basic
C09316,Kavya Patel,Hyderabad,Standard
C09317,Nisha Singh,Mumbai,Premium
C09318,Pooja Malhotra,Kolkata,Premium
C09319,Priya Sinha,Chennai,Premium
C09320,Vikram Mehta,Kolkata,Premium
C09321,Nisha Kapoor,Lucknow,Premium
C09322,Aditya Khan,Bangalore,Premium
C09323,Pooja Gupta,Chennai,Premium
C09324,Pooja Malhotra,Mumbai,Standard
C09325,Rahul Verma,Chennai,Standard
C09326,Vikram Patel,Pune,Premium
C09327,Nisha Gupta,Kolkata,Standard
C09328,Nisha Joshi,Lucknow,Premium
C09329,Amit Sinha,Kolkata,Premium
C09330,Aditya Malhotra,Delhi,Premium
C09331,Amit Mehta,Bangalore,Standard
C09332,Rahul Sharma,Jaipur,Premium
C09333,Priya Mehta,Kolkata,Basic
C09334,Pooja Malhotra,Hyderabad,Basic
C09335,Rohan Mishra,Ahmedabad,Standard
C09336,Pooja Kapoor,Jaipur,Premium
C09337,Neha Verma,Chennai,Basic
C09338,Karan Malhotra,Hyderabad,Standard
C09339,Arjun Sinha,Delhi,Basic
C09340,Priya Gupta,Chennai,Basic
C09341,Sneha Kapoor,Lucknow,Premium
C09342,Kavya Singh,Pune,Premium
C09343,Raj Malhotra,Jaipur,Standard
C09344,Vikram Mehta,Chennai,Basic
C09345,Kavya Patel,Bangalore,Premium
C09346,Raj Patel,Delhi,Standard
C09347,Aditya Khan,Pune,Standard
C09348,Ankit Khan,Jaipur,Premium
C09349,Rohan Mehta,Jaipur,Standard
C09350,Rohan Mishra,Lucknow,Premium
C09351,Aditya Kapoor,Bangalore,Standard
C09352,Rahul Sharma,Mumbai,Basic
C09353,Raj Malhotra,Bangalore,Premium
C09354,Karan Mehta,Mumbai,Premium
C09355,Rohan Joshi,Pune,Premium
C09356,Ankit Gupta,Lucknow,Premium
C09357,Karan Iyer,Kolkata,Standard
C09358,Neha Mishra,Bangalore,Standard
C09359,Raj Gupta,Pune,Basic
C09360,Neha Malhotra,Mumbai,Basic
C09361,Aditya Malhotra,Hyderabad,Premium
C09362,Ankit Sinha,Pune,Basic
C09363,Raj Patel,Pune,Basic
C09364,Aditya Iyer,Hyderabad,Premium
C09365,Amit Sinha,Mumbai,Premium
C09366,Aditya Sharma,Lucknow,Premium
C09367,Karan Mishra,Lucknow,Basic
C09368,Neha Gupta,Jaipur,Standard
C09369,Karan Gupta,Mumbai,Standard
C09370,Kavya Mishra,Jaipur,Premium
C09371,Priya Reddy,Hyderabad,Standard
C09372,Aditya Singh,Delhi,Standard
C09373,Karan Sinha,Lucknow,Premium
C09374,Pooja Joshi,Mumbai,Basic
C09375,Aditya Patel,Mumbai,Standard
C09376,Aditya Patel,Ahmedabad,Standard
C09377,Sneha Gupta,Hyderabad,Standard
C09378,Sneha Khan,Jaipur,Basic
C09379,Rahul Reddy,Delhi,Premium
C09380,Priya Joshi,Pune,Basic
C09381,Amit Verma,Lucknow,Standard
C09382,Nisha Kapoor,Chennai,Standard
C09383,Kavya Sharma,Kolkata,Basic
C09384,Neha Gupta,Delhi,Premium
C09385,Ankit Joshi,Jaipur,Premium
C09386,Vikram Iyer,Hyderabad,Premium
C09387,Kavya Das,Pune,Standard
C09388,Raj Patel,Lucknow,Standard
C09389,Pooja Reddy,Chennai,Premium
C09390,Amit Reddy,Lucknow,Premium
C09391,Aditya Singh,Bangalore,Basic
C09392,Sneha Das,Hyderabad,Standard
C09393,Sneha Malhotra,Kolkata,Basic
C09394,Rahul Iyer,Delhi,Standard
C09395,Nisha Kapoor,Pune,Standard
C09396,Aditya Mishra,Delhi,Basic
C09397,Arjun Kapoor,Pune,Premium
C09398,Vikram Reddy,Jaipur,Premium
C09399,Sneha Sinha,Hyderabad,Standard
C09400,Karan Reddy,Kolkata,Premium
C09401,Amit Malhotra,Pune,Basic
C09402,Priya Kapoor,Pune,Premium
C09403,Pooja Khan,Bangalore,Standard
C09404,Sneha Mehta,Ahmedabad,Basic
C09405,Kavya Malhotra,Jaipur,Premium
C09406,Pooja Malhotra,Hyderabad,Standard
C09407,Vikram Mehta,Delhi,Standard
C09408,Kavya Verma,Bangalore,Premium
C09409,Karan Sinha,Lucknow,Basic
C09410,Raj Malhotra,Jaipur,Basic
C09411,Rahul Kapoor,Chennai,Basic
C09412,Pooja Patel,Kolkata,Basic
C09413,Karan Gupta,Bangalore,Standard
C09414,Ankit Das,Ahmedabad,Standard
C09415,Arjun Khan,Pune,Standard
C09416,Pooja Mishra,Ahmedabad,Standard
C09417,Rohan Sharma,Jaipur,Premium
C09418,Raj Reddy,Kolkata,Basic
C09419,Karan Sharma,Kolkata,Premium
C09420,Raj Gupta,Chennai,Premium
C09421,Nisha Kapoor,Delhi,Standard
C09422,Ankit Kapoor,Jaipur,Basic
C09423,Neha Das,Delhi,Premium
C09424,Pooja Mishra,Kolkata,Standard
C09425,Ankit Iyer,Delhi,Basic
C09426,Karan Kapoor,Delhi,Basic
C09427,Amit Mishra,Chennai,Basic
C09428,Sneha Sharma,Mumbai,Basic
C09429,Ankit Iyer,Mumbai,Premium
C09430,Aditya Das,Bangalore,Standard
C09431,Rohan Das,Bangalore,Basic
C09432,Arjun Reddy,Ahmedabad,Standard
C09433,Vikram Kapoor,Mumbai,Basic
C09434,Neha Joshi,Mumbai,Premium
C09435,Pooja Patel,Mumbai,Premium
C09436,Amit Malhotra,Bangalore,Standard
C09437,Vikram Sharma,Delhi,Basic
C09438,Karan Mehta,Mumbai,Standard
C09439,Rohan Khan,Lucknow,Premium
C09440,Sneha Joshi,Lucknow,Standard
C09441,Priya Khan,Bangalore,Premium
C09442,Kavya Patel,Pune,Basic
C09443,Neha Mishra,Delhi,Basic
C09444,Karan Sharma,Pune,Premium
C09445,Raj Sharma,Mumbai,Standard
C09446,Vikram Patel,Mumbai,Premium
C09447,Nisha Singh,Bangalore,Standard
C09448,Vikram Malhotra,Pune,Premium
C09449,Rohan Malhotra,Lucknow,Standard
C09450,Ankit Patel,Ahmedabad,Basic
C09451,Vikram Singh,Mumbai,Basic
C09452,Nisha Verma,Ahmedabad,Basic
C09453,Amit Iyer,Chennai,Standard
C09454,Sneha Joshi,Lucknow,Standard
C09455,Raj Mehta,Ahmedabad,Standard
C09456,Rahul Malhotra,Pune,Basic
C09457,Raj Kapoor,Hyderabad,Standard
C09458,Vikram Singh,Chennai,Standard
C09459,Neha Singh,Kolkata,Basic
C09460,Amit Singh,Pune,Basic
C09461,Sneha Sinha,Jaipur,Basic
C09462,Vikram Mishra,Pune,Standard
C09463,Raj Mishra,Jaipur,Premium
C09464,Vikram Malhotra,Chennai,Basic
C09465,Neha Iyer,Chennai,Basic
C09466,Aditya Mishra,Hyderabad,Basic
C09467,Raj Verma,Jaipur,Standard
C09468,Vikram Khan,Pune,Standard
C09469,Neha Mehta,Pune,Standard
C09470,Karan Verma,Hyderabad,Premium
C09471,Rahul Mishra,Ahmedabad,Standard
C09472,Ankit Reddy,Ahmedabad,Premium
C09473,Raj Reddy,Lucknow,Standard
C09474,Neha Khan,Pune,Basic
C09475,Karan Patel,Chennai,Standard
C09476,Neha Mishra,Pune,Basic
C09477,Aditya Verma,Jaipur,Premium
C09478,Ankit Sharma,Chennai,Standard
C09479,Nisha Sharma,Kolkata,Basic
C09480,Rahul Das,Bangalore,Basic
C09481,Rohan Mehta,Ahmedabad,Premium
C09482,Aditya Mishra,Mumbai,Premium
C09483,Arjun Patel,Chennai,Premium
C09484,Raj Iyer,Lucknow,Premium
C09485,Pooja Sharma,Ahmedabad,Standard
C09486,Neha Sinha,Ahmedabad,Premium
C09487,Kavya Das,Kolkata,Standard
C09488,Vikram Iyer,Kolkata,Basic
C09489,Vikram Joshi,Mumbai,Premium
C09490,Karan Sinha,Mumbai,Premium
C09491,Sneha Khan,Kolkata,Basic
C09492,Ankit Gupta,Kolkata,Premium
C09493,Vikram Khan,Mumbai,Standard
C09494,Ankit Sharma,Bangalore,Basic
C09495,Amit Singh,Hyderabad,Standard
C09496,Neha Sinha,Delhi,Premium
C09497,Raj Kapoor,Lucknow,Standard
C09498,Nisha Joshi,Hyderabad,Premium
C09499,Nisha Kapoor,Lucknow,Standard
C09500,Neha Gupta,Delhi,Premium
C09501,Priya Patel,Kolkata,Basic
C09502,Rahul Singh,Bangalore,Standard
C09503,Ankit Khan,Ahmedabad,Standard
C09504,Priya Reddy,Pune,Basic
C09505,Sneha Sinha,Bangalore,Basic
C09506,Ankit Gupta,Mumbai,Basic
C09507,Ankit Kapoor,Hyderabad,Basic
C09508,Neha Reddy,Kolkata,Standard
C09509,Rohan Verma,Delhi,Standard
C09510,Vikram Iyer,Pune,Premium
C09511,Nisha Das,Delhi,Basic
C09512,Neha Verma,Delhi,Premium
C09513,Arjun Joshi,Chennai,Standard
C09514,Kavya Verma,Kolkata,Basic
C09515,Neha Malhotra,Ahmedabad,Basic
C09516,Rahul Sinha,Pune,Premium
C09517,Arjun Khan,Jaipur,Premium
C09518,Sneha Kapoor,Hyderabad,Premium
C09519,Arjun Singh,Pune,Premium
C09520,Kavya Khan,Delhi,Basic
C09521,Ankit Mishra,Ahmedabad,Standard
C09522,Sneha Malhotra,Bangalore,Standard
C09523,Rohan Sinha,Delhi,Premium
C09524,Nisha Mehta,Mumbai,Basic
C09525,Rohan Reddy,Delhi,Basic
C09526,Nisha Joshi,Ahmedabad,Standard
C09527,Priya Sharma,Lucknow,Basic
C09528,Raj Sharma,Pune,Basic
C09529,Neha Gupta,Lucknow,Standard
C09530,Neha Sharma,Hyderabad,Basic
C09531,Pooja Verma,Delhi,Standard
C09532,Aditya Kapoor,Mumbai,Standard
C09533,Ankit Sharma,Kolkata,Basic
C09534,Pooja Mishra,Lucknow,Basic
C09535,Priya Sinha,Bangalore,Basic
C09536,Aditya Malhotra,Pune,Standard
C09537,Neha Joshi,Delhi,Premium
C09538,Nisha Patel,Chennai,Premium
C09539,Kavya Iyer,Jaipur,Basic
C09540,Karan Sharma,Chennai,Basic
C09541,Ankit Mishra,Delhi,Basic
C09542,Rohan Joshi,Bangalore,Premium
C09543,Priya Verma,Lucknow,Premium
C09544,Sneha Singh,Kolkata,Premium
C09545,Kavya Joshi,Bangalore,Basic
C09546,Priya Iyer,Hyderabad,Premium
C09547,Neha Singh,Bangalore,Standard
C09548,Ankit Iyer,Kolkata,Standard
C09549,Sneha Kapoor,Bangalore,Basic
C09550,Pooja Gupta,Delhi,Basic
C09551,Ankit Singh,Lucknow,Premium
C09552,Aditya Singh,Chennai,Premium
C09553,Raj Gupta,Jaipur,Basic
C09554,Neha Joshi,Chennai,Premium
C09555,Sneha Sinha,Lucknow,Standard
C09556,Neha Sinha,Delhi,Premium
C09557,Vikram Joshi,Bangalore,Basic
C09558,Pooja Kapoor,Ahmedabad,Premium
C09559,Vikram Joshi,Delhi,Standard
C09560,Rahul Mehta,Bangalore,Basic
C09561,Pooja Gupta,Ahmedabad,Basic
C09562,Priya Mehta,Kolkata,Premium
C09563,Raj Kapoor,Hyderabad,Premium
C09564,Karan Gupta,Pune,Premium
C09565,Vikram Das,Delhi,Basic
C09566,Rahul Malhotra,Jaipur,Standard
C09567,Neha Mishra,Lucknow,Premium
C09568,Priya Gupta,Lucknow,Basic
C09569,Neha Mehta,Lucknow,Premium
C09570,Nisha Verma,Ahmedabad,Premium
C09571,Vikram Kapoor,Pune,Standard
C09572,Amit Iyer,Mumbai,Standard
C09573,Priya Das,Jaipur,Basic
C09574,Arjun Kapoor,Mumbai,Standard
C09575,Vikram Singh,Kolkata,Basic
C09576,Aditya Das,Delhi,Standard
C09577,Kavya Patel,Mumbai,Standard
C09578,Rohan Verma,Mumbai,Premium
C09579,Nisha Khan,Mumbai,Premium
C09580,Nisha Joshi,Pune,Basic
C09581,Nisha Reddy,Hyderabad,Basic
C09582,Arjun Reddy,Lucknow,Premium
C09583,Raj Patel,Chennai,Basic
C09584,Ankit Sinha,Mumbai,Premium
C09585,Pooja Verma,Jaipur,Standard
C09586,Arjun Iyer,Pune,Premium
C09587,Neha Joshi,Mumbai,Standard
C09588,Rahul Das,Hyderabad,Standard
C09589,Sneha Joshi,Ahmedabad,Basic
C09590,Ankit Singh,Delhi,Basic
C09591,Aditya Malhotra,Bangalore,Premium
C09592,Nisha Mehta,Jaipur,Basic
C09593,Amit Sharma,Delhi,Premium
C09594,Kavya Reddy,Bangalore,Standard
C09595,Priya Gupta,Mumbai,Standard
C09596,Amit Patel,Hyderabad,Standard
C09597,Sneha Sharma,Delhi,Basic
C09598,Rohan Khan,Bangalore,Premium
C09599,Amit Patel,Jaipur,Basic
C09600,Karan Khan,Kolkata,Premium
C09601,Priya Sharma,Jaipur,Basic
C09602,Neha Joshi,Delhi,Basic
C09603,Sneha Reddy,Delhi,Basic
C09604,Nisha Joshi,Pune,Premium
C09605,Sneha Mishra,Mumbai,Premium
C09606,Karan Das,Delhi,Basic
C09607,Aditya Kapoor,Hyderabad,Basic
C09608,Sneha Das,Mumbai,Standard
C09609,Aditya Reddy,Lucknow,Basic
C09610,Rohan Joshi,Ahmedabad,Standard
C09611,Arjun Khan,Mumbai,Premium
C09612,Rahul Verma,Bangalore,Premium
C09613,Rohan Malhotra,Delhi,Premium
C09614,Arjun Sinha,Mumbai,Standard
C09615,Amit Mehta,Hyderabad,Standard
C09616,Karan Verma,Mumbai,Basic
C09617,Vikram Reddy,Lucknow,Standard
C09618,Amit Khan,Hyderabad,Standard
C09619,Rahul Reddy,Kolkata,Premium
C09620,Nisha Gupta,Lucknow,Premium
C09621,Pooja Singh,Chennai,Standard
C09622,Rohan Sinha,Kolkata,Standard
C09623,Pooja Kapoor,Bangalore,Basic
C09624,Sneha Verma,Kolkata,Standard
C09625,Kavya Gupta,Lucknow,Premium
C09626,Arjun Mehta,Ahmedabad,Premium
C09627,Neha Kapoor,Ahmedabad,Basic
C09628,Vikram Iyer,Delhi,Basic
C09629,Nisha Joshi,Jaipur,Basic
C09630,Sneha Iyer,Bangalore,Standard
C09631,Neha Das,Kolkata,Standard
C09632,Amit Khan,Pune,Standard
C09633,Raj Iyer,Ahmedabad,Basic
C09634,Neha Sharma,Kolkata,Standard
C09635,Arjun Patel,Ahmedabad,Premium
C09636,Neha Reddy,Jaipur,Standard
C09637,Aditya Singh,Mumbai,Premium
C09638,Aditya Khan,Hyderabad,Basic
C09639,Vikram Sinha,Chennai,Basic
C09640,Sneha Gupta,Chennai,Standard
C09641,Nisha Mehta,Pune,Premium
C09642,Arjun Mehta,Hyderabad,Basic
C09643,Neha Sharma,Chennai,Basic
C09644,Amit Gupta,Ahmedabad,Standard
C09645,Nisha Gupta,Chennai,Premium
C09646,Vikram Joshi,Delhi,Standard
C09647,Priya Singh,Jaipur,Premium
C09648,Amit Das,Pune,Basic
C09649,Aditya Mehta,Hyderabad,Standard
C09650,Rohan Kapoor,Mumbai,Standard
C09651,Sneha Verma,Pune,Basic
C09652,Pooja Mehta,Lucknow,Basic
C09653,Raj Kapoor,Mumbai,Premium
C09654,Sneha Reddy,Jaipur,Premium
C09655,Rahul Sharma,Chennai,
C09656,Neha Kapoor,Lucknow,Basic
C09657,Neha Mehta,Hyderabad,Basic
C09658,Kavya Gupta,Kolkata,Basic
C09659,Priya Malhotra,Bangalore,Basic
C09660,Pooja Gupta,Bangalore,Standard
C09661,Raj Sharma,Pune,Standard
C09662,Pooja Patel,Chennai,Premium
C09663,Rahul Sinha,Chennai,Premium
C09664,Sneha Malhotra,Bangalore,Basic
C09665,Amit Gupta,Jaipur,Standard
C09666,Priya Khan,Jaipur,Premium
C09667,Rohan Kapoor,Delhi,Basic
C09668,Neha Sharma,Delhi,Basic
C09669,Amit Kapoor,Lucknow,Standard
C09670,Vikram Sharma,Ahmedabad,Standard
C09671,Vikram Kapoor,Jaipur,Basic
C09672,Aditya Iyer,Jaipur,Basic
C09673,Rohan Mishra,Lucknow,Standard
C09674,Raj Singh,Lucknow,Basic
C09675,Arjun Das,,Premium
C09676,Ankit Khan,Bangalore,Premium
C09677,Arjun Gupta,Delhi,Standard
C09678,Karan Mishra,Pune,Standard
C09679,Sneha Verma,Jaipur,Basic
C09680,Amit Reddy,Lucknow,Basic
C09681,Vikram Gupta,Mumbai,Standard
C09682,Amit Kapoor,Hyderabad,Basic
C09683,Nisha Joshi,Kolkata,Standard
C09684,Kavya Patel,Delhi,Standard
C09685,Neha Mishra,Delhi,Premium
C09686,Pooja Kapoor,Kolkata,Standard
C09687,Arjun Mishra,Bangalore,Basic
C09688,Kavya Iyer,Pune,Premium
C09689,Sneha Das,Chennai,Basic
C09690,Sneha Patel,Ahmedabad,Basic
C09691,Karan Gupta,Delhi,Basic
C09692,Kavya Sinha,Hyderabad,Basic
C09693,Kavya Malhotra,Lucknow,Basic
C09694,Pooja Sinha,Lucknow,Premium
C09695,Sneha Reddy,Bangalore,Basic
C09696,Rahul Gupta,Hyderabad,Basic
C09697,Kavya Sharma,Ahmedabad,Premium
C09698,Sneha Kapoor,Kolkata,Premium
C09699,Nisha Joshi,Bangalore,Premium
C09700,Sneha Patel,Hyderabad,Standard
C09701,Raj Gupta,Hyderabad,Premium
C09702,Arjun Das,Jaipur,Standard
C09703,Rohan Das,Mumbai,Premium
C09704,Rohan Malhotra,Lucknow,Premium
C09705,Neha Kapoor,Bangalore,Basic
C09706,Ankit Malhotra,Chennai,Standard
C09707,Karan Iyer,Kolkata,Basic
C09708,Neha Verma,Pune,Premium
C09709,Vikram Das,Lucknow,Basic
C09710,Nisha Mishra,Delhi,Premium
C09711,Arjun Mishra,Chennai,Basic
C09712,Neha Das,Bangalore,Premium
C09713,Raj Verma,Kolkata,Premium
C09714,Arjun Iyer,Chennai,Premium
C09715,Kavya Das,Bangalore,Standard
C09716,Karan Sinha,Delhi,Basic
C09717,Aditya Mishra,Chennai,Standard
C09718,Kavya Mehta,Bangalore,Premium
C09719,Kavya Malhotra,Bangalore,Basic
C09720,Neha Mehta,Mumbai,Premium
C09721,Aditya Reddy,Pune,Premium
C09722,Pooja Das,Chennai,Standard
C09723,Rohan Gupta,Hyderabad,Basic
C09724,Nisha Reddy,Chennai,Standard
C09725,Neha Gupta,Kolkata,Standard
C09726,Neha Iyer,Mumbai,Basic
C09727,Neha Sharma,Ahmedabad,Basic
C09728,Sneha Reddy,Kolkata,Basic
C09729,Rahul Joshi,Lucknow,Standard
C09730,Aditya Joshi,Chennai,Standard
C09731,Raj Iyer,Lucknow,Basic
C09732,Arjun Khan,Chennai,Basic
C09733,Rahul Reddy,Lucknow,Basic
C09734,Kavya Khan,Delhi,Standard
C09735,Arjun Joshi,Hyderabad,Standard
C09736,Vikram Iyer,Delhi,Standard
C09737,Sneha Reddy,Delhi,Premium
C09738,Raj Patel,Hyderabad,Basic
C09739,Arjun Patel,Pune,Standard
C09740,Rahul Kapoor,Bangalore,Premium
C09741,Arjun Joshi,Hyderabad,Basic
C09742,Rohan Sharma,Bangalore,Standard
C09743,Priya Joshi,Bangalore,Basic
C09744,Priya Malhotra,Chennai,Premium
C09745,Aditya Das,Jaipur,Basic
C09746,Neha Iyer,Mumbai,Standard
C09747,Vikram Sinha,Hyderabad,Premium
C09748,Aditya Patel,Pune,Standard
C09749,Rohan Sinha,Mumbai,Premium
C09750,Raj Reddy,Delhi,Basic
C09751,Nisha Singh,Chennai,Standard
C09752,Priya Singh,Jaipur,Standard
C09753,Priya Joshi,Mumbai,Premium
C09754,Aditya Singh,Hyderabad,Standard
C09755,Rahul Malhotra,Lucknow,Standard
C09756,Arjun Mehta,Kolkata,Basic
C09757,Raj Gupta,Delhi,Basic
C09758,Aditya Reddy,Pune,Basic
C09759,Amit Verma,Pune,Standard
C09760,Rahul Das,Lucknow,Standard
C09761,Amit Singh,Ahmedabad,Standard
C09762,Neha Das,Jaipur,Basic
C09763,Aditya Gupta,Hyderabad,Standard
C09764,Rahul Verma,Chennai,Basic
C09765,Priya Singh,Kolkata,Premium
C09766,Vikram Joshi,Lucknow,Premium
C09767,Karan Sinha,Bangalore,Standard
C09768,Kavya Gupta,Delhi,Premium
C09769,Vikram Patel,Kolkata,Standard
C09770,Ankit Das,Chennai,Premium
C09771,Aditya Das,Lucknow,Premium
C09772,Rahul Joshi,Bangalore,Premium
C09773,Arjun Mehta,Pune,Standard
C09774,Pooja Joshi,Pune,Basic
C09775,Priya Iyer,Bangalore,Basic
C09776,Ankit Patel,Hyderabad,Basic
C09777,Sneha Gupta,Lucknow,Standard
C09778,Amit Mishra,Delhi,Basic
C09779,Kavya Reddy,Hyderabad,Basic
C09780,Vikram Sharma,Lucknow,Premium
C09781,Nisha Iyer,Chennai,Premium
C09782,Rohan Joshi,Bangalore,Standard
C09783,Rahul Mehta,Pune,Basic
C09784,Priya Reddy,Hyderabad,Standard
C09785,Sneha Patel,Hyderabad,Standard
C09786,Vikram Reddy,Jaipur,Basic
C09787,Neha Patel,Chennai,Premium
C09788,Arjun Verma,Delhi,Basic
C09789,Karan Mehta,Pune,Basic
C09790,Rohan Malhotra,Mumbai,Basic
C09791,Sneha Iyer,Kolkata,Standard
C09792,Priya Singh,Hyderabad,Basic
C09793,Karan Khan,Pune,Basic
C09794,Priya Reddy,Kolkata,Standard
C09795,Rahul Kapoor,Chennai,Premium
C09796,Ankit Mishra,Mumbai,Basic
C09797,Kavya Verma,Bangalore,Basic
C09798,Vikram Sinha,Jaipur,Basic
C09799,Ankit Das,Chennai,Standard
C09800,Kavya Joshi,Mumbai,Premium
C09801,Pooja Mehta,Lucknow,Standard
C09802,Rohan Verma,Hyderabad,Standard
C09803,Pooja Gupta,Ahmedabad,Standard
C09804,Ankit Sharma,Chennai,Standard
C09805,Amit Iyer,Jaipur,Basic
C09806,Neha Sharma,Mumbai,Basic
C09807,Nisha Das,Kolkata,Standard
C09808,Priya Reddy,Jaipur,Standard
C09809,Neha Sinha,Chennai,Standard
C09810,Aditya Malhotra,Lucknow,Basic
C09811,Sneha Joshi,Pune,Basic
C09812,Sneha Mehta,Ahmedabad,Basic
C09813,Karan Das,Lucknow,Standard
C09814,Arjun Sharma,Pune,Basic
C09815,Amit Kapoor,Mumbai,Standard
C09816,Pooja Sharma,Delhi,Standard
C09817,Pooja Kapoor,Delhi,Premium
C09818,Rahul Iyer,Hyderabad,Basic
C09819,Rohan Iyer,Ahmedabad,Premium
C09820,Ankit Mehta,Ahmedabad,Standard
C09821,Sneha Mehta,Kolkata,Premium
C09822,Vikram Verma,Delhi,Basic
C09823,Aditya Reddy,Pune,Premium
C09824,Vikram Gupta,Pune,Standard
C09825,Vikram Singh,Chennai,Basic
C09826,Raj Malhotra,Bangalore,Premium
C09827,Rohan Malhotra,Hyderabad,Standard
C09828,Pooja Sinha,Pune,Basic
C09829,Karan Verma,Mumbai,Standard
C09830,Ankit Iyer,Mumbai,Basic
C09831,Ankit Iyer,Pune,Standard
C09832,Kavya Malhotra,Lucknow,Premium
C09833,Arjun Verma,Chennai,Premium
C09834,Priya Mishra,Chennai,Premium
C09835,Nisha Reddy,Pune,Premium
C09836,Arjun Mishra,Jaipur,Basic
C09837,Priya Sinha,Kolkata,Standard
C09838,Amit Singh,Mumbai,Premium
C09839,Ankit Sharma,Hyderabad,Basic
C09840,Ankit Mishra,Ahmedabad,Standard
C09841,Aditya Khan,Pune,Standard
C09842,Karan Iyer,Delhi,Basic
C09843,Sneha Iyer,Hyderabad,Basic
C09844,Vikram Singh,Lucknow,Premium
C09845,Nisha Malhotra,Pune,Basic
C09846,Kavya Sharma,Pune,Premium
C09847,Ankit Reddy,Kolkata,Premium
C09848,Rahul Malhotra,Delhi,Premium
C09849,Nisha Gupta,Bangalore,Standard
C09850,Karan Das,Pune,Basic
C09851,Ankit Gupta,Lucknow,Basic
C09852,Neha Sharma,Chennai,Basic
C09853,Raj Reddy,Kolkata,Premium
C09854,Raj Mishra,Ahmedabad,Standard
C09855,Ankit Reddy,Pune,Standard
C09856,Rahul Sinha,Hyderabad,Standard
C09857,Ankit Mehta,Bangalore,Premium
C09858,Neha Malhotra,Pune,Premium
C09859,Rohan Singh,Chennai,Premium
C09860,Vikram Das,Chennai,Standard
C09861,Karan Iyer,Lucknow,Standard
C09862,Aditya Malhotra,Hyderabad,Premium
C09863,Amit Reddy,Delhi,Basic
C09864,Priya Patel,,Standard
C09865,Arjun Joshi,Pune,Premium
C09866,Arjun Malhotra,Mumbai,Standard
C09867,Raj Patel,Delhi,Standard
C09868,Rohan Singh,Kolkata,Standard
C09869,Arjun Sinha,Pune,Premium
C09870,Vikram Mehta,Bangalore,Standard
C09871,Neha Mehta,Ahmedabad,Basic
C09872,Ankit Malhotra,Mumbai,Basic
C09873,Pooja Sinha,Jaipur,Basic
C09874,Arjun Mishra,Ahmedabad,Standard
C09875,Nisha Kapoor,Kolkata,Basic
C09876,Rohan Joshi,Chennai,Basic
C09877,Neha Singh,Jaipur,Basic
C09878,Ankit Khan,Lucknow,Standard
C09879,Kavya Patel,Ahmedabad,Basic
C09880,Arjun Iyer,Chennai,Premium
C09881,Nisha Iyer,Hyderabad,Standard
C09882,Sneha Kapoor,Pune,Basic
C09883,Arjun Singh,Mumbai,Standard
C09884,Kavya Khan,Mumbai,Standard
C09885,Sneha Kapoor,Kolkata,Premium
C09886,Rohan Das,Ahmedabad,Standard
C09887,Neha Singh,Delhi,Premium
C09888,Ankit Iyer,Ahmedabad,Premium
C09889,Vikram Iyer,Hyderabad,Premium
C09890,Pooja Das,Mumbai,Premium
C09891,Vikram Malhotra,Mumbai,Basic
C09892,Kavya Singh,Mumbai,Standard
C09893,Ankit Mehta,Kolkata,Basic
C09894,Karan Khan,Hyderabad,Basic
C09895,Rohan Malhotra,Chennai,Standard
C09896,Neha Reddy,Kolkata,Basic
C09897,Vikram Mehta,Kolkata,Premium
C09898,Ankit Khan,Hyderabad,Basic
C09899,Priya Mehta,Pune,Premium
C09900,Vikram Joshi,Mumbai,Premium
C09901,Rohan Kapoor,Mumbai,Basic
C09902,Aditya Gupta,Delhi,Premium
C09903,Aditya Patel,Chennai,Basic
C09904,Nisha Joshi,Kolkata,Standard
C09905,Amit Gupta,Lucknow,Basic
C09906,Nisha Das,Jaipur,Basic
C09907,Pooja Malhotra,Pune,Standard
C09908,Amit Gupta,Jaipur,Premium
C09909,Vikram Sinha,Kolkata,Basic
C09910,Neha Malhotra,Ahmedabad,Standard
C09911,Sneha Mehta,Delhi,Standard
C09912,Aditya Singh,Ahmedabad,Standard
C09913,Sneha Sinha,Delhi,Basic
C09914,Vikram Iyer,Pune,Basic
C09915,Arjun Joshi,Mumbai,Standard
C09916,Aditya Kapoor,Lucknow,Standard
C09917,Sneha Joshi,Pune,Basic
C09918,Raj Khan,Lucknow,Premium
C09919,Aditya Verma,Bangalore,Standard
C09920,Sneha Verma,Lucknow,Basic
C09921,Ankit Sharma,Jaipur,Basic
C09922,Pooja Gupta,Chennai,Basic
C09923,Priya Malhotra,Hyderabad,Basic
C09924,Neha Sharma,Bangalore,Basic
C09925,Aditya Khan,Ahmedabad,Standard
C09926,Raj Singh,Mumbai,Standard
C09927,Rohan Mishra,Ahmedabad,Basic
C09928,Neha Das,Jaipur,Standard
C09929,Priya Sinha,Bangalore,Premium
C09930,Rohan Sharma,Kolkata,Premium
C09931,Neha Sinha,Delhi,Basic
C09932,Sneha Mehta,Mumbai,Standard
C09933,Arjun Singh,Ahmedabad,Premium
C09934,Neha Reddy,Lucknow,Premium
C09935,Rohan Kapoor,Jaipur,Standard
C09936,Priya Singh,Ahmedabad,Standard
C09937,Kavya Singh,Bangalore,Premium
C09938,Neha Verma,Lucknow,Standard
C09939,Rohan Gupta,Mumbai,Basic
C09940,Kavya Joshi,Bangalore,Basic
C09941,Neha Iyer,Jaipur,Standard
C09942,Vikram Patel,Kolkata,Premium
C09943,Karan Sinha,Pune,Standard
C09944,Rohan Sinha,Ahmedabad,Standard
C09945,Rohan Gupta,Hyderabad,Premium
C09946,Neha Sinha,Kolkata,Premium
C09947,Karan Joshi,Hyderabad,Premium
C09948,Priya Verma,Jaipur,Standard
C09949,Neha Singh,Pune,Standard
C09950,Karan Mishra,Delhi,Standard
C09951,Neha Das,Jaipur,Basic
C09952,Ankit Joshi,Bangalore,Basic
C09953,Amit Kapoor,Jaipur,Basic
C09954,Ankit Verma,Lucknow,Basic
C09955,Rahul Iyer,Lucknow,Basic
C09956,Rohan Malhotra,Delhi,Premium
C09957,Karan Mehta,Kolkata,Standard
C09958,Nisha Reddy,Delhi,Standard
C09959,Arjun Verma,Lucknow,Premium
C09960,Neha Reddy,Hyderabad,Premium
C09961,Pooja Patel,Chennai,Basic
C09962,Nisha Das,Delhi,Basic
C09963,Raj Malhotra,Mumbai,Basic
C09964,Rahul Patel,Jaipur,Premium
C09965,Kavya Singh,Pune,Premium
C09966,Rohan Khan,Lucknow,Premium
C09967,Rohan Sinha,Bangalore,Premium
C09968,Aditya Das,Kolkata,Basic
C09969,Arjun Malhotra,Hyderabad,Premium
C09970,Kavya Das,Delhi,Premium
C09971,Amit Reddy,Kolkata,Premium
C09972,Arjun Sinha,Hyderabad,Standard
C09973,Amit Gupta,Chennai,Basic
C09974,Sneha Gupta,Hyderabad,Premium
C09975,Amit Verma,Kolkata,Standard
C09976,Neha Mishra,Mumbai,Premium
C09977,Ankit Patel,Mumbai,Premium
C09978,Rahul Iyer,Chennai,Standard
C09979,Rahul Kapoor,Ahmedabad,Basic
C09980,Amit Joshi,Delhi,Premium
C09981,Pooja Sinha,Pune,Standard
C09982,Pooja Reddy,Chennai,Basic
C09983,Nisha Verma,Kolkata,Standard
C09984,Sneha Malhotra,Pune,Premium
C09985,Aditya Iyer,Chennai,Standard
C09986,Raj Singh,Delhi,Basic
C09987,Aditya Khan,Lucknow,Basic
C09988,Amit Khan,Pune,Basic
C09989,Kavya Sinha,Lucknow,Standard
C09990,Ankit Khan,Mumbai,Standard
C09991,Rohan Joshi,Delhi,Basic
C09992,Raj Malhotra,Delhi,Premium
C09993,Sneha Gupta,Pune,Basic
C09994,Sneha Malhotra,Lucknow,Premium
C09995,Rahul Sharma,Jaipur,Basic
C09996,Priya Khan,Chennai,Premium
C09997,Nisha Malhotra,Delhi,Standard
C09998,Karan Khan,Pune,Basic
C09999,Raj Khan,Bangalore,Basic
C10000,Amit Joshi,Ahmedabad,Standard
C05636,Neha Das UPDATED,Delhi,Premium
C09892,Kavya Singh UPDATED,Mumbai,Premium
C04334,Vikram Reddy UPDATED,Kolkata,Basic
C00712,Vikram Patel UPDATED,Chennai,Premium
C07528,Vikram Mehta UPDATED,Jaipur,Premium
C08786,Vikram Kapoor UPDATED,Pune,Premium
C02046,Priya Malhotra UPDATED,Kolkata,Premium
C06202,Nisha Mishra UPDATED,Mumbai,Basic
C01292,Nisha Sinha UPDATED,Kolkata,Premium
C09045,Vikram Malhotra UPDATED,Mumbai,Premium
